booking_id,passenger_id,flight_id,booking_date,status,seat_number,airline,source,destination,departure_time,arrival_time,duration,calculated_duration,duration_minutes,first_name,last_name,age,gender,date_of_birth,payment_id,amount,payment_method,route,booking_month,flight_date
B1000,P1591,AI192,2025-06-14 11:37:36.951,CANCELLED,3D,Air India,MAA,BOM,2026-04-20 23:05:41.703,2026-04-21 04:04:41.703,17940000000000,17940000000000,299,Krishna,Mehta,4,M,2022-05-23,Unknown,8105,Unknown,MAA - BOM,2025-06,2026-04-20
B1001,P1803,6F026,2025-11-02 11:37:36.951,CANCELLED,18A,IndiGo,BOM,CCU,2026-04-20 22:46:42.000,2026-04-21 03:13:42.000,16020000000000,16020000000000,267,Krishna,Singh,82,F,1944-01-03,Unknown,8105,Unknown,BOM - CCU,2025-11,2026-04-20
B1002,P1083,SJ010,2025-08-25 11:37:36.951,CANCELLED,30C,SpiceJet,CCU,MAA,2026-04-20 23:38:41.701,2026-04-21 02:32:41.701,10440000000000,10440000000000,174,Arjun,Banerjee,62,F,1964-02-24,PAY1305,6087,UPI,CCU - MAA,2025-08,2026-04-20
B1002,P1083,SJ010,2025-08-25 11:37:36.951,CANCELLED,30C,SpiceJet,CCU,MAA,2026-04-20 23:38:41.701,2026-04-21 02:32:41.701,10440000000000,10440000000000,174,Arjun,Banerjee,62,F,1964-02-24,PAY1912,2506,NETBANKING,CCU - MAA,2025-08,2026-04-20
B1003,P1364,AI069,2025-12-30 11:37:36.951,CONFIRMED,33A,UNKNOWN,DEL,BOM,2026-04-20 22:43:41.702,2026-04-21 02:29:41.702,13560000000000,13560000000000,226,Aarav,Ghosh,60,M,1966-12-21,Unknown,8105,Unknown,DEL - BOM,2025-12,2026-04-20
B1004,P1885,UK003,2025-10-02 11:37:36.951,PENDING,25C,UNKNOWN,HYD,DEL,2026-04-20 21:41:41.700,2026-04-21 02:19:41.700,16680000000000,16680000000000,278,Ira,Chatterjee,33,F,1993-03-28,PAY1738,12222,UPI,HYD - DEL,2025-10,2026-04-20
B1005,P1548,AI048,2025-08-31 11:37:36.951,CONFIRMED,13D,Air India,CCU,DEL,2026-04-20 22:23:41.701,2026-04-21 02:15:41.701,13920000000000,13920000000000,232,Saanvi,Nair,52,F,1974-11-20,PAY1122,13379,UPI,CCU - DEL,2025-08,2026-04-20
B1006,P1341,AI140,2025-06-29 11:37:36.951,CANCELLED,17F,Air India,BOM,DEL,2026-04-20 22:25:41.702,2026-04-21 02:08:41.702,13380000000000,13380000000000,223,Riya,Das,58,M,1968-03-25,PAY1206,14980,NETBANKING,BOM - DEL,2025-06,2026-04-20
B1007,P1838,UK167,2026-03-12 11:37:36.951,CONFIRMED,22E,Vistara,DEL,MAA,2026-04-20 22:45:41.703,2026-04-21 01:46:41.703,10860000000000,10860000000000,181,Ishaan,Kulkarni,87,M,1939-08-21,Unknown,8105,Unknown,DEL - MAA,2026-03,2026-04-20
B1008,P1406,AI245,2025-09-07 11:37:36.951,PENDING,34F,Air India,BOM,CCU,2026-04-20 23:07:41.704,2026-04-21 01:43:41.704,9360000000000,9360000000000,156,Kavya,Verma,40,F,1986-04-23,Unknown,8105,Unknown,BOM - CCU,2025-09,2026-04-20
B1009,P1424,SJ158,2025-04-28 11:37:36.951,CANCELLED,33C,SpiceJet,DEL,HYD,2026-04-20 23:05:41.703,2026-04-21 01:24:41.703,8340000000000,8340000000000,139,Ananya,Nair,34,M,1992-10-11,Unknown,8105,Unknown,DEL - HYD,2025-04,2026-04-20
B1010,P1743,AI155,2025-11-24 11:37:36.951,CONFIRMED,15B,Air India,BOM,CCU,2026-04-20 23:35:41.703,2026-04-21 01:23:41.703,6480000000000,6480000000000,108,Saanvi,Mishra,79,F,1947-05-12,PAY1534,8105,NETBANKING,BOM - CCU,2025-11,2026-04-20
B1011,P1092,AI179,2025-10-25 11:37:36.951,CONFIRMED,22C,Air India,HYD,BOM,2026-04-20 20:41:41.703,2026-04-21 01:19:41.703,16680000000000,16680000000000,278,Reyansh,Verma,60,F,1966-01-02,PAY1537,2115,CARD,HYD - BOM,2025-10,2026-04-20
B1012,P1847,AI137,2025-08-15 11:37:36.951,PENDING,28B,Air India,BOM,DEL,2026-04-20 22:49:41.702,2026-04-21 01:17:41.702,8880000000000,8880000000000,148,Ananya,Agarwal,3,F,2023-04-11,PAY1033,8105,CARD,BOM - DEL,2025-08,2026-04-20
B1012,P1847,AI137,2025-08-15 11:37:36.951,PENDING,28B,Air India,BOM,DEL,2026-04-20 22:49:41.702,2026-04-21 01:17:41.702,8880000000000,8880000000000,148,Ananya,Agarwal,3,F,2023-04-11,PAY1050,4075,CARD,BOM - DEL,2025-08,2026-04-20
B1012,P1847,AI137,2025-08-15 11:37:36.951,PENDING,28B,Air India,BOM,DEL,2026-04-20 22:49:41.702,2026-04-21 01:17:41.702,8880000000000,8880000000000,148,Ananya,Agarwal,3,F,2023-04-11,PAY1274,12648,CARD,BOM - DEL,2025-08,2026-04-20
B1012,P1847,AI137,2025-08-15 11:37:36.951,PENDING,28B,Air India,BOM,DEL,2026-04-20 22:49:41.702,2026-04-21 01:17:41.702,8880000000000,8880000000000,148,Ananya,Agarwal,3,F,2023-04-11,PAY1407,6980,CARD,BOM - DEL,2025-08,2026-04-20
B1013,P1613,SJ001,2025-07-20 11:37:36.951,CONFIRMED,26E,SpiceJet,BOM,MAA,2026-04-20 20:28:41.700,2026-04-21 01:15:41.700,17220000000000,17220000000000,287,Arjun,Singh,62,F,1964-03-28,PAY1185,1176,UPI,BOM - MAA,2025-07,2026-04-20
B1014,P1411,SJ172,2025-09-15 11:37:36.951,PENDING,21E,SpiceJet,CCU,DEL,2026-04-20 21:58:41.703,2026-04-21 01:14:41.703,11760000000000,11760000000000,196,Vivaan,Gupta,19,F,2007-01-04,Unknown,8105,Unknown,CCU - DEL,2025-09,2026-04-20
B1015,P1431,UK094,2025-10-21 11:37:36.951,Unknown,6F,Vistara,BOM,CCU,2026-04-20 23:26:41.702,2026-04-21 01:11:41.702,6300000000000,6300000000000,105,Ishaan,Patel,63,F,1963-06-13,PAY1339,12008,CARD,BOM - CCU,2025-10,2026-04-20
B1015,P1431,UK094,2025-10-21 11:37:36.951,Unknown,6F,Vistara,BOM,CCU,2026-04-20 23:26:41.702,2026-04-21 01:11:41.702,6300000000000,6300000000000,105,Ishaan,Patel,63,F,1963-06-13,PAY1694,7602,CARD,BOM - CCU,2025-10,2026-04-20
B1016,P1677,UK027,2026-01-13 11:37:36.951,CANCELLED,6A,Vistara,BOM,CCU,2026-04-20 22:44:41.701,2026-04-21 01:05:41.701,8460000000000,8460000000000,141,Diya,Naidu,69,F,1957-12-20,PAY1577,14077,CARD,BOM - CCU,2026-01,2026-04-20
B1016,P1677,UK027,2026-01-13 11:37:36.951,CANCELLED,6A,Vistara,BOM,CCU,2026-04-20 22:44:41.701,2026-04-21 01:05:41.701,8460000000000,8460000000000,141,Diya,Naidu,69,F,1957-12-20,PAY1824,9724,NETBANKING,BOM - CCU,2026-01,2026-04-20
B1017,P1158,UK067,2026-04-04 11:37:36.951,CONFIRMED,13B,Vistara,BOM,CCU,2026-04-20 21:36:41.701,2026-04-21 01:02:41.701,12360000000000,12360000000000,206,Muhammad,Joshi,42,M,1984-10-10,Unknown,8105,Unknown,BOM - CCU,2026-04,2026-04-20
B1018,P1013,6F196,2026-03-25 11:37:36.951,CANCELLED,19B,IndiGo,CCU,MAA,2026-04-20 23:04:41.703,2026-04-21 00:47:41.703,6180000000000,6180000000000,103,Sara,Iyer,53,M,1973-01-13,PAY1141,2589,UPI,CCU - MAA,2026-03,2026-04-20
B1019,P1372,6F164,2025-07-31 11:37:36.951,CANCELLED,19A,IndiGo,BLR,BOM,2026-04-20 22:18:41.703,2026-04-21 00:45:41.703,8820000000000,8820000000000,147,Arjun,Nair,16,M,2010-09-25,PAY1162,14810,UPI,BLR - BOM,2025-07,2026-04-20
B1019,P1372,6F164,2025-07-31 11:37:36.951,CANCELLED,19A,IndiGo,BLR,BOM,2026-04-20 22:18:41.703,2026-04-21 00:45:41.703,8820000000000,8820000000000,147,Arjun,Nair,16,M,2010-09-25,PAY1184,8105,UPI,BLR - BOM,2025-07,2026-04-20
B1019,P1372,6F164,2025-07-31 11:37:36.951,CANCELLED,19A,IndiGo,BLR,BOM,2026-04-20 22:18:41.703,2026-04-21 00:45:41.703,8820000000000,8820000000000,147,Arjun,Nair,16,M,2010-09-25,PAY1911,3811,CARD,BLR - BOM,2025-07,2026-04-20
B1020,P1224,SJ112,2025-12-06 11:37:36.951,CONFIRMED,27B,SpiceJet,HYD,DEL,2026-04-20 22:20:41.702,2026-04-21 00:40:41.702,8400000000000,8400000000000,140,Aadhya,Ghosh,16,M,2010-07-04,PAY1367,8150,NETBANKING,HYD - DEL,2025-12,2026-04-20
B1021,P1504,6F190,2025-12-07 11:37:36.951,CANCELLED,4E,IndiGo,DEL,MAA,2026-04-20 20:02:41.703,2026-04-21 00:36:41.703,16440000000000,16440000000000,274,Riya,Ghosh,36,M,1990-11-22,PAY1455,6950,UPI,DEL - MAA,2025-12,2026-04-20
B1022,P1072,AI080,2026-03-25 11:37:36.951,CONFIRMED,16F,Air India,BOM,HYD,2026-04-20 23:03:41.702,2026-04-21 00:35:41.702,5520000000000,5520000000000,92,Krishna,Banerjee,18,M,2008-02-22,Unknown,8105,Unknown,BOM - HYD,2026-03,2026-04-20
B1023,P1248,6F213,2026-02-03 11:37:36.951,PENDING,24B,IndiGo,BLR,BOM,2026-04-20 21:05:41.703,2026-04-21 00:32:41.703,12420000000000,12420000000000,207,Saanvi,Gupta,23,M,2003-03-04,PAY1905,13057,CARD,BLR - BOM,2026-02,2026-04-20
B1024,P1510,AI115,2025-06-21 11:37:36.951,PENDING,30F,Air India,MAA,BLR,2026-04-20 19:37:41.702,2026-04-21 00:26:41.702,17340000000000,17340000000000,289,Diya,Chatterjee,24,M,2002-12-19,PAY1415,4858,UPI,MAA - BLR,2025-06,2026-04-20
B1025,P1602,SJ049,2026-03-18 11:37:36.951,PENDING,1B,SpiceJet,CCU,DEL,2026-04-20 20:26:41.701,2026-04-21 00:26:41.701,14400000000000,14400000000000,240,Krishna,Sharma,67,F,1959-03-07,PAY1628,9722,CARD,CCU - DEL,2026-03,2026-04-20
B1025,P1602,SJ049,2026-03-18 11:37:36.951,PENDING,1B,SpiceJet,CCU,DEL,2026-04-20 20:26:41.701,2026-04-21 00:26:41.701,14400000000000,14400000000000,240,Krishna,Sharma,67,F,1959-03-07,PAY1658,11900,UPI,CCU - DEL,2026-03,2026-04-20
B1025,P1602,SJ049,2026-03-18 11:37:36.951,PENDING,1B,SpiceJet,CCU,DEL,2026-04-20 20:26:41.701,2026-04-21 00:26:41.701,14400000000000,14400000000000,240,Krishna,Sharma,67,F,1959-03-07,PAY1663,14501,CARD,CCU - DEL,2026-03,2026-04-20
B1026,P1215,AI058,2025-06-27 11:37:36.951,CONFIRMED,32C,Air India,BOM,CCU,2026-04-20 22:40:41.701,2026-04-21 00:18:41.701,5880000000000,5880000000000,98,Ira,Naidu,75,M,1951-08-01,PAY1235,2016,NETBANKING,BOM - CCU,2025-06,2026-04-20
B1026,P1215,AI058,2025-06-27 11:37:36.951,CONFIRMED,32C,Air India,BOM,CCU,2026-04-20 22:40:41.701,2026-04-21 00:18:41.701,5880000000000,5880000000000,98,Ira,Naidu,75,M,1951-08-01,PAY1841,11189,UPI,BOM - CCU,2025-06,2026-04-20
B1027,P1972,UK036,2025-07-25 11:37:36.951,CONFIRMED,22A,Vistara,CCU,BLR,2026-04-20 19:48:41.701,2026-04-21 00:12:41.701,15840000000000,15840000000000,264,Aditya,Joshi,1,F,2025-02-01,PAY1306,7503,UPI,CCU - BLR,2025-07,2026-04-20
B1028,P1601,SJ239,2025-05-25 11:37:36.951,CANCELLED,26E,SpiceJet,BOM,CCU,2026-04-20 22:24:41.704,2026-04-21 00:10:41.704,6360000000000,6360000000000,106,Krishna,Naidu,39,M,1987-12-28,Unknown,8105,Unknown,BOM - CCU,2025-05,2026-04-20
B1029,P1540,6F025,2025-06-06 11:37:36.951,CANCELLED,19C,IndiGo,BLR,BOM,2026-04-20 23:02:41.701,2026-04-20 23:57:41.701,3300000000000,3300000000000,55,Kavya,Khan,28,F,1998-03-26,Unknown,8105,Unknown,BLR - BOM,2025-06,2026-04-20
B1030,P1946,6F236,2026-03-18 11:37:36.951,CANCELLED,21E,IndiGo,BOM,DEL,2026-04-20 20:35:41.704,2026-04-20 23:54:41.704,11940000000000,11940000000000,199,Aditya,Mehta,2,M,2024-05-16,Unknown,8105,Unknown,BOM - DEL,2026-03,2026-04-20
B1031,P1816,AI060,2025-11-16 11:37:36.951,CANCELLED,1E,Air India,DEL,HYD,2026-04-20 21:58:41.701,2026-04-20 23:51:41.701,6780000000000,6780000000000,113,Shaurya,Joshi,45,F,1981-09-13,PAY1268,7056,CARD,DEL - HYD,2025-11,2026-04-20
B1032,P1938,UK021,2025-09-03 11:37:36.951,CANCELLED,18E,Vistara,HYD,MAA,2026-04-20 22:00:41.701,2026-04-20 23:50:41.701,6600000000000,6600000000000,110,Reyansh,Joshi,33,F,1993-04-26,Unknown,8105,Unknown,HYD - MAA,2025-09,2026-04-20
B1033,P1987,UK026,2025-05-06 11:37:36.951,Unknown,19A,Vistara,HYD,MAA,2026-04-20 21:38:41.701,2026-04-20 23:44:41.701,7560000000000,7560000000000,126,Saanvi,Patel,83,F,1943-07-19,PAY1189,9353,CARD,HYD - MAA,2025-05,2026-04-20
B1033,P1987,UK026,2025-05-06 11:37:36.951,Unknown,19A,Vistara,HYD,MAA,2026-04-20 21:38:41.701,2026-04-20 23:44:41.701,7560000000000,7560000000000,126,Saanvi,Patel,83,F,1943-07-19,PAY1664,8105,UPI,HYD - MAA,2025-05,2026-04-20
B1033,P1987,UK026,2025-05-06 11:37:36.951,Unknown,19A,Vistara,HYD,MAA,2026-04-20 21:38:41.701,2026-04-20 23:44:41.701,7560000000000,7560000000000,126,Saanvi,Patel,83,F,1943-07-19,PAY1930,7724,UPI,HYD - MAA,2025-05,2026-04-20
B1034,P1219,SJ179,2025-12-31 11:37:36.951,CONFIRMED,22F,SpiceJet,DEL,HYD,2026-04-20 20:09:41.703,2026-04-20 23:39:41.703,12600000000000,12600000000000,210,Muhammad,Nair,24,M,2002-11-10,Unknown,8105,Unknown,DEL - HYD,2025-12,2026-04-20
B1035,P1839,6F251,2025-08-21 11:37:36.951,PENDING,11D,UNKNOWN,DEL,BLR,2026-04-20 22:56:41.703,2026-04-20 23:37:41.703,2460000000000,2460000000000,41,Ishaan,Nair,78,M,1948-11-15,Unknown,8105,Unknown,DEL - BLR,2025-08,2026-04-20
B1036,P1726,SJ149,2025-11-24 11:37:36.951,PENDING,5B,SpiceJet,HYD,MAA,2026-04-20 21:20:41.702,2026-04-20 23:20:42.000,7200298000000,7200298000000,120,Muhammad,Reddy,32,M,1994-04-25,PAY1271,5145,CARD,HYD - MAA,2025-11,2026-04-20
B1037,P1220,AI188,2026-03-20 11:37:36.951,PENDING,33E,Air India,CCU,HYD,2026-04-20 20:16:41.703,2026-04-20 23:02:41.703,9960000000000,9960000000000,166,Shaurya,Singh,69,F,1957-03-15,Unknown,8105,Unknown,CCU - HYD,2026-03,2026-04-20
B1038,P1388,SJ093,2026-01-01 11:37:36.951,PENDING,12D,SpiceJet,BLR,BOM,2026-04-20 21:55:41.702,2026-04-20 23:01:41.702,3960000000000,3960000000000,66,Reyansh,Das,58,M,1968-02-17,Unknown,8105,Unknown,BLR - BOM,2026-01,2026-04-20
B1039,P1553,SJ205,2025-08-21 11:37:36.951,CONFIRMED,11E,SpiceJet,HYD,CCU,2026-04-20 21:56:41.703,2026-04-20 23:00:41.703,3840000000000,3840000000000,64,Anika,Khan,57,M,1969-04-11,PAY1441,6605,CARD,HYD - CCU,2025-08,2026-04-20
B1039,P1553,SJ205,2025-08-21 11:37:36.951,CONFIRMED,11E,SpiceJet,HYD,CCU,2026-04-20 21:56:41.703,2026-04-20 23:00:41.703,3840000000000,3840000000000,64,Anika,Khan,57,M,1969-04-11,PAY1457,8185,UPI,HYD - CCU,2025-08,2026-04-20
B1039,P1553,SJ205,2025-08-21 11:37:36.951,CONFIRMED,11E,SpiceJet,HYD,CCU,2026-04-20 21:56:41.703,2026-04-20 23:00:41.703,3840000000000,3840000000000,64,Anika,Khan,57,M,1969-04-11,PAY1889,9866,CARD,HYD - CCU,2025-08,2026-04-20
B1040,P1646,6F099,2025-08-08 11:37:36.951,CONFIRMED,26B,IndiGo,MAA,DEL,2026-04-20 22:24:41.702,2026-04-20 22:59:41.702,2100000000000,2100000000000,35,Ananya,Gupta,57,F,1969-10-27,Unknown,8105,Unknown,MAA - DEL,2025-08,2026-04-20
B1041,P1041,UK176,2025-05-28 11:37:36.951,CONFIRMED,25C,Vistara,HYD,BLR,2026-04-20 18:41:41.703,2026-04-20 22:49:41.703,14880000000000,14880000000000,248,Shaurya,Gupta,51,F,1975-08-19,PAY1614,13830,UPI,HYD - BLR,2025-05,2026-04-20
B1041,P1041,UK176,2025-05-28 11:37:36.951,CONFIRMED,25C,Vistara,HYD,BLR,2026-04-20 18:41:41.703,2026-04-20 22:49:41.703,14880000000000,14880000000000,248,Shaurya,Gupta,51,F,1975-08-19,PAY1894,9750,NETBANKING,HYD - BLR,2025-05,2026-04-20
B1042,P1675,UK200,2025-12-02 11:37:36.951,CANCELLED,24F,Vistara,CCU,DEL,2026-04-20 20:54:41.703,2026-04-20 22:45:41.703,6660000000000,6660000000000,111,Myra,Das,6,F,2020-11-10,PAY1048,14402,CARD,CCU - DEL,2025-12,2026-04-20
B1043,P1872,6F195,2025-11-22 11:37:36.951,CANCELLED,8E,IndiGo,CCU,DEL,2026-04-20 21:44:41.703,2026-04-20 22:39:41.703,3300000000000,3300000000000,55,Krishna,Joshi,8,M,2018-11-14,PAY1007,8292,UPI,CCU - DEL,2025-11,2026-04-20
B1044,P1282,6F174,2026-04-12 11:37:36.951,PENDING,16C,IndiGo,DEL,HYD,2026-04-20 21:36:41.703,2026-04-20 22:16:41.703,2400000000000,2400000000000,40,Kavya,Chatterjee,35,M,1991-09-09,PAY1225,1200,UPI,DEL - HYD,2026-04,2026-04-20
B1045,P1057,SJ214,2026-03-19 11:37:36.951,Unknown,18C,SpiceJet,BOM,MAA,2026-04-20 20:54:41.703,2026-04-20 22:10:41.703,4560000000000,4560000000000,76,Ishaan,Gupta,44,M,1982-08-16,PAY1281,2331,NETBANKING,BOM - MAA,2026-03,2026-04-20
B1045,P1057,SJ214,2026-03-19 11:37:36.951,Unknown,18C,SpiceJet,BOM,MAA,2026-04-20 20:54:41.703,2026-04-20 22:10:41.703,4560000000000,4560000000000,76,Ishaan,Gupta,44,M,1982-08-16,PAY1296,4402,UPI,BOM - MAA,2026-03,2026-04-20
B1045,P1057,SJ214,2026-03-19 11:37:36.951,Unknown,18C,SpiceJet,BOM,MAA,2026-04-20 20:54:41.703,2026-04-20 22:10:41.703,4560000000000,4560000000000,76,Ishaan,Gupta,44,M,1982-08-16,PAY1683,8105,NETBANKING,BOM - MAA,2026-03,2026-04-20
B1046,P1813,UK059,2025-10-14 11:37:36.951,CONFIRMED,2C,Vistara,HYD,MAA,2026-04-20 20:33:41.701,2026-04-20 22:10:41.701,5820000000000,5820000000000,97,Kavya,Joshi,34,M,1992-04-19,PAY1112,13689,UPI,HYD - MAA,2025-10,2026-04-20
B1046,P1813,UK059,2025-10-14 11:37:36.951,CONFIRMED,2C,Vistara,HYD,MAA,2026-04-20 20:33:41.701,2026-04-20 22:10:41.701,5820000000000,5820000000000,97,Kavya,Joshi,34,M,1992-04-19,PAY1942,12593,UPI,HYD - MAA,2025-10,2026-04-20
B1047,P1833,6F151,2025-12-29 11:37:36.951,PENDING,7C,IndiGo,CCU,HYD,2026-04-20 19:44:41.703,2026-04-20 22:04:41.703,8400000000000,8400000000000,140,Aadhya,Das,47,M,1979-06-16,Unknown,8105,Unknown,CCU - HYD,2025-12,2026-04-20
B1048,P1536,SJ236,2025-09-19 11:37:36.951,PENDING,18C,SpiceJet,MAA,BOM,2026-04-20 18:03:41.704,2026-04-20 22:02:41.704,14340000000000,14340000000000,239,Riya,Nair,19,F,2007-08-25,Unknown,8105,Unknown,MAA - BOM,2025-09,2026-04-20
B1049,P1072,SJ153,2025-07-28 11:37:36.951,INVALID,3C,SpiceJet,DEL,CCU,2026-04-20 20:37:41.702,2026-04-20 22:00:41.702,4980000000000,4980000000000,83,Krishna,Banerjee,18,M,2008-02-22,Unknown,8105,Unknown,DEL - CCU,2025-07,2026-04-20
B1050,P1884,AI220,2026-01-15 11:37:36.951,PENDING,7D,Air India,BOM,DEL,2026-04-20 20:19:41.703,2026-04-20 21:57:41.703,5880000000000,5880000000000,98,Ananya,Chatterjee,70,F,1956-04-15,PAY1606,13350,NETBANKING,BOM - DEL,2026-01,2026-04-20
B1051,P1922,6F028,2025-07-05 11:37:36.951,CANCELLED,16A,IndiGo,HYD,CCU,2026-04-20 19:49:41.701,2026-04-20 21:49:41.701,7200000000000,7200000000000,120,Aditya,Ghosh,70,F,1956-01-10,PAY1135,10875,CARD,HYD - CCU,2025-07,2026-04-20
B1052,P1128,UK209,2025-12-30 11:37:36.951,CANCELLED,33B,Unknown,MAA,BLR,2026-04-20 19:02:41.704,2026-04-20 21:47:41.704,9900000000000,9900000000000,165,Diya,Patel,35,M,1991-02-19,PAY1688,9827,CARD,MAA - BLR,2025-12,2026-04-20
B1053,P1598,UK216,2026-04-01 11:37:36.951,PENDING,28B,Vistara,MAA,HYD,2026-04-20 18:33:41.704,2026-04-20 21:47:41.704,11640000000000,11640000000000,194,Aadhya,Gupta,39,M,1987-06-05,PAY1082,4621,UPI,MAA - HYD,2026-04,2026-04-20
B1053,P1598,UK216,2026-04-01 11:37:36.951,PENDING,28B,Vistara,MAA,HYD,2026-04-20 18:33:41.704,2026-04-20 21:47:41.704,11640000000000,11640000000000,194,Aadhya,Gupta,39,M,1987-06-05,PAY1219,3081,CARD,MAA - HYD,2026-04,2026-04-20
B1054,P1841,AI132,2026-04-11 11:37:36.951,CANCELLED,19C,Air India,BLR,BOM,2026-04-20 19:32:41.702,2026-04-20 21:41:41.702,7740000000000,7740000000000,129,Diya,Das,2,M,2024-04-19,Unknown,8105,Unknown,BLR - BOM,2026-04,2026-04-20
B1055,P1425,6F012,2025-10-14 11:37:36.951,CANCELLED,13F,IndiGo,CCU,HYD,2026-04-20 18:06:41.701,2026-04-20 21:31:41.701,12300000000000,12300000000000,205,Aarav,Gupta,48,M,1978-06-10,Unknown,8105,Unknown,CCU - HYD,2025-10,2026-04-20
B1056,P1947,UK173,2026-03-24 11:37:36.951,CANCELLED,15B,Vistara,MAA,BLR,2026-04-20 17:06:41.703,2026-04-20 21:22:41.703,15360000000000,15360000000000,256,Muhammad,Sharma,13,M,2013-10-12,PAY1616,3174,NETBANKING,MAA - BLR,2026-03,2026-04-20
B1056,P1947,UK173,2026-03-24 11:37:36.951,CANCELLED,15B,Vistara,MAA,BLR,2026-04-20 17:06:41.703,2026-04-20 21:22:41.703,15360000000000,15360000000000,256,Muhammad,Sharma,13,M,2013-10-12,PAY1757,8105,CARD,MAA - BLR,2026-03,2026-04-20
B1057,P1664,SJ047,2025-08-20 11:37:36.951,CANCELLED,14F,SpiceJet,HYD,BOM,2026-04-20 20:44:41.701,2026-04-20 21:21:41.701,2220000000000,2220000000000,37,Myra,Naidu,27,M,1999-12-27,PAY1170,1987,UPI,HYD - BOM,2025-08,2026-04-20
B1057,P1664,SJ047,2025-08-20 11:37:36.951,CANCELLED,14F,SpiceJet,HYD,BOM,2026-04-20 20:44:41.701,2026-04-20 21:21:41.701,2220000000000,2220000000000,37,Myra,Naidu,27,M,1999-12-27,PAY1566,10224,CARD,HYD - BOM,2025-08,2026-04-20
B1058,P1693,SJ043,2025-12-07 11:37:36.951,PENDING,8C,UNKNOWN,MAA,DEL,2026-04-20 18:59:41.701,2026-04-20 21:08:41.701,7740000000000,7740000000000,129,Ira,Gupta,89,M,1937-07-24,Unknown,8105,Unknown,MAA - DEL,2025-12,2026-04-20
B1059,P1124,UK140,2026-01-03 11:37:36.951,CONFIRMED,23B,Vistara,MAA,BLR,2026-04-20 19:37:41.703,2026-04-20 21:00:41.703,4980000000000,4980000000000,83,Myra,Verma,88,M,1938-05-26,PAY1844,10839,UPI,MAA - BLR,2026-01,2026-04-20
B1060,P1066,6F086,2025-12-30 11:37:36.951,CONFIRMED,11A,IndiGo,MAA,HYD,2026-04-20 20:23:41.702,2026-04-20 21:00:41.702,2220000000000,2220000000000,37,Riya,Singh,2,F,2024-11-07,PAY1571,11682,UPI,MAA - HYD,2025-12,2026-04-20
B1061,P1005,6F114,2026-04-05 11:37:36.951,CANCELLED,19C,IndiGo,BOM,MAA,2026-04-20 20:10:41.702,2026-04-20 21:00:41.702,3000000000000,3000000000000,50,Reyansh,Joshi,83,M,1943-03-09,PAY1621,12022,CARD,BOM - MAA,2026-04,2026-04-20
B1061,P1005,6F114,2026-04-05 11:37:36.951,CANCELLED,19C,IndiGo,BOM,MAA,2026-04-20 20:10:41.702,2026-04-20 21:00:41.702,3000000000000,3000000000000,50,Reyansh,Joshi,83,M,1943-03-09,PAY1796,6836,CARD,BOM - MAA,2026-04,2026-04-20
B1061,P1005,6F114,2026-04-05 11:37:36.951,CANCELLED,19C,IndiGo,BOM,MAA,2026-04-20 20:10:41.702,2026-04-20 21:00:41.702,3000000000000,3000000000000,50,Reyansh,Joshi,83,M,1943-03-09,PAY1907,12723,NETBANKING,BOM - MAA,2026-04,2026-04-20
B1062,P1636,UK153,2025-06-12 11:37:36.951,CANCELLED,15D,Vistara,CCU,HYD,2026-04-20 16:52:41.703,2026-04-20 20:53:41.703,14460000000000,14460000000000,241,Reyansh,Ghosh,47,F,1979-03-09,Unknown,8105,Unknown,CCU - HYD,2025-06,2026-04-20
B1063,P1313,6F149,2025-05-19 11:37:36.951,CANCELLED,9A,IndiGo,BLR,CCU,2026-04-20 17:57:41.703,2026-04-20 20:42:41.703,9900000000000,9900000000000,165,Aarav,Nair,64,M,1962-09-27,Unknown,8105,Unknown,BLR - CCU,2025-05,2026-04-20
B1064,P1325,UK145,2025-09-14 11:37:36.951,CONFIRMED,24E,Vistara,BOM,HYD,2026-04-20 18:30:41.703,2026-04-20 20:41:41.703,7860000000000,7860000000000,131,Ananya,Banerjee,46,M,1980-01-16,PAY1899,14414,UPI,BOM - HYD,2025-09,2026-04-20
B1065,P1564,UK010,2026-03-06 11:37:36.951,CANCELLED,7B,Vistara,MAA,HYD,2026-04-20 17:53:41.701,2026-04-20 20:40:41.701,10020000000000,10020000000000,167,Saanvi,Chatterjee,18,M,2008-08-14,Unknown,8105,Unknown,MAA - HYD,2026-03,2026-04-20
B1066,P1577,SJ003,2025-11-05 11:37:36.951,PENDING,1B,SpiceJet,MAA,CCU,2026-04-20 19:50:41.701,2026-04-20 20:32:41.701,2520000000000,2520000000000,42,Shaurya,Joshi,27,F,1999-09-27,Unknown,8105,Unknown,MAA - CCU,2025-11,2026-04-20
B1067,P1825,SJ160,2025-07-23 11:37:36.951,PENDING,7F,SpiceJet,MAA,BLR,2026-04-20 19:45:41.703,2026-04-20 20:30:41.703,2700000000000,2700000000000,45,Ishaan,Iyer,61,M,1965-09-21,PAY1611,4488,UPI,MAA - BLR,2025-07,2026-04-20
B1067,P1825,SJ160,2025-07-23 11:37:36.951,PENDING,7F,SpiceJet,MAA,BLR,2026-04-20 19:45:41.703,2026-04-20 20:30:41.703,2700000000000,2700000000000,45,Ishaan,Iyer,61,M,1965-09-21,PAY1825,7570,UPI,MAA - BLR,2025-07,2026-04-20
B1067,P1825,SJ160,2025-07-23 11:37:36.951,PENDING,7F,SpiceJet,MAA,BLR,2026-04-20 19:45:41.703,2026-04-20 20:30:41.703,2700000000000,2700000000000,45,Ishaan,Iyer,61,M,1965-09-21,PAY1871,5375,NETBANKING,MAA - BLR,2025-07,2026-04-20
B1068,P1505,UK224,2025-11-22 11:37:36.951,PENDING,23A,Unknown,CCU,MAA,2026-04-20 16:25:41.704,2026-04-20 20:24:41.704,14340000000000,14340000000000,239,Myra,Mehta,89,F,1937-03-25,PAY1584,5275,NETBANKING,CCU - MAA,2025-11,2026-04-20
B1069,P1081,UK152,2025-08-02 11:37:36.951,CONFIRMED,16E,Vistara,BOM,CCU,2026-04-20 17:24:41.703,2026-04-20 20:13:41.703,10140000000000,10140000000000,169,Kavya,Ghosh,78,M,1948-04-28,PAY1214,14993,UPI,BOM - CCU,2025-08,2026-04-20
B1070,P1598,SJ034,2025-09-22 11:37:36.951,CANCELLED,15D,SpiceJet,MAA,BOM,2026-04-20 15:20:41.701,2026-04-20 20:11:41.701,17460000000000,17460000000000,291,Aadhya,Gupta,39,M,1987-06-05,PAY1043,5631,NETBANKING,MAA - BOM,2025-09,2026-04-20
B1071,P1001,UK215,2025-12-21 11:37:36.951,CANCELLED,15F,Vistara,BOM,DEL,2026-04-20 17:38:41.704,2026-04-20 19:50:41.704,7920000000000,7920000000000,132,Krishna,Reddy,15,M,2011-03-07,Unknown,8105,Unknown,BOM - DEL,2025-12,2026-04-20
B1072,P1203,UK089,2025-08-10 11:37:36.951,CANCELLED,18F,Vistara,BOM,HYD,2026-04-20 15:38:41.702,2026-04-20 19:50:41.702,15120000000000,15120000000000,252,Aadhya,Nair,54,M,1972-11-10,Unknown,8105,Unknown,BOM - HYD,2025-08,2026-04-20
B1073,P1661,6F180,2025-12-04 11:37:36.951,CONFIRMED,16A,IndiGo,MAA,BLR,2026-04-20 15:24:41.703,2026-04-20 19:48:41.703,15840000000000,15840000000000,264,Krishna,Nair,28,F,1998-05-18,Unknown,8105,Unknown,MAA - BLR,2025-12,2026-04-20
B1074,P1804,6F188,2025-09-25 11:37:36.951,CONFIRMED,7A,IndiGo,DEL,HYD,2026-04-20 14:57:41.703,2026-04-20 19:39:41.703,16920000000000,16920000000000,282,Muhammad,Banerjee,42,F,1984-03-08,Unknown,8105,Unknown,DEL - HYD,2025-09,2026-04-20
B1075,P1403,UK131,2026-01-03 11:37:36.951,CONFIRMED,2F,Vistara,BOM,DEL,2026-04-20 15:33:41.702,2026-04-20 19:39:41.702,14760000000000,14760000000000,246,Myra,Ghosh,6,M,2020-09-02,Unknown,8105,Unknown,BOM - DEL,2026-01,2026-04-20
B1076,P1102,UK055,2025-05-04 11:37:36.951,CONFIRMED,12B,Vistara,HYD,DEL,2026-04-20 16:48:41.701,2026-04-20 19:31:41.701,9780000000000,9780000000000,163,Myra,Kulkarni,1,F,2025-02-27,PAY1523,8248,CARD,HYD - DEL,2025-05,2026-04-20
B1076,P1102,UK055,2025-05-04 11:37:36.951,CONFIRMED,12B,Vistara,HYD,DEL,2026-04-20 16:48:41.701,2026-04-20 19:31:41.701,9780000000000,9780000000000,163,Myra,Kulkarni,1,F,2025-03-18,PAY1523,8248,CARD,HYD - DEL,2025-05,2026-04-20
B1077,P1535,UK181,2025-05-03 11:37:36.951,PENDING,3A,Vistara,MAA,DEL,2026-04-20 16:44:41.703,2026-04-20 19:26:41.703,9720000000000,9720000000000,162,Arjun,Pillai,61,F,1965-07-26,PAY1198,2982,NETBANKING,MAA - DEL,2025-05,2026-04-20
B1077,P1535,UK181,2025-05-03 11:37:36.951,PENDING,3A,Vistara,MAA,DEL,2026-04-20 16:44:41.703,2026-04-20 19:26:41.703,9720000000000,9720000000000,162,Arjun,Pillai,61,F,1965-07-26,PAY1381,8280,CARD,MAA - DEL,2025-05,2026-04-20
B1078,P1367,6F077,2025-09-21 11:37:36.951,CONFIRMED,1B,IndiGo,CCU,DEL,2026-04-20 14:55:41.702,2026-04-20 19:13:41.702,15480000000000,15480000000000,258,Reyansh,Das,36,F,1990-03-21,Unknown,8105,Unknown,CCU - DEL,2025-09,2026-04-20
B1079,P1211,SJ085,2025-06-03 11:37:36.951,CONFIRMED,10D,SpiceJet,BLR,MAA,2026-04-20 14:41:41.702,2026-04-20 19:11:41.702,16200000000000,16200000000000,270,Ishaan,Agarwal,70,F,1956-01-17,Unknown,8105,Unknown,BLR - MAA,2025-06,2026-04-20
B1080,P1576,SJ023,2025-06-05 11:37:36.951,CONFIRMED,22D,SpiceJet,HYD,MAA,2026-04-20 17:27:41.701,2026-04-20 19:09:41.701,6120000000000,6120000000000,102,Ira,Naidu,50,M,1976-07-17,PAY1640,6604,UPI,HYD - MAA,2025-06,2026-04-20
B1080,P1576,SJ023,2025-06-05 11:37:36.951,CONFIRMED,22D,SpiceJet,HYD,MAA,2026-04-20 17:27:41.701,2026-04-20 19:09:41.701,6120000000000,6120000000000,102,Ira,Naidu,50,M,1976-07-17,PAY1676,14565,CARD,HYD - MAA,2025-06,2026-04-20
B1081,P1960,SJ202,2025-11-13 11:37:36.951,CANCELLED,29C,SpiceJet,CCU,HYD,2026-04-20 17:21:41.703,2026-04-20 19:08:41.703,6420000000000,6420000000000,107,Kavya,Mishra,35,M,1991-07-04,Unknown,8105,Unknown,CCU - HYD,2025-11,2026-04-20
B1082,P1208,SJ150,2025-09-09 11:37:36.951,CANCELLED,30A,SpiceJet,BOM,HYD,2026-04-20 15:33:41.702,2026-04-20 19:03:41.702,12600000000000,12600000000000,210,Aarav,Joshi,53,M,1973-05-06,Unknown,8105,Unknown,BOM - HYD,2025-09,2026-04-20
B1083,P1762,SJ116,2025-05-12 11:37:36.951,CANCELLED,9A,SpiceJet,HYD,CCU,2026-04-20 17:33:41.702,2026-04-20 19:02:41.702,5340000000000,5340000000000,89,Sara,Nair,30,M,1996-06-26,PAY1467,6777,NETBANKING,HYD - CCU,2025-05,2026-04-20
B1084,P1896,6F270,2025-06-14 11:37:36.951,PENDING,16E,Unknown,HYD,MAA,2026-04-20 18:14:41.701,2026-04-20 19:02:41.701,2880000000000,2880000000000,48,Saanvi,Khan,55,F,1971-06-08,Unknown,8105,Unknown,HYD - MAA,2025-06,2026-04-20
B1085,P1116,UK150,2026-03-24 11:37:36.951,PENDING,12A,Vistara,DEL,CCU,2026-04-20 18:31:41.703,2026-04-20 19:01:41.703,1800000000000,1800000000000,30,Vivaan,Ghosh,73,F,1953-03-15,PAY1976,11411,NETBANKING,DEL - CCU,2026-03,2026-04-20
B1086,P1627,SJ237,2026-02-16 11:37:36.951,CONFIRMED,5D,SpiceJet,BOM,CCU,2026-04-20 16:32:41.704,2026-04-20 19:00:41.704,8880000000000,8880000000000,148,Aditya,Iyer,21,M,2005-10-06,PAY1421,3704,UPI,BOM - CCU,2026-02,2026-04-20
B1086,P1627,SJ237,2026-02-16 11:37:36.951,CONFIRMED,5D,SpiceJet,BOM,CCU,2026-04-20 16:32:41.704,2026-04-20 19:00:41.704,8880000000000,8880000000000,148,Aditya,Iyer,21,M,2005-10-06,PAY1610,1170,UPI,BOM - CCU,2026-02,2026-04-20
B1087,P1748,AI221,2025-05-08 11:37:36.951,CANCELLED,2F,Air India,MAA,HYD,2026-04-20 16:18:41.703,2026-04-20 18:54:41.703,9360000000000,9360000000000,156,Sara,Singh,51,M,1975-06-11,PAY1183,1154,NETBANKING,MAA - HYD,2025-05,2026-04-20
B1087,P1748,AI221,2025-05-08 11:37:36.951,CANCELLED,2F,Air India,MAA,HYD,2026-04-20 16:18:41.703,2026-04-20 18:54:41.703,9360000000000,9360000000000,156,Sara,Singh,51,M,1975-06-11,PAY1278,2038,UPI,MAA - HYD,2025-05,2026-04-20
B1088,P1477,SJ081,2026-03-25 11:37:36.951,PENDING,31A,SpiceJet,BOM,BLR,2026-04-20 17:04:41.702,2026-04-20 18:53:41.702,6540000000000,6540000000000,109,Kavya,Mishra,51,F,1975-06-20,PAY1940,7375,UPI,BOM - BLR,2026-03,2026-04-20
B1089,P1104,UK189,2025-09-03 11:37:36.951,CANCELLED,25F,Vistara,BLR,MAA,2026-04-20 15:07:41.703,2026-04-20 18:51:41.703,13440000000000,13440000000000,224,Vivaan, Verma,88,F,1938-06-03,Unknown,8105,Unknown,BLR - MAA,2025-09,2026-04-20
B1089,P1104,UK189,2025-09-03 11:37:36.951,CANCELLED,25F,Vistara,BLR,MAA,2026-04-20 15:07:41.703,2026-04-20 18:51:41.703,13440000000000,13440000000000,224,Vivaan,Verma,88,F,1938-12-25,Unknown,8105,Unknown,BLR - MAA,2025-09,2026-04-20
B1089,P1104,UK189,2025-09-03 11:37:36.951,CANCELLED,25F,Vistara,BLR,MAA,2026-04-20 15:07:41.703,2026-04-20 18:51:41.703,13440000000000,13440000000000,224,Vivaan,Verma,88,F,1938-04-02,Unknown,8105,Unknown,BLR - MAA,2025-09,2026-04-20
B1090,P1494,SJ068,2025-05-16 11:37:36.951,PENDING,31C,SpiceJet,BLR,BOM,2026-04-20 16:44:41.701,2026-04-20 18:48:41.701,7440000000000,7440000000000,124,Krishna,Chatterjee,81,F,1945-03-16,Unknown,8105,Unknown,BLR - BOM,2025-05,2026-04-20
B1091,P1770,6F043,2025-08-18 11:37:36.951,PENDING,25D,IndiGo,BOM,HYD,2026-04-20 17:17:41.701,2026-04-20 18:43:41.701,5160000000000,5160000000000,86,Myra,Mehta,17,M,2009-06-05,Unknown,8105,Unknown,BOM - HYD,2025-08,2026-04-20
B1092,P1045,UK187,2026-03-18 11:37:36.951,CONFIRMED,16D,Vistara,BLR,BOM,2026-04-20 16:52:41.703,2026-04-20 18:42:41.703,6600000000000,6600000000000,110,Kavya,Reddy,39,M,1987-05-04,PAY1171,9121,UPI,BLR - BOM,2026-03,2026-04-20
B1092,P1045,UK187,2026-03-18 11:37:36.951,CONFIRMED,16D,Vistara,BLR,BOM,2026-04-20 16:52:41.703,2026-04-20 18:42:41.703,6600000000000,6600000000000,110,Kavya,Reddy,39,M,1987-05-04,PAY1786,5439,CARD,BLR - BOM,2026-03,2026-04-20
B1092,P1045,UK187,2026-03-18 11:37:36.951,CONFIRMED,16D,Vistara,BLR,BOM,2026-04-20 16:52:41.703,2026-04-20 18:42:41.703,6600000000000,6600000000000,110,Kavya,Reddy,39,M,1987-05-04,PAY1893,1339,NETBANKING,BLR - BOM,2026-03,2026-04-20
B1093,P1822,UK074,2025-05-11 11:37:36.951,CONFIRMED,25E,Vistara,BOM,DEL,2026-04-20 16:44:41.702,2026-04-20 18:41:41.702,7020000000000,7020000000000,117,Ira,Agarwal,56,M,1970-11-01,Unknown,8105,Unknown,BOM - DEL,2025-05,2026-04-20
B1094,P1330,UK004,2026-01-07 11:37:36.951,PENDING,24C,Vistara,BOM,CCU,2026-04-20 17:56:41.700,2026-04-20 18:30:41.700,2040000000000,2040000000000,34,Myra,Agarwal,53,F,1973-06-26,PAY1400,6923,CARD,BOM - CCU,2026-01,2026-04-20
B1094,P1330,UK004,2026-01-07 11:37:36.951,PENDING,24C,Vistara,BOM,CCU,2026-04-20 17:56:41.700,2026-04-20 18:30:41.700,2040000000000,2040000000000,34,Myra,Agarwal,53,F,1973-06-26,PAY1412,10637,CARD,BOM - CCU,2026-01,2026-04-20
B1095,P1215,6F194,2025-07-30 11:37:36.951,CONFIRMED,14B,IndiGo,BOM,CCU,2026-04-20 16:29:41.703,2026-04-20 18:27:41.703,7080000000000,7080000000000,118,Ira,Naidu,75,M,1951-08-01,Unknown,8105,Unknown,BOM - CCU,2025-07,2026-04-20
B1096,P1981,UK068,2026-01-03 11:37:36.951,PENDING,12B,Vistara,BLR,MAA,2026-04-20 16:28:41.701,2026-04-20 18:09:41.701,6060000000000,6060000000000,101,Diya,Gupta,60,F,1966-07-22,PAY1336,9995,NETBANKING,BLR - MAA,2026-01,2026-04-20
B1096,P1981,UK068,2026-01-03 11:37:36.951,PENDING,12B,Vistara,BLR,MAA,2026-04-20 16:28:41.701,2026-04-20 18:09:41.701,6060000000000,6060000000000,101,Diya,Gupta,60,F,1966-07-22,PAY1834,8168,UPI,BLR - MAA,2026-01,2026-04-20
B1097,P1959,6F017,2025-08-26 11:37:36.951,Unknown,34F,IndiGo,CCU,BOM,2026-04-20 15:25:41.701,2026-04-20 18:06:41.701,9660000000000,9660000000000,161,Sai,Khan,38,M,1988-08-25,Unknown,8105,Unknown,CCU - BOM,2025-08,2026-04-20
B1098,P1491,6F245,2025-10-15 11:37:36.951,Unknown,13D,IndiGo,CCU,BOM,2026-04-20 15:25:41.701,2026-04-20 18:06:41.701,9660000000000,9660000000000,161,Shaurya,Khan,2,M,2024-10-26,PAY1768,10456,CARD,CCU - BOM,2025-10,2026-04-20
B1099,P1812,6F254,2025-12-07 11:37:36.951,CONFIRMED,26E,Unknown,MAA,BLR,2026-04-20 14:26:41.703,2026-04-20 18:01:41.703,12900000000000,12900000000000,215,Muhammad,Patel,46,F,1980-01-05,Unknown,8105,Unknown,MAA - BLR,2025-12,2026-04-20
B1100,P1921,UK077,2026-03-05 11:37:36.951,CONFIRMED,16D,UNKNOWN,HYD,BOM,2026-04-20 16:22:41.702,2026-04-20 18:00:41.702,5880000000000,5880000000000,98,Ishaan,Chatterjee,5,M,2021-12-10,Unknown,8105,Unknown,HYD - BOM,2026-03,2026-04-20
B1101,P1844,AI029,2025-07-19 11:37:36.951,CONFIRMED,3D,Air India,MAA,DEL,2026-04-20 13:29:41.701,2026-04-20 17:53:41.701,15840000000000,15840000000000,264,Vivaan,Pillai,59,F,1967-07-11,PAY1853,2214,CARD,MAA - DEL,2025-07,2026-04-20
B1102,P1448,SJ196,2025-10-06 11:37:36.951,INVALID,15F,SpiceJet,DEL,HYD,2026-04-20 14:58:41.703,2026-04-20 17:44:41.703,9960000000000,9960000000000,166,Diya,Joshi,16,M,2010-08-17,PAY1241,10265,UPI,DEL - HYD,2025-10,2026-04-20
B1102,P1448,SJ196,2025-10-06 11:37:36.951,INVALID,15F,SpiceJet,DEL,HYD,2026-04-20 14:58:41.703,2026-04-20 17:44:41.703,9960000000000,9960000000000,166,Diya,Joshi,16,M,2010-08-17,PAY1432,14362,CARD,DEL - HYD,2025-10,2026-04-20
B1103,P1535,AI242,2025-08-08 11:37:36.951,CANCELLED,20D,UNKNOWN,BLR,CCU,2026-04-20 16:41:41.704,2026-04-20 17:43:41.704,3720000000000,3720000000000,62,Arjun,Pillai,61,F,1965-07-26,PAY1217,10750,NETBANKING,BLR - CCU,2025-08,2026-04-20
B1103,P1535,AI242,2025-08-08 11:37:36.951,CANCELLED,20D,UNKNOWN,BLR,CCU,2026-04-20 16:41:41.704,2026-04-20 17:43:41.704,3720000000000,3720000000000,62,Arjun,Pillai,61,F,1965-07-26,PAY1398,3312,NETBANKING,BLR - CCU,2025-08,2026-04-20
B1104,P1510,AI242,2025-09-12 11:37:36.951,CANCELLED,16E,UNKNOWN,BLR,CCU,2026-04-20 16:41:41.704,2026-04-20 17:43:41.704,3720000000000,3720000000000,62,Diya,Chatterjee,24,M,2002-12-19,Unknown,8105,Unknown,BLR - CCU,2025-09,2026-04-20
B1105,P1457,SJ044,2025-09-11 11:37:36.951,CONFIRMED,19F,SpiceJet,DEL,CCU,2026-04-20 15:06:41.701,2026-04-20 17:43:41.701,9420000000000,9420000000000,157,Arjun,Mishra,52,M,1974-09-14,PAY1635,14294,UPI,DEL - CCU,2025-09,2026-04-20
B1106,P1546,UK063,2025-09-01 11:37:36.951,CONFIRMED,21F,Vistara,DEL,BOM,2026-04-20 16:29:41.701,2026-04-20 17:41:41.701,4320000000000,4320000000000,72,Aadhya,Kulkarni,12,F,2014-12-03,PAY1897,8105,UPI,DEL - BOM,2025-09,2026-04-20
B1107,P1535,AI056,2025-05-19 11:37:36.951,CONFIRMED,30F,Air India,DEL,MAA,2026-04-20 13:44:41.701,2026-04-20 17:39:41.701,14100000000000,14100000000000,235,Arjun,Pillai,61,F,1965-07-26,Unknown,8105,Unknown,DEL - MAA,2025-05,2026-04-20
B1108,P1539,UK207,2025-10-11 11:37:36.951,CANCELLED,14B,Vistara,MAA,CCU,2026-04-20 16:21:41.703,2026-04-20 17:36:41.703,4500000000000,4500000000000,75,Anika,Nair,71,M,1955-02-01,Unknown,8105,Unknown,MAA - CCU,2025-10,2026-04-20
B1109,P1483,UK166,2025-12-03 11:37:36.951,CANCELLED,33D,Vistara,HYD,MAA,2026-04-20 12:39:41.703,2026-04-20 17:32:41.703,17580000000000,17580000000000,293,Arjun,Das,40,F,1986-11-22,PAY1602,13080,NETBANKING,HYD - MAA,2025-12,2026-04-20
B1110,P1975,6F261,2025-12-17 11:37:36.951,PENDING,12B,Unknown,CCU,DEL,2026-04-20 14:31:41.703,2026-04-20 17:29:41.703,10680000000000,10680000000000,178,Riya,Patel,22,M,2004-07-18,Unknown,8105,Unknown,CCU - DEL,2025-12,2026-04-20
B1111,P1999,UK134,2025-12-25 11:37:36.951,CANCELLED,34A,Vistara,HYD,CCU,2026-04-20 13:44:41.702,2026-04-20 17:26:41.702,13320000000000,13320000000000,222,Ananya,Pillai,14,F,2012-12-15,PAY1623,8105,NETBANKING,HYD - CCU,2025-12,2026-04-20
B1111,P1999,UK134,2025-12-25 11:37:36.951,CANCELLED,34A,Vistara,HYD,CCU,2026-04-20 13:44:41.702,2026-04-20 17:26:41.702,13320000000000,13320000000000,222,AnanyaPillai,Unknown,14,F,2012-11-28,PAY1623,8105,NETBANKING,HYD - CCU,2025-12,2026-04-20
B1112,P1015,6F152,2025-10-02 11:37:36.951,PENDING,27A,IndiGo,CCU,DEL,2026-04-20 15:21:41.703,2026-04-20 17:25:41.703,7440000000000,7440000000000,124,Aadhya,Verma,88,F,1938-05-26,PAY1331,10855,UPI,CCU - DEL,2025-10,2026-04-20
B1112,P1015,6F152,2025-10-02 11:37:36.951,PENDING,27A,IndiGo,CCU,DEL,2026-04-20 15:21:41.703,2026-04-20 17:25:41.703,7440000000000,7440000000000,124,Aadhya,Verma,88,F,1938-05-26,PAY1499,9808,NETBANKING,CCU - DEL,2025-10,2026-04-20
B1113,P1570,SJ089,2025-11-23 11:37:36.951,CONFIRMED,5A,SpiceJet,HYD,CCU,2026-04-20 12:42:41.702,2026-04-20 17:15:41.702,16380000000000,16380000000000,273,Ananya,Reddy,7,M,2019-06-18,PAY1316,9458,UPI,HYD - CCU,2025-11,2026-04-20
B1114,P1976,6F123,2025-09-26 11:37:36.951,CANCELLED,2E,IndiGo,DEL,HYD,2026-04-20 15:26:41.702,2026-04-20 17:12:41.702,6360000000000,6360000000000,106,Reyansh,Khan,60,M,1966-04-27,PAY1061,8187,NETBANKING,DEL - HYD,2025-09,2026-04-20
B1115,P1242,AI025,2025-08-23 11:37:36.951,CONFIRMED,10A,Air India,HYD,DEL,2026-04-20 14:46:41.701,2026-04-20 17:11:41.701,8700000000000,8700000000000,145,Ishaan,Nair,82,M,1944-12-21,PAY1136,8185,UPI,HYD - DEL,2025-08,2026-04-20
B1116,P1949,6F030,2025-12-05 11:37:36.951,CONFIRMED,19B,IndiGo,BOM,DEL,2026-04-20 14:20:41.701,2026-04-20 17:10:41.701,10200000000000,10200000000000,170,Saanvi,Ghosh,2,M,2024-04-06,PAY1000,9883,NETBANKING,BOM - DEL,2025-12,2026-04-20
B1117,P1206,SJ222,2025-09-02 11:37:36.951,CONFIRMED,28F,SpiceJet,BOM,DEL,2026-04-20 14:15:41.703,2026-04-20 17:09:41.703,10440000000000,10440000000000,174,Diya,Banerjee,19,M,2007-05-15,PAY1737,11125,CARD,BOM - DEL,2025-09,2026-04-20
B1117,P1206,SJ222,2025-09-02 11:37:36.951,CONFIRMED,28F,SpiceJet,BOM,DEL,2026-04-20 14:15:41.703,2026-04-20 17:09:41.703,10440000000000,10440000000000,174,Diya,Banerjee,19,M,2007-05-15,PAY1926,13518,UPI,BOM - DEL,2025-09,2026-04-20
B1118,P1911,UK109,2026-04-03 11:37:36.951,CONFIRMED,34B,Vistara,BLR,BOM,2026-04-20 16:06:41.702,2026-04-20 17:06:42.000,3600298000000,3600298000000,60,Shaurya,Joshi,62,F,1964-03-12,PAY1283,8105,NETBANKING,BLR - BOM,2026-04,2026-04-20
B1119,P1270,SJ117,2025-11-25 11:37:36.951,CANCELLED,21F,SpiceJet,MAA,BLR,2026-04-20 13:10:41.702,2026-04-20 17:06:41.702,14160000000000,14160000000000,236,Reyansh,Nair,24,M,2002-07-11,PAY1764,14344,NETBANKING,MAA - BLR,2025-11,2026-04-20
B1119,P1270,SJ117,2025-11-25 11:37:36.951,CANCELLED,21F,SpiceJet,MAA,BLR,2026-04-20 13:10:41.702,2026-04-20 17:06:41.702,14160000000000,14160000000000,236,Reyansh,Nair,24,M,2002-07-11,PAY1933,7924,CARD,MAA - BLR,2025-11,2026-04-20
B1120,P1760,SJ142,2025-08-12 11:37:36.951,CONFIRMED,12D,SpiceJet,CCU,BOM,2026-04-20 15:14:41.702,2026-04-20 16:56:41.702,6120000000000,6120000000000,102,Sai,Agarwal,88,M,1938-03-04,PAY1026,8105,CARD,CCU - BOM,2025-08,2026-04-20
B1120,P1760,SJ142,2025-08-12 11:37:36.951,CONFIRMED,12D,SpiceJet,CCU,BOM,2026-04-20 15:14:41.702,2026-04-20 16:56:41.702,6120000000000,6120000000000,102,Sai,Agarwal,88,M,1938-03-04,PAY1267,1038,CARD,CCU - BOM,2025-08,2026-04-20
B1120,P1760,SJ142,2025-08-12 11:37:36.951,CONFIRMED,12D,SpiceJet,CCU,BOM,2026-04-20 15:14:41.702,2026-04-20 16:56:41.702,6120000000000,6120000000000,102,Sai,Agarwal,88,M,1938-03-04,PAY1573,1534,UPI,CCU - BOM,2025-08,2026-04-20
B1121,P1993,SJ142,2025-06-01 11:37:36.951,PENDING,17C,SpiceJet,CCU,BOM,2026-04-20 15:14:41.702,2026-04-20 16:56:41.702,6120000000000,6120000000000,102,Muhammad,Naidu,42,M,1984-10-02,Unknown,8105,Unknown,CCU - BOM,2025-06,2026-04-20
B1122,P1778,AI030,2025-05-02 11:37:36.951,CANCELLED,20B,Air India,CCU,HYD,2026-04-20 13:33:41.701,2026-04-20 16:52:41.701,11940000000000,11940000000000,199,Krishna,Verma,53,F,1973-04-02,Unknown,8105,Unknown,CCU - HYD,2025-05,2026-04-20
B1123,P1704,6F097,2025-09-23 11:37:36.951,CONFIRMED,8A,IndiGo,BLR,BOM,2026-04-20 15:32:41.702,2026-04-20 16:49:41.702,4620000000000,4620000000000,77,Shaurya,Singh,81,F,1945-02-06,PAY1745,6074,UPI,BLR - BOM,2025-09,2026-04-20
B1123,P1704,6F097,2025-09-23 11:37:36.951,CONFIRMED,8A,IndiGo,BLR,BOM,2026-04-20 15:32:41.702,2026-04-20 16:49:41.702,4620000000000,4620000000000,77,Shaurya,Singh,81,F,1945-02-06,PAY1880,8451,NETBANKING,BLR - BOM,2025-09,2026-04-20
B1124,P1846,6F129,2025-05-23 11:37:36.951,CANCELLED,5C,IndiGo,DEL,CCU,2026-04-20 14:28:41.702,2026-04-20 16:47:41.702,8340000000000,8340000000000,139,Vivaan,Verma,7,M,2019-05-04,PAY1256,8105,CARD,DEL - CCU,2025-05,2026-04-20
B1124,P1846,6F129,2025-05-23 11:37:36.951,CANCELLED,5C,IndiGo,DEL,CCU,2026-04-20 14:28:41.702,2026-04-20 16:47:41.702,8340000000000,8340000000000,139,Vivaan,Verma,7,M,2019-05-04,PAY1498,2030,UPI,DEL - CCU,2025-05,2026-04-20
B1124,P1846,6F129,2025-05-23 11:37:36.951,CANCELLED,5C,IndiGo,DEL,CCU,2026-04-20 14:28:41.702,2026-04-20 16:47:41.702,8340000000000,8340000000000,139,Vivaan,Verma,7,M,2019-05-04,PAY1860,13724,UPI,DEL - CCU,2025-05,2026-04-20
B1125,P1729,6F181,2026-01-15 11:37:36.951,PENDING,27E,IndiGo,BOM,MAA,2026-04-20 14:55:41.703,2026-04-20 16:43:41.703,6480000000000,6480000000000,108,Aarav,Naidu,39,F,1987-06-01,Unknown,8105,Unknown,BOM - MAA,2026-01,2026-04-20
B1126,P1114,AI072,2025-10-20 11:37:36.951,CONFIRMED,10E,Air India,BLR,CCU,2026-04-20 15:34:41.702,2026-04-20 16:32:41.702,3480000000000,3480000000000,58,Anika,Sharma,28,F,1998-09-03,Unknown,8105,Unknown,BLR - CCU,2025-10,2026-04-20
B1127,P1579,SJ154,2025-06-29 11:37:36.951,PENDING,2E,SpiceJet,BLR,HYD,2026-04-20 14:47:41.702,2026-04-20 16:26:41.702,5940000000000,5940000000000,99,Kavya,Nair,5,F,2021-03-27,Unknown,8105,Unknown,BLR - HYD,2025-06,2026-04-20
B1128,P1298,AI031,2026-04-08 11:37:36.951,CONFIRMED,10D,Air India,DEL,MAA,2026-04-20 13:05:41.701,2026-04-20 16:11:41.701,11160000000000,11160000000000,186,Ananya,Kulkarni,48,M,1978-09-27,Unknown,8105,Unknown,DEL - MAA,2026-04,2026-04-20
B1129,P1836,AI031,2025-09-18 11:37:36.951,PENDING,26F,Air India,DEL,MAA,2026-04-20 13:05:41.701,2026-04-20 16:11:41.701,11160000000000,11160000000000,186,Saanvi,Chatterjee,14,M,2012-08-04,PAY1046,12009,UPI,DEL - MAA,2025-09,2026-04-20
B1130,P1482,6F158,2025-12-26 11:37:36.951,CONFIRMED,34E,IndiGo,CCU,MAA,2026-04-20 11:58:41.703,2026-04-20 16:04:41.703,14760000000000,14760000000000,246,Saanvi,Singh,33,M,1993-10-22,Unknown,8105,Unknown,CCU - MAA,2025-12,2026-04-20
B1131,P1396,6F184,2025-06-16 11:37:36.951,CANCELLED,1C,IndiGo,MAA,BOM,2026-04-20 13:05:41.703,2026-04-20 16:04:41.703,10740000000000,10740000000000,179,Vivaan,Mishra,54,F,1972-11-01,PAY1553,3593,UPI,MAA - BOM,2025-06,2026-04-20
B1132,P1393,UK141,2025-06-20 11:37:36.951,CONFIRMED,10D,Unknown,HYD,MAA,2026-04-20 13:38:41.703,2026-04-20 15:59:41.703,8460000000000,8460000000000,141,Ishaan,Reddy,42,M,1984-01-21,PAY1186,8105,UPI,HYD - MAA,2025-06,2026-04-20
B1132,P1393,UK141,2025-06-20 11:37:36.951,CONFIRMED,10D,Unknown,HYD,MAA,2026-04-20 13:38:41.703,2026-04-20 15:59:41.703,8460000000000,8460000000000,141,Ishaan,Reddy,42,M,1984-01-21,PAY1462,2045,UPI,HYD - MAA,2025-06,2026-04-20
B1132,P1393,UK141,2025-06-20 11:37:36.951,CONFIRMED,10D,Unknown,HYD,MAA,2026-04-20 13:38:41.703,2026-04-20 15:59:41.703,8460000000000,8460000000000,141,Ishaan,Reddy,42,M,1984-01-21,PAY1826,2632,UPI,HYD - MAA,2025-06,2026-04-20
B1133,P1074,6F168,2025-12-29 11:37:36.951,CANCELLED,23D,IndiGo,HYD,DEL,2026-04-20 12:18:41.703,2026-04-20 15:58:41.703,13200000000000,13200000000000,220,Riya,Patel,34,F,1992-09-09,PAY1395,12904,NETBANKING,HYD - DEL,2025-12,2026-04-20
B1133,P1074,6F168,2025-12-29 11:37:36.951,CANCELLED,23D,IndiGo,HYD,DEL,2026-04-20 12:18:41.703,2026-04-20 15:58:41.703,13200000000000,13200000000000,220,Riya,Patel,34,F,1992-09-09,PAY1951,1297,NETBANKING,HYD - DEL,2025-12,2026-04-20
B1134,P1977,6F051,2025-07-28 11:37:36.951,CONFIRMED,34C,IndiGo,BLR,BOM,2026-04-20 13:58:41.701,2026-04-20 15:58:41.701,7200000000000,7200000000000,120,Shaurya,Joshi,64,M,1962-08-20,Unknown,8105,Unknown,BLR - BOM,2025-07,2026-04-20
B1135,P1481,6F047,2025-12-02 11:37:36.951,CONFIRMED,20E,IndiGo,MAA,DEL,2026-04-20 13:50:41.701,2026-04-20 15:55:41.701,7500000000000,7500000000000,125,Ira,Khan,65,F,1961-01-15,PAY1918,10501,CARD,MAA - DEL,2025-12,2026-04-20
B1136,P1102,UK156,2025-10-26 11:37:36.951,PENDING,28E,Vistara,MAA,BLR,2026-04-20 11:50:41.703,2026-04-20 15:54:41.703,14640000000000,14640000000000,244,Myra,Kulkarni,1,F,2025-02-27,PAY1501,2857,NETBANKING,MAA - BLR,2025-10,2026-04-20
B1136,P1102,UK156,2025-10-26 11:37:36.951,PENDING,28E,Vistara,MAA,BLR,2026-04-20 11:50:41.703,2026-04-20 15:54:41.703,14640000000000,14640000000000,244,Myra,Kulkarni,1,F,2025-03-18,PAY1501,2857,NETBANKING,MAA - BLR,2025-10,2026-04-20
B1137,P1296,AI094,2025-09-01 11:37:36.951,PENDING,13E,Air India,DEL,BLR,2026-04-20 14:44:41.702,2026-04-20 15:44:42.000,3600298000000,3600298000000,60,Aarav,Joshi,17,F,2009-10-07,PAY1666,6179,CARD,DEL - BLR,2025-09,2026-04-20
B1137,P1296,AI094,2025-09-01 11:37:36.951,PENDING,13E,Air India,DEL,BLR,2026-04-20 14:44:41.702,2026-04-20 15:44:42.000,3600298000000,3600298000000,60,Aarav,Joshi,17,F,2009-10-07,PAY1816,3914,UPI,DEL - BLR,2025-09,2026-04-20
B1138,P1177,AI038,2025-07-14 11:37:36.951,PENDING,6C,Air India,HYD,MAA,2026-04-20 11:05:41.701,2026-04-20 15:44:41.701,16740000000000,16740000000000,279,Reyansh,Patel,70,F,1956-10-04,Unknown,8105,Unknown,HYD - MAA,2025-07,2026-04-20
B1139,P1214,6F255,2026-01-19 11:37:36.951,CONFIRMED,29F,Unknown,DEL,BOM,2026-04-20 11:59:41.703,2026-04-20 15:33:41.703,12840000000000,12840000000000,214,Riya,Mishra,55,M,1971-03-20,PAY1385,6016,UPI,DEL - BOM,2026-01,2026-04-20
B1140,P1966,SJ025,2026-01-23 11:37:36.951,CONFIRMED,29D,SpiceJet,BOM,CCU,2026-04-20 12:02:41.701,2026-04-20 15:29:41.701,12420000000000,12420000000000,207,Riya,Singh,78,M,1948-02-03,PAY1430,8447,NETBANKING,BOM - CCU,2026-01,2026-04-20
B1140,P1966,SJ025,2026-01-23 11:37:36.951,CONFIRMED,29D,SpiceJet,BOM,CCU,2026-04-20 12:02:41.701,2026-04-20 15:29:41.701,12420000000000,12420000000000,207,Riya,Singh,78,M,1948-02-03,PAY1700,8105,CARD,BOM - CCU,2026-01,2026-04-20
B1141,P1314,SJ185,2025-10-28 11:37:36.951,CONFIRMED,9C,SpiceJet,BOM,CCU,2026-04-20 14:21:41.703,2026-04-20 15:21:41.703,3600000000000,3600000000000,60,Anika,Joshi,69,M,1957-10-15,Unknown,8105,Unknown,BOM - CCU,2025-10,2026-04-20
B1142,P1038,6F259,2026-01-21 11:37:36.951,CANCELLED,5C,Unknown,BOM,DEL,2026-04-20 14:10:41.703,2026-04-20 15:21:41.703,4260000000000,4260000000000,71,Ira,Patel,55,M,1971-05-04,PAY1963,4506,CARD,BOM - DEL,2026-01,2026-04-20
B1143,P1258,6F073,2026-04-07 11:37:36.951,CANCELLED,15A,IndiGo,DEL,CCU,2026-04-20 11:38:41.702,2026-04-20 15:18:41.702,13200000000000,13200000000000,220,Diya,Pillai,69,M,1957-10-23,PAY1124,6361,NETBANKING,DEL - CCU,2026-04,2026-04-20
B1144,P1715,AI091,2025-09-26 11:37:36.951,CONFIRMED,6D,Air India,CCU,MAA,2026-04-20 10:52:41.702,2026-04-20 15:15:41.702,15780000000000,15780000000000,263,Vivaan,Mishra,17,M,2009-07-14,PAY1590,8105,CARD,CCU - MAA,2025-09,2026-04-20
B1145,P1006,6F191,2025-08-23 11:37:36.951,PENDING,15D,IndiGo,BLR,DEL,2026-04-20 14:41:41.703,2026-04-20 15:11:41.703,1800000000000,1800000000000,30,Kavya,Nair,87,M,1939-02-25,Unknown,8105,Unknown,BLR - DEL,2025-08,2026-04-20
B1146,P1048,UK228,2025-08-30 11:37:36.951,PENDING,25A,Vistara,DEL,MAA,2026-04-20 11:58:41.704,2026-04-20 15:08:41.704,11400000000000,11400000000000,190,Sai,Mishra,89,M,1937-09-13,PAY1408,8105,UPI,DEL - MAA,2025-08,2026-04-20
B1147,P1537,6F146,2026-03-25 11:37:36.951,PENDING,11E,IndiGo,HYD,MAA,2026-04-20 13:51:41.703,2026-04-20 15:07:41.703,4560000000000,4560000000000,76,Reyansh,Joshi,76,M,1950-10-21,Unknown,8105,Unknown,HYD - MAA,2026-03,2026-04-20
B1148,P1160,6F068,2025-10-13 11:37:36.951,CONFIRMED,19A,IndiGo,BLR,HYD,2026-04-20 11:17:41.701,2026-04-20 15:06:41.701,13740000000000,13740000000000,229,Ananya,Joshi,62,F,1964-09-03,Unknown,8105,Unknown,BLR - HYD,2025-10,2026-04-20
B1149,P1868,SJ218,2026-01-08 11:37:36.951,PENDING,30F,SpiceJet,DEL,HYD,2026-04-20 11:58:41.703,2026-04-20 15:03:41.703,11100000000000,11100000000000,185,Myra,Patel,67,F,1959-02-28,PAY1505,3281,UPI,DEL - HYD,2026-01,2026-04-20
B1149,P1868,SJ218,2026-01-08 11:37:36.951,PENDING,30F,SpiceJet,DEL,HYD,2026-04-20 11:58:41.703,2026-04-20 15:03:41.703,11100000000000,11100000000000,185,Myra,Patel,67,F,1959-02-28,PAY1761,9113,CARD,DEL - HYD,2026-01,2026-04-20
B1150,P1175,UK083,2025-09-25 11:37:36.951,CONFIRMED,12A,Vistara,DEL,HYD,2026-04-20 14:10:41.702,2026-04-20 14:59:41.702,2940000000000,2940000000000,49,Muhammad,Mishra,77,F,1949-10-02,PAY1719,12536,NETBANKING,DEL - HYD,2025-09,2026-04-20
B1151,P1590,SJ007,2026-01-18 11:37:36.951,CANCELLED,29B,SpiceJet,BOM,CCU,2026-04-20 10:03:41.701,2026-04-20 14:53:41.701,17400000000000,17400000000000,290,Vivaan,Naidu,45,M,1981-04-12,PAY1852,8105,CARD,BOM - CCU,2026-01,2026-04-20
B1152,P1001,AI077,2025-08-14 11:37:36.951,PENDING,27A,Air India,CCU,HYD,2026-04-20 13:45:41.702,2026-04-20 14:51:41.702,3960000000000,3960000000000,66,Krishna,Reddy,15,M,2011-03-07,Unknown,8105,Unknown,CCU - HYD,2025-08,2026-04-20
B1153,P1894,UK017,2025-12-20 11:37:36.951,CANCELLED,8D,Vistara,BLR,HYD,2026-04-20 13:14:41.701,2026-04-20 14:49:41.701,5700000000000,5700000000000,95,Krishna,Naidu,62,F,1964-10-06,PAY1836,5774,NETBANKING,BLR - HYD,2025-12,2026-04-20
B1154,P1454,6F229,2026-02-17 11:37:36.951,PENDING,24A,IndiGo,MAA,DEL,2026-04-20 13:10:41.704,2026-04-20 14:30:41.704,4800000000000,4800000000000,80,Vivaan,Ghosh,10,M,2016-08-18,PAY1196,9980,UPI,MAA - DEL,2026-02,2026-04-20
B1155,P1927,6F074,2025-10-08 11:37:36.951,CONFIRMED,6D,IndiGo,HYD,BOM,2026-04-20 11:09:41.702,2026-04-20 14:29:41.702,12000000000000,12000000000000,200,Sai,Reddy,20,F,2006-03-17,Unknown,8105,Unknown,HYD - BOM,2025-10,2026-04-20
B1156,P1643,SJ088,2026-03-25 11:37:36.951,CONFIRMED,5E,SpiceJet,CCU,MAA,2026-04-20 13:54:41.702,2026-04-20 14:26:41.702,1920000000000,1920000000000,32,Muhammad,Das,3,M,2023-12-09,PAY1308,3413,NETBANKING,CCU - MAA,2026-03,2026-04-20
B1157,P1275,SJ167,2025-06-28 11:37:36.951,CONFIRMED,18B,SpiceJet,MAA,CCU,2026-04-20 13:18:41.703,2026-04-20 14:12:41.703,3240000000000,3240000000000,54,Anika,Iyer,84,M,1942-10-03,PAY1096,7902,NETBANKING,MAA - CCU,2025-06,2026-04-20
B1158,P1497,6F234,2025-07-20 11:37:36.951,CONFIRMED,22A,IndiGo,BOM,DEL,2026-04-20 11:20:41.704,2026-04-20 14:11:41.704,10260000000000,10260000000000,171,Ishaan,Naidu,74,M,1952-08-20,PAY1098,14265,UPI,BOM - DEL,2025-07,2026-04-20
B1159,P1628,UK071,2025-12-10 11:37:36.951,PENDING,22F,Vistara,DEL,HYD,2026-04-20 10:50:41.701,2026-04-20 14:06:41.701,11760000000000,11760000000000,196,Sara,Verma,80,M,1946-01-13,PAY1156,8898,CARD,DEL - HYD,2025-12,2026-04-20
B1159,P1628,UK071,2025-12-10 11:37:36.951,PENDING,22F,Vistara,DEL,HYD,2026-04-20 10:50:41.701,2026-04-20 14:06:41.701,11760000000000,11760000000000,196,Sara,Verma,80,M,1946-01-13,PAY1207,8105,CARD,DEL - HYD,2025-12,2026-04-20
B1159,P1628,UK071,2025-12-10 11:37:36.951,PENDING,22F,Vistara,DEL,HYD,2026-04-20 10:50:41.701,2026-04-20 14:06:41.701,11760000000000,11760000000000,196,Sara,Verma,80,M,1946-01-13,PAY1811,8065,CARD,DEL - HYD,2025-12,2026-04-20
B1160,P1675,AI178,2025-11-21 11:37:36.951,CANCELLED,29A,Air India,CCU,BLR,2026-04-20 13:04:41.703,2026-04-20 14:03:41.703,3540000000000,3540000000000,59,Myra,Das,6,F,2020-11-10,PAY1586,5267,UPI,CCU - BLR,2025-11,2026-04-20
B1161,P1799,UK104,2025-11-14 11:37:36.951,CONFIRMED,12A,Vistara,DEL,BOM,2026-04-20 12:30:41.702,2026-04-20 13:52:41.702,4920000000000,4920000000000,82,Muhammad,Singh,51,M,1975-09-22,PAY1763,7145,UPI,DEL - BOM,2025-11,2026-04-20
B1161,P1799,UK104,2025-11-14 11:37:36.951,CONFIRMED,12A,Vistara,DEL,BOM,2026-04-20 12:30:41.702,2026-04-20 13:52:41.702,4920000000000,4920000000000,82,Muhammad,Singh,51,M,1975-09-22,PAY1867,9653,UPI,DEL - BOM,2025-11,2026-04-20
B1161,P1799,UK104,2025-11-14 11:37:36.951,CONFIRMED,12A,Vistara,DEL,BOM,2026-04-20 12:30:41.702,2026-04-20 13:52:41.702,4920000000000,4920000000000,82,Muhammad,Singh,51,M,1975-09-22,PAY1882,7843,CARD,DEL - BOM,2025-11,2026-04-20
B1162,P1027,AI146,2025-04-22 11:37:36.951,INVALID,32D,Air India,BLR,DEL,2026-04-20 10:40:41.702,2026-04-20 13:46:41.702,11160000000000,11160000000000,186,Reyansh,Banerjee,49,F,1977-10-11,Unknown,8105,Unknown,BLR - DEL,2025-04,2026-04-20
B1163,P1332,SJ235,2025-11-10 11:37:36.951,CANCELLED,13D,SpiceJet,BOM,DEL,2026-04-20 09:57:41.704,2026-04-20 13:45:41.704,13680000000000,13680000000000,228,Kavya,Joshi,63,M,1963-07-25,Unknown,8105,Unknown,BOM - DEL,2025-11,2026-04-20
B1164,P1000,6F209,2025-04-24 11:37:36.951,CONFIRMED,24A,IndiGo,MAA,CCU,2026-04-20 08:40:41.703,2026-04-20 13:40:41.703,18000000000000,18000000000000,300,Vivaan,Chatterjee,52,F,1974-04-08,PAY1010,2685,UPI,MAA - CCU,2025-04,2026-04-20
B1165,P1187,AI129,2025-08-20 11:37:36.951,CANCELLED,2F,Air India,BOM,CCU,2026-04-20 10:29:41.702,2026-04-20 13:38:41.702,11340000000000,11340000000000,189,Aditya,Das,59,F,1967-10-20,PAY1236,10425,NETBANKING,BOM - CCU,2025-08,2026-04-20
B1165,P1187,AI129,2025-08-20 11:37:36.951,CANCELLED,2F,Air India,BOM,CCU,2026-04-20 10:29:41.702,2026-04-20 13:38:41.702,11340000000000,11340000000000,189,Aditya,Das,59,F,1967-10-20,PAY1418,9442,UPI,BOM - CCU,2025-08,2026-04-20
B1165,P1187,AI129,2025-08-20 11:37:36.951,CANCELLED,2F,Air India,BOM,CCU,2026-04-20 10:29:41.702,2026-04-20 13:38:41.702,11340000000000,11340000000000,189,Aditya,Das,59,F,1967-10-20,PAY1476,13603,CARD,BOM - CCU,2025-08,2026-04-20
B1165,P1187,AI129,2025-08-20 11:37:36.951,CANCELLED,2F,Air India,BOM,CCU,2026-04-20 10:29:41.702,2026-04-20 13:38:41.702,11340000000000,11340000000000,189,Aditya,Das,59,F,1967-10-20,PAY1813,9628,CARD,BOM - CCU,2025-08,2026-04-20
B1166,P1055,SJ141,2026-01-23 11:37:36.951,CONFIRMED,34D,SpiceJet,CCU,DEL,2026-04-20 10:00:41.702,2026-04-20 13:37:41.702,13020000000000,13020000000000,217,Ishaan,Chatterjee,60,M,1966-10-25,PAY1769,5531,NETBANKING,CCU - DEL,2026-01,2026-04-20
B1167,P1546,SJ018,2026-02-02 11:37:36.951,CANCELLED,9F,SpiceJet,BOM,CCU,2026-04-20 10:58:41.701,2026-04-20 13:31:41.701,9180000000000,9180000000000,153,Aadhya,Kulkarni,12,F,2014-12-03,PAY1563,7043,CARD,BOM - CCU,2026-02,2026-04-20
B1167,P1546,SJ018,2026-02-02 11:37:36.951,CANCELLED,9F,SpiceJet,BOM,CCU,2026-04-20 10:58:41.701,2026-04-20 13:31:41.701,9180000000000,9180000000000,153,Aadhya,Kulkarni,12,F,2014-12-03,PAY1673,12224,UPI,BOM - CCU,2026-02,2026-04-20
B1167,P1546,SJ018,2026-02-02 11:37:36.951,CANCELLED,9F,SpiceJet,BOM,CCU,2026-04-20 10:58:41.701,2026-04-20 13:31:41.701,9180000000000,9180000000000,153,Aadhya,Kulkarni,12,F,2014-12-03,PAY1997,8032,NETBANKING,BOM - CCU,2026-02,2026-04-20
B1168,P1111,UK120,2025-10-14 11:37:36.951,CANCELLED,11C,Vistara,HYD,DEL,2026-04-20 09:19:41.702,2026-04-20 13:30:41.702,15060000000000,15060000000000,251,Krishna,Sharma,33,F,1993-06-15,PAY1250,5436,CARD,HYD - DEL,2025-10,2026-04-20
B1169,P1797,AI078,2025-11-15 11:37:36.951,CONFIRMED,11E,Air India,DEL,BOM,2026-04-20 08:58:41.702,2026-04-20 13:28:41.702,16200000000000,16200000000000,270,Anika,Joshi,50,F,1976-02-16,PAY1481,3796,NETBANKING,DEL - BOM,2025-11,2026-04-20
B1170,P1309,AI079,2025-09-14 11:37:36.951,PENDING,15E,Air India,CCU,BLR,2026-04-20 11:04:41.702,2026-04-20 13:19:41.702,8100000000000,8100000000000,135,Ananya,Agarwal,27,M,1999-11-17,Unknown,8105,Unknown,CCU - BLR,2025-09,2026-04-20
B1171,P1035,UK087,2025-09-19 11:37:36.951,CANCELLED,21A,Vistara,HYD,MAA,2026-04-20 09:49:41.702,2026-04-20 13:17:41.702,12480000000000,12480000000000,208,Vivaan,Ghosh,47,F,1979-09-01,PAY1074,7227,UPI,HYD - MAA,2025-09,2026-04-20
B1171,P1035,UK087,2025-09-19 11:37:36.951,CANCELLED,21A,Vistara,HYD,MAA,2026-04-20 09:49:41.702,2026-04-20 13:17:41.702,12480000000000,12480000000000,208,Vivaan,Ghosh,47,F,1979-09-01,PAY1199,12678,UPI,HYD - MAA,2025-09,2026-04-20
B1171,P1035,UK087,2025-09-19 11:37:36.951,CANCELLED,21A,Vistara,HYD,MAA,2026-04-20 09:49:41.702,2026-04-20 13:17:41.702,12480000000000,12480000000000,208,Vivaan,Ghosh,47,F,1979-09-01,PAY1654,3406,UPI,HYD - MAA,2025-09,2026-04-20
B1172,P1438,UK133,2026-01-17 11:37:36.951,CONFIRMED,8F,Vistara,BOM,DEL,2026-04-20 10:04:41.702,2026-04-20 13:16:41.702,11520000000000,11520000000000,192,Reyansh,Banerjee,51,F,1975-11-26,PAY1458,9221,NETBANKING,BOM - DEL,2026-01,2026-04-20
B1172,P1438,UK133,2026-01-17 11:37:36.951,CONFIRMED,8F,Vistara,BOM,DEL,2026-04-20 10:04:41.702,2026-04-20 13:16:41.702,11520000000000,11520000000000,192,Reyansh,Banerjee,51,F,1975-11-26,PAY1527,10384,NETBANKING,BOM - DEL,2026-01,2026-04-20
B1172,P1438,UK133,2026-01-17 11:37:36.951,CONFIRMED,8F,Vistara,BOM,DEL,2026-04-20 10:04:41.702,2026-04-20 13:16:41.702,11520000000000,11520000000000,192,Reyansh,Banerjee,51,F,1975-11-26,PAY1872,5872,UPI,BOM - DEL,2026-01,2026-04-20
B1173,P1728,AI222,2025-06-01 11:37:36.951,CANCELLED,22E,UNKNOWN,BOM,DEL,2026-04-20 12:10:41.703,2026-04-20 13:14:41.703,3840000000000,3840000000000,64,Ira, patel,72,F,1954-10-18,PAY1832,8105,UPI,BOM - DEL,2025-06,2026-04-20
B1173,P1728,AI222,2025-06-01 11:37:36.951,CANCELLED,22E,UNKNOWN,BOM,DEL,2026-04-20 12:10:41.703,2026-04-20 13:14:41.703,3840000000000,3840000000000,64,Ira,Patel,72,F,1954-02-15,PAY1832,8105,UPI,BOM - DEL,2025-06,2026-04-20
B1174,P1591,6F049,2026-04-12 11:37:36.951,CANCELLED,19D,IndiGo,HYD,DEL,2026-04-20 10:00:41.701,2026-04-20 13:13:41.701,11580000000000,11580000000000,193,Krishna,Mehta,4,M,2022-05-23,PAY1071,8105,NETBANKING,HYD - DEL,2026-04,2026-04-20
B1175,P1825,6F105,2026-01-29 11:37:36.951,PENDING,27D,IndiGo,BLR,BOM,2026-04-20 11:46:41.702,2026-04-20 12:58:41.702,4320000000000,4320000000000,72,Ishaan,Iyer,61,M,1965-09-21,PAY1957,10655,UPI,BLR - BOM,2026-01,2026-04-20
B1176,P1594,SJ226,2025-04-17 11:37:36.951,CANCELLED,7C,SpiceJet,HYD,BOM,2026-04-20 08:47:41.704,2026-04-20 12:54:41.704,14820000000000,14820000000000,247,Diya,Patel,31,F,1995-04-06,Unknown,8105,Unknown,HYD - BOM,2025-04,2026-04-20
B1177,P1576,SJ227,2025-07-29 11:37:36.951,CANCELLED,34D,SpiceJet,BOM,CCU,2026-04-20 08:32:41.704,2026-04-20 12:53:41.704,15660000000000,15660000000000,261,Ira,Naidu,50,M,1976-07-17,PAY1626,12413,NETBANKING,BOM - CCU,2025-07,2026-04-20
B1178,P1324,6F034,2026-02-05 11:37:36.951,CONFIRMED,34E,IndiGo,BOM,DEL,2026-04-20 11:53:41.701,2026-04-20 12:49:41.701,3360000000000,3360000000000,56,Saanvi,Naidu,30,F,1996-06-21,PAY1460,8105,NETBANKING,BOM - DEL,2026-02,2026-04-20
B1179,P1639,SJ078,2025-10-03 11:37:36.951,CONFIRMED,33D,SpiceJet,DEL,HYD,2026-04-20 09:41:41.701,2026-04-20 12:49:41.701,11280000000000,11280000000000,188,Diya,Mishra,15,M,2011-03-16,PAY1161,3496,UPI,DEL - HYD,2025-10,2026-04-20
B1179,P1639,SJ078,2025-10-03 11:37:36.951,CONFIRMED,33D,SpiceJet,DEL,HYD,2026-04-20 09:41:41.701,2026-04-20 12:49:41.701,11280000000000,11280000000000,188,Diya,Mishra,15,M,2011-03-16,PAY1440,4786,NETBANKING,DEL - HYD,2025-10,2026-04-20
B1179,P1639,SJ078,2025-10-03 11:37:36.951,CONFIRMED,33D,SpiceJet,DEL,HYD,2026-04-20 09:41:41.701,2026-04-20 12:49:41.701,11280000000000,11280000000000,188,Diya,Mishra,15,M,2011-03-16,PAY1565,2338,UPI,DEL - HYD,2025-10,2026-04-20
B1180,P1306,AI240,2026-04-10 11:37:36.951,PENDING,22F,Air India,MAA,DEL,2026-04-20 10:19:41.704,2026-04-20 12:46:41.704,8820000000000,8820000000000,147,Shaurya,Verma,54,F,1972-04-18,Unknown,8105,Unknown,MAA - DEL,2026-04,2026-04-20
B1181,P1533,SJ002,2026-03-29 11:37:36.951,CANCELLED,12E,SpiceJet,DEL,BOM,2026-04-20 07:54:41.701,2026-04-20 12:40:41.701,17160000000000,17160000000000,286,Aditya,Verma,49,F,1977-05-04,Unknown,8105,Unknown,DEL - BOM,2026-03,2026-04-20
B1182,P1727,AI044,2025-08-11 11:37:36.951,CANCELLED,3A,UNKNOWN,MAA,BLR,2026-04-20 09:03:41.701,2026-04-20 12:36:41.701,12780000000000,12780000000000,213,Aadhya,das,34,M,1992-11-27,PAY1275,9006,UPI,MAA - BLR,2025-08,2026-04-20
B1182,P1727,AI044,2025-08-11 11:37:36.951,CANCELLED,3A,UNKNOWN,MAA,BLR,2026-04-20 09:03:41.701,2026-04-20 12:36:41.701,12780000000000,12780000000000,213,Aadhya,Das,34,M,1992-04-07,PAY1275,9006,UPI,MAA - BLR,2025-08,2026-04-20
B1183,P1618,UK076,2025-06-22 11:37:36.951,CANCELLED,8C,Vistara,MAA,CCU,2026-04-20 08:03:41.702,2026-04-20 12:26:41.702,15780000000000,15780000000000,263,Ishaan,Sharma,38,F,1988-11-20,Unknown,8105,Unknown,MAA - CCU,2025-06,2026-04-20
B1184,P1108,6F232,2025-08-01 11:37:36.951,PENDING,28E,IndiGo,MAA,BLR,2026-04-20 10:39:41.704,2026-04-20 12:22:41.704,6180000000000,6180000000000,103,Ishaan,Kulkarni,8,M,2018-02-08,Unknown,8105,Unknown,MAA - BLR,2025-08,2026-04-20
B1184,P1108,6F232,2025-08-01 11:37:36.951,PENDING,28E,IndiGo,MAA,BLR,2026-04-20 10:39:41.704,2026-04-20 12:22:41.704,6180000000000,6180000000000,103,IshaanKulkarni,Unknown,8,M,2018-06-13,Unknown,8105,Unknown,MAA - BLR,2025-08,2026-04-20
B1185,P1371,SJ228,2025-08-16 11:37:36.951,CANCELLED,25E,SpiceJet,BOM,CCU,2026-04-20 08:29:41.704,2026-04-20 12:16:41.704,13620000000000,13620000000000,227,Diya,Joshi,8,M,2018-11-05,PAY1152,13080,CARD,BOM - CCU,2025-08,2026-04-20
B1186,P1356,SJ074,2026-04-04 11:37:36.951,CONFIRMED,1B,SpiceJet,DEL,CCU,2026-04-20 11:21:41.701,2026-04-20 12:02:41.701,2460000000000,2460000000000,41,Ananya,Reddy,48,F,1978-08-03,Unknown,8105,Unknown,DEL - CCU,2026-04,2026-04-20
B1187,P1180,UK229,2025-08-04 11:37:36.951,PENDING,7F,UNKNOWN,HYD,DEL,2026-04-20 07:40:41.704,2026-04-20 11:57:41.704,15420000000000,15420000000000,257,Anika,Gupta,9,F,2017-12-09,PAY1031,6626,NETBANKING,HYD - DEL,2025-08,2026-04-20
B1188,P1355,AI208,2026-04-04 11:37:36.951,CONFIRMED,6A,Air India,BLR,BOM,2026-04-20 08:38:41.703,2026-04-20 11:52:41.703,11640000000000,11640000000000,194,Ishaan,Iyer,43,F,1983-12-17,Unknown,8105,Unknown,BLR - BOM,2026-04,2026-04-20
B1189,P1675,AI019,2025-11-23 11:37:36.951,CONFIRMED,14F,Air India,BOM,CCU,2026-04-20 10:49:41.701,2026-04-20 11:51:41.701,3720000000000,3720000000000,62,Myra,Das,6,F,2020-11-10,Unknown,8105,Unknown,BOM - CCU,2025-11,2026-04-20
B1190,P1067,6F029,2025-05-23 11:37:36.951,PENDING,12B,IndiGo,BOM,BLR,2026-04-20 07:31:41.701,2026-04-20 11:45:41.701,15240000000000,15240000000000,254,Reyansh,Pillai,6,F,2020-12-14,Unknown,8105,Unknown,BOM - BLR,2025-05,2026-04-20
B1191,P1291,6F018,2025-04-27 11:37:36.951,CONFIRMED,25B,IndiGo,DEL,BLR,2026-04-20 10:57:41.701,2026-04-20 11:43:41.701,2760000000000,2760000000000,46,Anika,Verma,48,M,1978-09-14,Unknown,8105,Unknown,DEL - BLR,2025-04,2026-04-20
B1192,P1691,AI059,2025-06-23 11:37:36.951,CANCELLED,7D,Air India,CCU,DEL,2026-04-20 09:16:41.701,2026-04-20 11:43:41.701,8820000000000,8820000000000,147,Vivaan,Agarwal,26,M,2000-08-16,PAY1922,8105,UPI,CCU - DEL,2025-06,2026-04-20
B1193,P1180,AI159,2025-05-22 11:37:36.951,PENDING,13D,Air India,HYD,BLR,2026-04-20 09:23:41.703,2026-04-20 11:36:41.703,7980000000000,7980000000000,133,Anika,Gupta,9,F,2017-12-09,Unknown,8105,Unknown,HYD - BLR,2025-05,2026-04-20
B1194,P1465,6F091,2025-07-11 11:37:36.951,CONFIRMED,14F,IndiGo,BLR,CCU,2026-04-20 10:10:41.702,2026-04-20 11:36:41.702,5160000000000,5160000000000,86,Vivaan,Chatterjee,24,M,2002-10-10,Unknown,8105,Unknown,BLR - CCU,2025-07,2026-04-20
B1195,P1433,6F084,2025-07-20 11:37:36.951,CANCELLED,10B,IndiGo,CCU,HYD,2026-04-20 10:34:41.702,2026-04-20 11:34:42.000,3600298000000,3600298000000,60,Reyansh,Naidu,22,F,2004-02-01,PAY1351,13205,UPI,CCU - HYD,2025-07,2026-04-20
B1195,P1433,6F084,2025-07-20 11:37:36.951,CANCELLED,10B,IndiGo,CCU,HYD,2026-04-20 10:34:41.702,2026-04-20 11:34:42.000,3600298000000,3600298000000,60,Reyansh,Naidu,22,F,2004-02-01,PAY1618,6019,CARD,CCU - HYD,2025-07,2026-04-20
B1196,P1463,UK170,2026-01-15 11:37:36.951,CANCELLED,20C,Vistara,BOM,BLR,2026-04-20 09:42:41.703,2026-04-20 11:32:41.703,6600000000000,6600000000000,110,Vivaan,Gupta,4,F,2022-05-22,Unknown,8105,Unknown,BOM - BLR,2026-01,2026-04-20
B1197,P1680,UK212,2025-05-19 11:37:36.951,CONFIRMED,2E,Vistara,HYD,MAA,2026-04-20 10:46:41.704,2026-04-20 11:31:41.704,2700000000000,2700000000000,45,Ira,Iyer,66,M,1960-12-24,PAY1227,8877,CARD,HYD - MAA,2025-05,2026-04-20
B1198,P1913,SJ022,2025-06-16 11:37:36.951,INVALID,29A,SpiceJet,DEL,BLR,2026-04-20 07:56:41.701,2026-04-20 11:07:41.701,11460000000000,11460000000000,191,Ananya,Nair,66,F,1960-10-14,PAY1193,1830,CARD,DEL - BLR,2025-06,2026-04-20
B1199,P1533,SJ075,2025-12-13 11:37:36.951,PENDING,30E,SpiceJet,MAA,BLR,2026-04-20 09:26:41.701,2026-04-20 11:03:41.701,5820000000000,5820000000000,97,Aditya,Verma,49,F,1977-05-04,PAY1035,12301,NETBANKING,MAA - BLR,2025-12,2026-04-20
B1199,P1533,SJ075,2025-12-13 11:37:36.951,PENDING,30E,SpiceJet,MAA,BLR,2026-04-20 09:26:41.701,2026-04-20 11:03:41.701,5820000000000,5820000000000,97,Aditya,Verma,49,F,1977-05-04,PAY1363,1199,CARD,MAA - BLR,2025-12,2026-04-20
B1200,P1065,UK177,2025-09-17 11:37:36.951,CONFIRMED,16B,Vistara,DEL,HYD,2026-04-20 06:21:41.703,2026-04-20 10:50:41.703,16140000000000,16140000000000,269,Ishaan,Kulkarni,4,F,2022-10-10,PAY1492,10067,NETBANKING,DEL - HYD,2025-09,2026-04-20
B1200,P1065,UK177,2025-09-17 11:37:36.951,CONFIRMED,16B,Vistara,DEL,HYD,2026-04-20 06:21:41.703,2026-04-20 10:50:41.703,16140000000000,16140000000000,269,Ishaan,Kulkarni,4,F,2022-10-10,PAY1529,14034,CARD,DEL - HYD,2025-09,2026-04-20
B1200,P1065,UK177,2025-09-17 11:37:36.951,CONFIRMED,16B,Vistara,DEL,HYD,2026-04-20 06:21:41.703,2026-04-20 10:50:41.703,16140000000000,16140000000000,269,Ishaan,Kulkarni,4,F,2022-10-10,PAY1883,6712,NETBANKING,DEL - HYD,2025-09,2026-04-20
B1201,P1020,UK206,2026-02-01 11:37:36.951,CANCELLED,3A,Vistara,MAA,BLR,2026-04-20 06:01:41.703,2026-04-20 10:34:41.703,16380000000000,16380000000000,273,Ananya,Khan,60,M,1966-12-18,PAY1845,7339,CARD,MAA - BLR,2026-02,2026-04-20
B1202,P1611,UK079,2025-04-29 11:37:36.951,CANCELLED,29C,Vistara,DEL,BLR,2026-04-20 06:43:41.702,2026-04-20 10:34:41.702,13860000000000,13860000000000,231,Sai,Banerjee,3,F,2023-05-22,PAY1223,1973,UPI,DEL - BLR,2025-04,2026-04-20
B1203,P1383,UK040,2025-06-21 11:37:36.951,CONFIRMED,3B,Vistara,HYD,CCU,2026-04-20 09:15:41.701,2026-04-20 10:32:41.701,4620000000000,4620000000000,77,Arjun,Nair,25,M,2001-06-18,PAY1022,12775,NETBANKING,HYD - CCU,2025-06,2026-04-20
B1204,P1811,AI034,2025-07-25 11:37:36.951,CONFIRMED,30A,Air India,DEL,BOM,2026-04-20 05:48:41.701,2026-04-20 10:31:41.701,16980000000000,16980000000000,283,Muhammad, Banerjee,12,F,2014-01-04,PAY1814,14106,CARD,DEL - BOM,2025-07,2026-04-20
B1204,P1811,AI034,2025-07-25 11:37:36.951,CONFIRMED,30A,Air India,DEL,BOM,2026-04-20 05:48:41.701,2026-04-20 10:31:41.701,16980000000000,16980000000000,283,Muhammad, Bbanerjee,12,F,2014-06-14,PAY1814,14106,CARD,DEL - BOM,2025-07,2026-04-20
B1204,P1811,AI034,2025-07-25 11:37:36.951,CONFIRMED,30A,Air India,DEL,BOM,2026-04-20 05:48:41.701,2026-04-20 10:31:41.701,16980000000000,16980000000000,283,Muhammad,Banerjee,12,F,2014-02-05,PAY1814,14106,CARD,DEL - BOM,2025-07,2026-04-20
B1205,P1614,UK034,2025-10-18 11:37:36.951,CONFIRMED,23F,Vistara,DEL,BLR,2026-04-20 06:47:41.701,2026-04-20 10:11:41.701,12240000000000,12240000000000,204,Aarav,Reddy,63,F,1963-09-12,PAY1888,10453,UPI,DEL - BLR,2025-10,2026-04-20
B1206,P1558,AI088,2025-07-02 11:37:36.951,CONFIRMED,13A,UNKNOWN,MAA,DEL,2026-04-20 06:34:41.702,2026-04-20 10:10:41.702,12960000000000,12960000000000,216,Diya,Joshi,39,M,1987-04-16,Unknown,8105,Unknown,MAA - DEL,2025-07,2026-04-20
B1207,P1038,AI128,2025-06-11 11:37:36.951,PENDING,26A,Unknown,BOM,CCU,2026-04-20 06:07:41.702,2026-04-20 10:03:41.702,14160000000000,14160000000000,236,Ira,Patel,55,M,1971-05-04,PAY1191,10824,CARD,BOM - CCU,2025-06,2026-04-20
B1208,P1284,SJ052,2025-07-22 11:37:36.951,INVALID,9A,SpiceJet,MAA,BLR,2026-04-20 08:20:41.701,2026-04-20 09:57:41.701,5820000000000,5820000000000,97,Vivaan,Mishra,61,M,1965-04-19,PAY1706,9105,NETBANKING,MAA - BLR,2025-07,2026-04-20
B1208,P1284,SJ052,2025-07-22 11:37:36.951,INVALID,9A,SpiceJet,MAA,BLR,2026-04-20 08:20:41.701,2026-04-20 09:57:41.701,5820000000000,5820000000000,97,Vivaan,Mishra,61,M,1965-04-19,PAY1928,12966,CARD,MAA - BLR,2025-07,2026-04-20
B1209,P1821,AI233,2025-12-15 11:37:36.951,PENDING,3A,Air India,BLR,BOM,2026-04-20 08:04:41.704,2026-04-20 09:52:41.704,6480000000000,6480000000000,108,Aadhya,Pillai,86,M,1940-08-06,PAY1168,10307,NETBANKING,BLR - BOM,2025-12,2026-04-20
B1210,P1601,AI012,2026-01-20 11:37:36.951,PENDING,3C,Air India,BOM,CCU,2026-04-20 05:44:41.701,2026-04-20 09:47:41.701,14580000000000,14580000000000,243,Krishna,Naidu,39,M,1987-12-28,Unknown,8105,Unknown,BOM - CCU,2026-01,2026-04-20
B1211,P1596,AI084,2025-07-07 11:37:36.951,CONFIRMED,34A,Air India,BOM,HYD,2026-04-20 08:31:41.702,2026-04-20 09:46:41.702,4500000000000,4500000000000,75,Vivaan,Das,61,M,1965-02-04,Unknown,8105,Unknown,BOM - HYD,2025-07,2026-04-20
B1212,P1784,6F126,2025-07-08 11:37:36.951,PENDING,34B,IndiGo,CCU,MAA,2026-04-20 08:21:41.702,2026-04-20 09:39:41.702,4680000000000,4680000000000,78,Ira,Kulkarni,55,F,1971-09-21,PAY1113,8422,NETBANKING,CCU - MAA,2025-07,2026-04-20
B1213,P1335,SJ061,2025-06-16 11:37:36.951,CONFIRMED,2E,SpiceJet,MAA,BLR,2026-04-20 06:38:41.701,2026-04-20 09:35:41.701,10620000000000,10620000000000,177,Aadhya,Pillai,87,F,1939-12-23,Unknown,8105,Unknown,MAA - BLR,2025-06,2026-04-20
B1214,P1187,UK194,2025-08-14 11:37:36.951,Unknown,23B,Vistara,CCU,BOM,2026-04-20 08:26:41.703,2026-04-20 09:26:42.000,3600297000000,3600297000000,60,Aditya,Das,59,F,1967-10-20,Unknown,8105,Unknown,CCU - BOM,2025-08,2026-04-20
B1215,P1670,AI135,2025-08-08 11:37:36.951,CANCELLED,28C,Air India,BLR,BOM,2026-04-20 06:40:41.702,2026-04-20 09:21:41.702,9660000000000,9660000000000,161,Aarav,Banerjee,77,M,1949-06-22,PAY1216,9065,NETBANKING,BLR - BOM,2025-08,2026-04-20
B1215,P1670,AI135,2025-08-08 11:37:36.951,CANCELLED,28C,Air India,BLR,BOM,2026-04-20 06:40:41.702,2026-04-20 09:21:41.702,9660000000000,9660000000000,161,Aarav,Banerjee,77,M,1949-06-22,PAY1228,2886,NETBANKING,BLR - BOM,2025-08,2026-04-20
B1216,P1242,6F238,2025-12-09 11:37:36.951,CONFIRMED,10A,IndiGo,BOM,DEL,2026-04-20 08:31:41.704,2026-04-20 09:19:41.704,2880000000000,2880000000000,48,Ishaan,Nair,82,M,1944-12-21,PAY1346,1150,CARD,BOM - DEL,2025-12,2026-04-20
B1216,P1242,6F238,2025-12-09 11:37:36.951,CONFIRMED,10A,IndiGo,BOM,DEL,2026-04-20 08:31:41.704,2026-04-20 09:19:41.704,2880000000000,2880000000000,48,Ishaan,Nair,82,M,1944-12-21,PAY1530,12780,UPI,BOM - DEL,2025-12,2026-04-20
B1216,P1242,6F238,2025-12-09 11:37:36.951,CONFIRMED,10A,IndiGo,BOM,DEL,2026-04-20 08:31:41.704,2026-04-20 09:19:41.704,2880000000000,2880000000000,48,Ishaan,Nair,82,M,1944-12-21,PAY1878,5236,NETBANKING,BOM - DEL,2025-12,2026-04-20
B1217,P1072,6F092,2026-03-19 11:37:36.951,CANCELLED,32C,IndiGo,MAA,BLR,2026-04-20 08:39:41.702,2026-04-20 09:15:41.702,2160000000000,2160000000000,36,Krishna,Banerjee,18,M,2008-02-22,Unknown,8105,Unknown,MAA - BLR,2026-03,2026-04-20
B1218,P1478,AI213,2025-11-13 11:37:36.951,PENDING,2D,Air India,HYD,CCU,2026-04-20 08:03:41.703,2026-04-20 09:14:41.703,4260000000000,4260000000000,71,Myra,Kulkarni,43,M,1983-05-06,Unknown,8105,Unknown,HYD - CCU,2025-11,2026-04-20
B1219,P1973,UK193,2026-02-15 11:37:36.951,CANCELLED,1B,Vistara,HYD,DEL,2026-04-20 08:39:41.703,2026-04-20 09:14:41.703,2100000000000,2100000000000,35,Kavya,Mishra,40,F,1986-02-18,Unknown,8105,Unknown,HYD - DEL,2026-02,2026-04-20
B1220,P1560,6F178,2026-04-04 11:37:36.951,PENDING,29C,IndiGo,BOM,CCU,2026-04-20 04:48:41.703,2026-04-20 09:11:41.703,15780000000000,15780000000000,263,Muhammad,Joshi,5,M,2021-07-06,PAY1172,11076,UPI,BOM - CCU,2026-04,2026-04-20
B1221,P1100,AI158,2026-03-06 11:37:36.951,CONFIRMED,19D,Air India,CCU,DEL,2026-04-20 06:04:41.703,2026-04-20 09:01:41.703,10620000000000,10620000000000,177,Muhammad,Joshi,9,M,2017-05-02,PAY1094,13659,UPI,CCU - DEL,2026-03,2026-04-20
B1221,P1100,AI158,2026-03-06 11:37:36.951,CONFIRMED,19D,Air India,CCU,DEL,2026-04-20 06:04:41.703,2026-04-20 09:01:41.703,10620000000000,10620000000000,177,Muhammad,Joshi,9,M,2017-05-02,PAY1134,5138,UPI,CCU - DEL,2026-03,2026-04-20
B1222,P1513,UK208,2026-03-30 11:37:36.951,PENDING,8A,Vistara,DEL,CCU,2026-04-20 03:54:41.704,2026-04-20 08:51:41.704,17820000000000,17820000000000,297,Myra,Kulkarni,36,M,1990-03-23,Unknown,8105,Unknown,DEL - CCU,2026-03,2026-04-20
B1223,P1755,6F056,2026-04-09 11:37:36.951,Unknown,15A,IndiGo,BOM,MAA,2026-04-20 07:00:41.701,2026-04-20 08:49:41.701,6540000000000,6540000000000,109,Reyansh,Verma,79,M,1947-06-05,PAY1159,1794,UPI,BOM - MAA,2026-04,2026-04-20
B1224,P1175,UK185,2025-10-26 11:37:36.951,CONFIRMED,1E,Vistara,DEL,MAA,2026-04-20 07:31:41.703,2026-04-20 08:48:41.703,4620000000000,4620000000000,77,Muhammad,Mishra,77,F,1949-10-02,Unknown,8105,Unknown,DEL - MAA,2025-10,2026-04-20
B1225,P1237,AI163,2026-01-13 11:37:36.951,PENDING,4D,Air India,HYD,MAA,2026-04-20 07:45:41.703,2026-04-20 08:46:41.703,3660000000000,3660000000000,61,Ishaan,Kulkarni,71,F,1955-07-19,PAY1433,8105,CARD,HYD - MAA,2026-01,2026-04-20
B1225,P1237,AI163,2026-01-13 11:37:36.951,PENDING,4D,Air India,HYD,MAA,2026-04-20 07:45:41.703,2026-04-20 08:46:41.703,3660000000000,3660000000000,61,Ishaan,Kulkarni,71,F,1955-07-19,PAY1480,3895,CARD,HYD - MAA,2026-01,2026-04-20
B1226,P1909,AI112,2025-08-23 11:37:36.951,CONFIRMED,15C,Air India,DEL,BLR,2026-04-20 04:41:41.702,2026-04-20 08:24:41.702,13380000000000,13380000000000,223,Ananya,Chatterjee,6,M,2020-07-25,PAY1730,8968,NETBANKING,DEL - BLR,2025-08,2026-04-20
B1227,P1058,AI227,2025-10-23 11:37:36.951,CANCELLED,12A,Air India,BLR,MAA,2026-04-20 04:31:41.703,2026-04-20 08:17:41.703,13560000000000,13560000000000,226,Diya,Mehta,8,F,2018-01-10,PAY1450,8105,CARD,BLR - MAA,2025-10,2026-04-20
B1228,P1864,SJ083,2026-04-17 11:37:36.951,CONFIRMED,29D,SpiceJet,MAA,BLR,2026-04-20 05:13:41.702,2026-04-20 08:17:41.702,11040000000000,11040000000000,184,Anika,Singh,84,M,1942-05-25,PAY1859,4629,CARD,MAA - BLR,2026-04,2026-04-20
B1228,P1864,SJ083,2026-04-17 11:37:36.951,CONFIRMED,29D,SpiceJet,MAA,BLR,2026-04-20 05:13:41.702,2026-04-20 08:17:41.702,11040000000000,11040000000000,184,Anika,Singh,84,M,1942-05-25,PAY1910,7087,UPI,MAA - BLR,2026-04,2026-04-20
B1229,P1098,UK073,2026-02-07 11:37:36.951,CONFIRMED,13F,Vistara,BLR,CCU,2026-04-20 03:59:41.702,2026-04-20 08:09:41.702,15000000000000,15000000000000,250,Reyansh,Chatterjee,89,F,1937-03-06,Unknown,8105,Unknown,BLR - CCU,2026-02,2026-04-20
B1230,P1953,6F169,2025-04-29 11:37:36.951,PENDING,6C,IndiGo,BOM,DEL,2026-04-20 03:27:41.703,2026-04-20 08:06:41.703,16740000000000,16740000000000,279,Kavya,Iyer,73,F,1953-11-01,PAY1358,4532,CARD,BOM - DEL,2025-04,2026-04-20
B1231,P1870,UK154,2026-04-06 11:37:36.951,CANCELLED,27D,Vistara,MAA,HYD,2026-04-20 04:00:41.703,2026-04-20 07:57:41.703,14220000000000,14220000000000,237,Reyansh,Patel,86,F,1940-07-28,PAY1129,6547,UPI,MAA - HYD,2026-04,2026-04-20
B1231,P1870,UK154,2026-04-06 11:37:36.951,CANCELLED,27D,Vistara,MAA,HYD,2026-04-20 04:00:41.703,2026-04-20 07:57:41.703,14220000000000,14220000000000,237,Reyansh,Patel,86,F,1940-07-28,PAY1175,5009,UPI,MAA - HYD,2026-04,2026-04-20
B1232,P1953,SJ169,2025-10-06 11:37:36.951,CONFIRMED,32F,SpiceJet,BOM,MAA,2026-04-20 03:10:41.703,2026-04-20 07:56:41.703,17160000000000,17160000000000,286,Kavya,Iyer,73,F,1953-11-01,Unknown,8105,Unknown,BOM - MAA,2025-10,2026-04-20
B1233,P1494,6F187,2025-05-13 11:37:36.951,CANCELLED,5F,IndiGo,BOM,MAA,2026-04-20 03:19:41.703,2026-04-20 07:37:41.703,15480000000000,15480000000000,258,Krishna,Chatterjee,81,F,1945-03-16,PAY1325,1617,NETBANKING,BOM - MAA,2025-05,2026-04-20
B1234,P1946,UK210,2025-11-21 11:37:36.951,CANCELLED,33A,Vistara,DEL,CCU,2026-04-20 06:35:41.704,2026-04-20 07:30:41.704,3300000000000,3300000000000,55,Aditya,Mehta,2,M,2024-05-16,PAY1102,7984,CARD,DEL - CCU,2025-11,2026-04-20
B1235,P1979,6F250,2025-12-23 11:37:36.951,PENDING,13D,UNKNOWN,DEL,BLR,2026-04-20 03:26:41.701,2026-04-20 07:30:41.701,14640000000000,14640000000000,244,Kavya,Gupta,11,M,2015-08-13,PAY1448,8105,NETBANKING,DEL - BLR,2025-12,2026-04-20
B1235,P1979,6F250,2025-12-23 11:37:36.951,PENDING,13D,UNKNOWN,DEL,BLR,2026-04-20 03:26:41.701,2026-04-20 07:30:41.701,14640000000000,14640000000000,244,Kavya,Gupta,11,M,2015-08-13,PAY1866,1237,CARD,DEL - BLR,2025-12,2026-04-20
B1235,P1979,6F250,2025-12-23 11:37:36.951,PENDING,13D,UNKNOWN,CCU,BLR,2026-04-20 02:23:41.702,2026-04-20 02:56:41.702,1980000000000,1980000000000,33,Kavya,Gupta,11,M,2015-08-13,PAY1448,8105,NETBANKING,CCU - BLR,2025-12,2026-04-20
B1235,P1979,6F250,2025-12-23 11:37:36.951,PENDING,13D,UNKNOWN,CCU,BLR,2026-04-20 02:23:41.702,2026-04-20 02:56:41.702,1980000000000,1980000000000,33,Kavya,Gupta,11,M,2015-08-13,PAY1866,1237,CARD,CCU - BLR,2025-12,2026-04-20
B1236,P1513,AI062,2025-07-05 11:37:36.951,CONFIRMED,25A,Air India,MAA,DEL,2026-04-20 06:49:41.701,2026-04-20 07:25:41.701,2160000000000,2160000000000,36,Myra,Kulkarni,36,M,1990-03-23,Unknown,8105,Unknown,MAA - DEL,2025-07,2026-04-20
B1237,P1754,AI047,2025-11-16 11:37:36.951,Unknown,15B,Unknown,CCU,MAA,2026-04-20 06:36:41.701,2026-04-20 07:23:41.701,2820000000000,2820000000000,47,Arjun,Gupta,30,M,1996-05-25,Unknown,8105,Unknown,CCU - MAA,2025-11,2026-04-20
B1238,P1296,SJ186,2025-10-20 11:37:36.951,Unknown,8E,SpiceJet,CCU,DEL,2026-04-20 05:11:41.703,2026-04-20 07:22:41.703,7860000000000,7860000000000,131,Aarav,Joshi,17,F,2009-10-07,PAY1324,3231,UPI,CCU - DEL,2025-10,2026-04-20
B1239,P1210,AI217,2025-11-17 11:37:36.951,CANCELLED,30A,Air India,CCU,BLR,2026-04-20 04:57:41.703,2026-04-20 07:14:41.703,8220000000000,8220000000000,137,Saanvi,Sharma,32,F,1994-12-23,PAY1208,8822,UPI,CCU - BLR,2025-11,2026-04-20
B1240,P1122,UK100,2025-12-31 11:37:36.951,CONFIRMED,17A,Vistara,CCU,BLR,2026-04-20 04:40:41.702,2026-04-20 07:12:41.702,9120000000000,9120000000000,152,Ananya,Verma,23,M,2003-01-02,PAY1406,12242,UPI,CCU - BLR,2025-12,2026-04-20
B1241,P1228,UK116,2025-12-16 11:37:36.951,CONFIRMED,10A,Vistara,CCU,BOM,2026-04-20 03:18:41.702,2026-04-20 07:06:41.702,13680000000000,13680000000000,228,Anika,Iyer,80,F,1946-07-05,PAY1838,8105,NETBANKING,CCU - BOM,2025-12,2026-04-20
B1242,P1593,6F036,2025-12-01 11:37:36.951,CANCELLED,26C,IndiGo,CCU,BLR,2026-04-20 02:14:41.701,2026-04-20 06:57:41.701,16980000000000,16980000000000,283,Myra,Iyer,70,F,1956-10-26,Unknown,8105,Unknown,CCU - BLR,2025-12,2026-04-20
B1243,P1655,AI175,2026-01-22 11:37:36.951,CANCELLED,29E,Air India,BOM,HYD,2026-04-20 03:08:41.703,2026-04-20 06:55:41.703,13620000000000,13620000000000,227,Aditya,Singh,8,M,2018-06-21,Unknown,8105,Unknown,BOM - HYD,2026-01,2026-04-20
B1244,P1387,UK051,2025-08-18 11:37:36.951,CONFIRMED,27D,Vistara,HYD,DEL,2026-04-20 03:55:41.701,2026-04-20 06:55:41.701,10800000000000,10800000000000,180,Anika,Sharma,22,F,2004-09-19,PAY1248,4954,CARD,HYD - DEL,2025-08,2026-04-20
B1245,P1139,6F201,2026-04-17 11:37:36.951,Unknown,26A,IndiGo,CCU,BOM,2026-04-20 02:09:41.703,2026-04-20 06:49:41.703,16800000000000,16800000000000,280,Aarav,Agarwal,15,F,2011-11-26,PAY1639,3163,CARD,CCU - BOM,2026-04,2026-04-20
B1246,P1540,6F230,2026-04-09 11:37:36.951,CONFIRMED,33B,IndiGo,CCU,BLR,2026-04-20 03:34:41.704,2026-04-20 06:47:41.704,11580000000000,11580000000000,193,Kavya,Khan,28,F,1998-03-26,PAY1784,11516,CARD,CCU - BLR,2026-04,2026-04-20
B1247,P1390,SJ138,2025-08-13 11:37:36.951,CANCELLED,15F,Unknown,BLR,BOM,2026-04-20 05:55:41.702,2026-04-20 06:43:41.702,2880000000000,2880000000000,48,Aarav,Mehta,86,F,1940-03-19,PAY1953,7659,CARD,BLR - BOM,2025-08,2026-04-20
B1248,P1269,AI246,2026-03-04 11:37:36.951,PENDING,16B,Air India,BOM,BLR,2026-04-20 03:22:41.704,2026-04-20 06:41:41.704,11940000000000,11940000000000,199,Aarav,Verma,33,M,1993-12-11,Unknown,8105,Unknown,BOM - BLR,2026-03,2026-04-20
B1249,P1758,6F179,2025-06-06 11:37:36.951,CANCELLED,26B,IndiGo,HYD,MAA,2026-04-20 02:25:41.703,2026-04-20 06:40:41.703,15300000000000,15300000000000,255,Shaurya,Agarwal,52,M,1974-09-28,PAY1320,1969,UPI,HYD - MAA,2025-06,2026-04-20
B1249,P1758,6F179,2025-06-06 11:37:36.951,CANCELLED,26B,IndiGo,HYD,MAA,2026-04-20 02:25:41.703,2026-04-20 06:40:41.703,15300000000000,15300000000000,255,Shaurya,Agarwal,52,M,1974-09-28,PAY1494,3055,NETBANKING,HYD - MAA,2025-06,2026-04-20
B1250,P1011,6F031,2026-01-28 11:37:36.951,CANCELLED,16F,IndiGo,BOM,BLR,2026-04-20 02:00:41.701,2026-04-20 06:37:41.701,16620000000000,16620000000000,277,Sara,Naidu,3,M,2023-04-19,PAY1758,6498,NETBANKING,BOM - BLR,2026-01,2026-04-20
B1251,P1866,UK015,2025-08-30 11:37:36.951,PENDING,29A,Vistara,BLR,BOM,2026-04-20 04:46:41.701,2026-04-20 06:33:41.701,6420000000000,6420000000000,107,Ishaan,Gupta,68,F,1958-08-04,PAY1521,6953,UPI,BLR - BOM,2025-08,2026-04-20
B1252,P1388,UK001,2025-04-21 11:37:36.951,CANCELLED,27C,Vistara,CCU,DEL,2026-04-20 05:06:41.700,2026-04-20 06:31:41.700,5100000000000,5100000000000,85,Reyansh,Das,58,M,1968-02-17,PAY1805,1480,CARD,CCU - DEL,2025-04,2026-04-20
B1253,P1336,6F133,2026-02-27 11:37:36.951,CANCELLED,15E,IndiGo,MAA,BLR,2026-04-20 04:38:41.702,2026-04-20 06:25:41.702,6420000000000,6420000000000,107,Arjun,Iyer,33,M,1993-12-21,PAY1266,2153,NETBANKING,MAA - BLR,2026-02,2026-04-20
B1253,P1336,6F133,2026-02-27 11:37:36.951,CANCELLED,15E,IndiGo,MAA,BLR,2026-04-20 04:38:41.702,2026-04-20 06:25:41.702,6420000000000,6420000000000,107,Arjun,Iyer,33,M,1993-12-21,PAY1439,14029,NETBANKING,MAA - BLR,2026-02,2026-04-20
B1254,P1505,6F143,2025-07-22 11:37:36.951,CANCELLED,5D,IndiGo,CCU,DEL,2026-04-20 02:09:41.702,2026-04-20 06:08:41.702,14340000000000,14340000000000,239,Myra,Mehta,89,F,1937-03-25,PAY1721,8105,UPI,CCU - DEL,2025-07,2026-04-20
B1255,P1105,UK165,2025-09-22 11:37:36.951,CANCELLED,23F,Vistara,DEL,BLR,2026-04-20 01:51:41.703,2026-04-20 06:04:41.703,15180000000000,15180000000000,253,Muhammad,Singh,63,F,1963-05-04,PAY1160,1413,CARD,DEL - BLR,2025-09,2026-04-20
B1256,P1031,6F083,2025-08-10 11:37:36.951,CANCELLED,22B,IndiGo,BLR,DEL,2026-04-20 05:24:41.702,2026-04-20 06:03:41.702,2340000000000,2340000000000,39,Shaurya,Patel,80,M,1946-12-17,PAY1105,2041,NETBANKING,BLR - DEL,2025-08,2026-04-20
B1257,P1073,AI082,2025-08-19 11:37:36.951,CANCELLED,11C,Air India,DEL,CCU,2026-04-20 03:19:41.702,2026-04-20 06:01:41.702,9720000000000,9720000000000,162,Ananya,Pillai,44,M,1982-03-26,PAY1390,13029,NETBANKING,DEL - CCU,2025-08,2026-04-20
B1258,P1170,AI164,2025-10-28 11:37:36.951,CANCELLED,21F,Air India,DEL,BLR,2026-04-20 03:57:41.703,2026-04-20 05:45:41.703,6480000000000,6480000000000,108,Aditya,Mehta,89,F,1937-12-08,Unknown,8105,Unknown,DEL - BLR,2025-10,2026-04-20
B1259,P1848,SJ155,2026-01-19 11:37:36.951,CANCELLED,31F,SpiceJet,DEL,CCU,2026-04-20 00:38:41.702,2026-04-20 05:38:41.702,18000000000000,18000000000000,300,Kavya,Reddy,23,M,2003-04-15,PAY1348,12806,CARD,DEL - CCU,2026-01,2026-04-20
B1260,P1068,AI189,2026-01-04 11:37:36.951,CANCELLED,1D,Air India,CCU,DEL,2026-04-20 03:44:41.703,2026-04-20 05:32:41.703,6480000000000,6480000000000,108,Sai,Banerjee,54,M,1972-02-05,PAY1126,9459,NETBANKING,CCU - DEL,2026-01,2026-04-20
B1260,P1068,AI189,2026-01-04 11:37:36.951,CANCELLED,1D,Air India,CCU,DEL,2026-04-20 03:44:41.703,2026-04-20 05:32:41.703,6480000000000,6480000000000,108,Sai,Banerjee,54,M,1972-02-05,PAY1153,2118,NETBANKING,CCU - DEL,2026-01,2026-04-20
B1260,P1068,AI189,2026-01-04 11:37:36.951,CANCELLED,1D,Air India,CCU,DEL,2026-04-20 03:44:41.703,2026-04-20 05:32:41.703,6480000000000,6480000000000,108,Sai,Banerjee,54,M,1972-02-05,PAY1877,4717,NETBANKING,CCU - DEL,2026-01,2026-04-20
B1261,P1812,SJ057,2025-12-21 11:37:36.951,CONFIRMED,34A,SpiceJet,BOM,CCU,2026-04-20 02:17:41.701,2026-04-20 05:29:41.701,11520000000000,11520000000000,192,Muhammad,Patel,46,F,1980-01-05,Unknown,8105,Unknown,BOM - CCU,2025-12,2026-04-20
B1262,P1361,SJ198,2025-05-07 11:37:36.951,CONFIRMED,16F,SpiceJet,CCU,BOM,2026-04-20 00:47:41.703,2026-04-20 05:28:41.703,16860000000000,16860000000000,281,Anika,Patel,25,F,2001-03-06,PAY1475,3897,UPI,CCU - BOM,2025-05,2026-04-20
B1262,P1361,SJ198,2025-05-07 11:37:36.951,CONFIRMED,16F,SpiceJet,CCU,BOM,2026-04-20 00:47:41.703,2026-04-20 05:28:41.703,16860000000000,16860000000000,281,Anika,Patel,25,F,2001-03-06,PAY1622,6722,UPI,CCU - BOM,2025-05,2026-04-20
B1263,P1648,6F122,2026-01-03 11:37:36.951,CANCELLED,6C,IndiGo,DEL,BLR,2026-04-20 01:44:41.702,2026-04-20 05:28:41.702,13440000000000,13440000000000,224,Arjun,Agarwal,12,M,2014-07-16,PAY1648,1483,NETBANKING,DEL - BLR,2026-01,2026-04-20
B1263,P1648,6F122,2026-01-03 11:37:36.951,CANCELLED,6C,IndiGo,DEL,BLR,2026-04-20 01:44:41.702,2026-04-20 05:28:41.702,13440000000000,13440000000000,224,Arjun,Agarwal,12,M,2014-07-16,PAY1665,10998,UPI,DEL - BLR,2026-01,2026-04-20
B1264,P1432,SJ097,2026-04-15 11:37:36.951,CONFIRMED,12A,SpiceJet,BOM,CCU,2026-04-20 02:37:41.702,2026-04-20 05:27:41.702,10200000000000,10200000000000,170,Sai,Chatterjee,69,F,1957-12-14,PAY1277,3937,NETBANKING,BOM - CCU,2026-04,2026-04-20
B1264,P1432,SJ097,2026-04-15 11:37:36.951,CONFIRMED,12A,SpiceJet,BOM,CCU,2026-04-20 02:37:41.702,2026-04-20 05:27:41.702,10200000000000,10200000000000,170,Sai,Chatterjee,69,F,1957-12-14,PAY1655,4663,UPI,BOM - CCU,2026-04,2026-04-20
B1265,P1928,UK203,2025-08-06 11:37:36.951,PENDING,28F,Vistara,BLR,HYD,2026-04-20 04:12:41.703,2026-04-20 05:24:41.703,4320000000000,4320000000000,72,Shaurya,Agarwal,12,M,2014-03-13,Unknown,8105,Unknown,BLR - HYD,2025-08,2026-04-20
B1266,P1995,UK093,2026-01-16 11:37:36.951,CONFIRMED,27F,Vistara,HYD,CCU,2026-04-20 04:31:41.702,2026-04-20 05:21:41.702,3000000000000,3000000000000,50,Arjun,Verma,18,F,2008-08-06,PAY1815,14431,UPI,HYD - CCU,2026-01,2026-04-20
B1267,P1099,AI205,2025-05-21 11:37:36.951,CANCELLED,32A,Air India,BLR,BOM,2026-04-20 03:26:41.703,2026-04-20 05:14:41.703,6480000000000,6480000000000,108,Vivaan,Agarwal,71,F,1955-05-26,PAY1718,2158,CARD,BLR - BOM,2025-05,2026-04-20
B1267,P1099,AI205,2025-05-21 11:37:36.951,CANCELLED,32A,Air India,BLR,BOM,2026-04-20 03:26:41.703,2026-04-20 05:14:41.703,6480000000000,6480000000000,108,Vivaan,Agarwal,71,F,1955-05-26,PAY1787,14151,UPI,BLR - BOM,2025-05,2026-04-20
B1268,P1657,AI102,2026-01-16 11:37:36.951,INVALID,12A,Air India,CCU,BLR,2026-04-20 00:17:41.702,2026-04-20 05:08:41.702,17460000000000,17460000000000,291,Sai,Kulkarni,8,F,2018-10-02,PAY1595,13289,CARD,CCU - BLR,2026-01,2026-04-20
B1269,P1008,6F046,2025-09-06 11:37:36.951,CONFIRMED,4C,IndiGo,DEL,BLR,2026-04-20 01:27:41.701,2026-04-20 05:08:41.701,13260000000000,13260000000000,221,Kavya,Pillai,75,M,1951-11-10,PAY1130,6693,UPI,DEL - BLR,2025-09,2026-04-20
B1269,P1008,6F046,2025-09-06 11:37:36.951,CONFIRMED,4C,IndiGo,DEL,BLR,2026-04-20 01:27:41.701,2026-04-20 05:08:41.701,13260000000000,13260000000000,221,Kavya,Pillai,75,M,1951-11-10,PAY1394,14607,CARD,DEL - BLR,2025-09,2026-04-20
B1270,P1573,SJ017,2025-06-02 11:37:36.951,Unknown,22E,SpiceJet,DEL,MAA,2026-04-20 02:57:41.701,2026-04-20 05:00:41.701,7380000000000,7380000000000,123,Ishaan,Singh,40,F,1986-10-19,Unknown,8105,Unknown,DEL - MAA,2025-06,2026-04-20
B1271,P1696,6F156,2025-10-20 11:37:36.951,PENDING,28B,IndiGo,MAA,BOM,2026-04-20 02:23:41.703,2026-04-20 04:57:41.703,9240000000000,9240000000000,154,Riya,Sharma,27,M,1999-06-25,PAY1416,12211,NETBANKING,MAA - BOM,2025-10,2026-04-20
B1272,P1028,AI068,2025-07-18 11:37:36.951,PENDING,19A,Air India,BOM,BLR,2026-04-20 02:48:41.702,2026-04-20 04:48:42.000,7200298000000,7200298000000,120,Aadhya,Mishra,59,F,1967-10-10,PAY1155,7902,UPI,BOM - BLR,2025-07,2026-04-20
B1272,P1028,AI068,2025-07-18 11:37:36.951,PENDING,19A,Air India,BOM,BLR,2026-04-20 02:48:41.702,2026-04-20 04:48:42.000,7200298000000,7200298000000,120,Aadhya,Mishra,59,F,1967-10-10,PAY1546,12487,UPI,BOM - BLR,2025-07,2026-04-20
B1272,P1028,AI068,2025-07-18 11:37:36.951,PENDING,19A,Air India,BOM,BLR,2026-04-20 02:48:41.702,2026-04-20 04:48:42.000,7200298000000,7200298000000,120,Aadhya,Mishra,59,F,1967-10-10,PAY1890,8105,UPI,BOM - BLR,2025-07,2026-04-20
B1272,P1028,AI068,2025-07-18 11:37:36.951,PENDING,19A,Air India,BOM,BLR,2026-04-20 02:48:41.702,2026-04-20 04:48:42.000,7200298000000,7200298000000,120,Aadhya,Mishra,59,F,1967-10-10,PAY1909,10044,CARD,BOM - BLR,2025-07,2026-04-20
B1273,P1892,AI150,2025-06-05 11:37:36.951,Unknown,28B,Air India,BOM,DEL,2026-04-20 03:51:41.703,2026-04-20 04:38:41.703,2820000000000,2820000000000,47,Aadhya,Mehta,75,F,1951-06-15,PAY1238,5268,UPI,BOM - DEL,2025-06,2026-04-20
B1273,P1892,AI150,2025-06-05 11:37:36.951,Unknown,28B,Air India,BOM,DEL,2026-04-20 03:51:41.703,2026-04-20 04:38:41.703,2820000000000,2820000000000,47,Aadhya,Mehta,75,F,1951-06-15,PAY1651,3874,CARD,BOM - DEL,2025-06,2026-04-20
B1274,P1113,UK008,2025-10-15 11:37:36.951,PENDING,20D,Vistara,CCU,BLR,2026-04-20 03:57:41.701,2026-04-20 04:34:41.701,2220000000000,2220000000000,37,Anika,Pillai,41,F,1985-03-10,PAY1887,8582,NETBANKING,CCU - BLR,2025-10,2026-04-20
B1275,P1461,6F166,2025-07-11 11:37:36.951,PENDING,18F,IndiGo,BOM,CCU,2026-04-20 00:03:41.703,2026-04-20 04:33:41.703,16200000000000,16200000000000,270,Reyansh,Verma,1,M,2025-09-15,Unknown,8105,Unknown,BOM - CCU,2025-07,2026-04-20
B1276,P1920,6F177,2025-07-15 11:37:36.951,CONFIRMED,1A,IndiGo,HYD,MAA,2026-04-20 02:03:41.703,2026-04-20 04:25:41.703,8520000000000,8520000000000,142,Reyansh,Agarwal,44,F,1982-08-01,PAY1747,9396,UPI,HYD - MAA,2025-07,2026-04-20
B1277,P1142,AI196,2026-01-19 11:37:36.951,PENDING,12E,Air India,MAA,HYD,2026-04-20 02:52:41.703,2026-04-20 04:25:41.703,5580000000000,5580000000000,93,Saanvi,Naidu,51,F,1975-06-19,Unknown,8105,Unknown,MAA - HYD,2026-01,2026-04-20
B1278,P1389,SJ191,2025-08-09 11:37:36.951,CONFIRMED,5B,SpiceJet,BLR,BOM,2026-04-20 03:01:41.703,2026-04-20 04:23:41.703,4920000000000,4920000000000,82,Muhammad,Chatterjee,58,M,1968-09-16,Unknown,8105,Unknown,BLR - BOM,2025-08,2026-04-20
B1279,P1631,6F019,2025-05-10 11:37:36.951,Unknown,28C,IndiGo,BLR,BOM,2026-04-20 00:19:41.701,2026-04-20 04:14:41.701,14100000000000,14100000000000,235,Muhammad,Das,36,F,1990-04-23,PAY1473,5467,UPI,BLR - BOM,2025-05,2026-04-20
B1280,P1681,AI226,2026-04-12 11:37:36.951,CONFIRMED,33B,Unknown,BLR,HYD,2026-04-20 01:19:41.703,2026-04-20 04:08:41.703,10140000000000,10140000000000,169,Anika,Agarwal,10,M,2016-02-05,Unknown,8105,Unknown,BLR - HYD,2026-04,2026-04-20
B1281,P1156,SJ207,2026-01-21 11:37:36.951,CANCELLED,4A,SpiceJet,DEL,CCU,2026-04-20 00:52:41.703,2026-04-20 04:05:41.703,11580000000000,11580000000000,193,Reyansh,Mehta,28,M,1998-07-22,PAY1388,4414,CARD,DEL - CCU,2026-01,2026-04-20
B1282,P1334,AI009,2025-12-30 11:37:36.951,CANCELLED,8B,Unknown,DEL,CCU,2026-04-20 01:31:41.701,2026-04-20 04:05:41.701,9240000000000,9240000000000,154,Myra,Iyer,32,M,1994-03-09,Unknown,8105,Unknown,DEL - CCU,2025-12,2026-04-20
B1283,P1860,AI103,2025-05-08 11:37:36.951,INVALID,29D,Air India,BLR,BOM,2026-04-20 03:26:41.702,2026-04-20 04:04:41.702,2280000000000,2280000000000,38,Sara,Chatterjee,44,M,1982-06-01,PAY1080,1369,NETBANKING,BLR - BOM,2025-05,2026-04-20
B1283,P1860,AI103,2025-05-08 11:37:36.951,INVALID,29D,Air India,BLR,BOM,2026-04-20 03:26:41.702,2026-04-20 04:04:41.702,2280000000000,2280000000000,38,Sara,Chatterjee,44,M,1982-06-01,PAY1948,7237,CARD,BLR - BOM,2025-05,2026-04-20
B1284,P1259,SJ127,2026-02-22 11:37:36.951,CANCELLED,25F,SpiceJet,BOM,DEL,2026-04-20 01:21:41.702,2026-04-20 03:58:41.702,9420000000000,9420000000000,157,Reyansh,Pillai,37,M,1989-09-23,PAY1383,4190,UPI,BOM - DEL,2026-02,2026-04-20
B1284,P1259,SJ127,2026-02-22 11:37:36.951,CANCELLED,25F,SpiceJet,BOM,DEL,2026-04-20 01:21:41.702,2026-04-20 03:58:41.702,9420000000000,9420000000000,157,Reyansh,Pillai,37,M,1989-09-23,PAY1840,8517,CARD,BOM - DEL,2026-02,2026-04-20
B1285,P1081,UK188,2026-03-26 11:37:36.951,CANCELLED,25B,Vistara,MAA,BLR,2026-04-20 02:55:41.703,2026-04-20 03:44:41.703,2940000000000,2940000000000,49,Kavya,Ghosh,78,M,1948-04-28,PAY1021,1207,NETBANKING,MAA - BLR,2026-03,2026-04-20
B1286,P1753,6F010,2025-09-25 11:37:36.951,INVALID,33B,IndiGo,DEL,BLR,2026-04-19 23:53:41.701,2026-04-20 03:44:41.701,13860000000000,13860000000000,231,Diya,Reddy,82,F,1944-06-11,Unknown,8105,Unknown,DEL - BLR,2025-09,2026-04-19
B1287,P1440,SJ098,2025-12-13 11:37:36.951,CANCELLED,5F,SpiceJet,HYD,MAA,2026-04-20 03:02:41.702,2026-04-20 03:37:41.702,2100000000000,2100000000000,35,Reyansh,Chatterjee,57,M,1969-02-04,PAY1224,14610,CARD,HYD - MAA,2025-12,2026-04-20
B1287,P1440,SJ098,2025-12-13 11:37:36.951,CANCELLED,5F,SpiceJet,HYD,MAA,2026-04-20 03:02:41.702,2026-04-20 03:37:41.702,2100000000000,2100000000000,35,Reyansh,Chatterjee,57,M,1969-02-04,PAY1989,7693,CARD,HYD - MAA,2025-12,2026-04-20
B1288,P1944,6F058,2025-12-11 11:37:36.951,PENDING,18C,IndiGo,BOM,CCU,2026-04-20 01:04:41.701,2026-04-20 03:33:41.701,8940000000000,8940000000000,149,Riya,Gupta,10,M,2016-09-06,PAY1200,1114,CARD,BOM - CCU,2025-12,2026-04-20
B1288,P1944,6F058,2025-12-11 11:37:36.951,PENDING,18C,IndiGo,BOM,CCU,2026-04-20 01:04:41.701,2026-04-20 03:33:41.701,8940000000000,8940000000000,149,Riya,Gupta,10,M,2016-09-06,PAY1517,8141,NETBANKING,BOM - CCU,2025-12,2026-04-20
B1288,P1944,6F058,2025-12-11 11:37:36.951,PENDING,18C,IndiGo,BOM,CCU,2026-04-20 01:04:41.701,2026-04-20 03:33:41.701,8940000000000,8940000000000,149,RiyaGupta,Unknown,10,M,2016-07-21,PAY1200,1114,CARD,BOM - CCU,2025-12,2026-04-20
B1288,P1944,6F058,2025-12-11 11:37:36.951,PENDING,18C,IndiGo,BOM,CCU,2026-04-20 01:04:41.701,2026-04-20 03:33:41.701,8940000000000,8940000000000,149,RiyaGupta,Unknown,10,M,2016-07-21,PAY1517,8141,NETBANKING,BOM - CCU,2025-12,2026-04-20
B1289,P1171,SJ030,2026-03-23 11:37:36.951,PENDING,24F,SpiceJet,DEL,HYD,2026-04-20 02:36:41.701,2026-04-20 03:19:41.701,2580000000000,2580000000000,43,Ishaan,Banerjee,62,M,1964-12-20,PAY1705,8105,UPI,DEL - HYD,2026-03,2026-04-20
B1289,P1171,SJ030,2026-03-23 11:37:36.951,PENDING,24F,SpiceJet,DEL,HYD,2026-04-20 02:36:41.701,2026-04-20 03:19:41.701,2580000000000,2580000000000,43,Ishaan,Banerjee,62,M,1964-12-20,PAY1716,12017,NETBANKING,DEL - HYD,2026-03,2026-04-20
B1290,P1230,UK175,2025-07-26 11:37:36.951,CANCELLED,16F,Vistara,BLR,BOM,2026-04-19 23:56:41.703,2026-04-20 03:18:41.703,12120000000000,12120000000000,202,Kavya,Mehta,20,F,2006-12-27,PAY1994,13472,UPI,BLR - BOM,2025-07,2026-04-19
B1291,P1719,SJ108,2026-04-01 11:37:36.951,PENDING,28E,SpiceJet,BLR,HYD,2026-04-20 00:40:41.702,2026-04-20 03:16:41.702,9360000000000,9360000000000,156,Shaurya,Ghosh,1,F,2025-02-08,PAY1013,4129,NETBANKING,BLR - HYD,2026-04,2026-04-20
B1292,P1074,6F075,2025-08-03 11:37:36.951,CONFIRMED,7C,IndiGo,BOM,CCU,2026-04-19 22:20:41.702,2026-04-20 03:02:41.702,16920000000000,16920000000000,282,Riya,Patel,34,F,1992-09-09,PAY1414,13788,NETBANKING,BOM - CCU,2025-08,2026-04-19
B1292,P1074,6F075,2025-08-03 11:37:36.951,CONFIRMED,7C,IndiGo,BOM,CCU,2026-04-19 22:20:41.702,2026-04-20 03:02:41.702,16920000000000,16920000000000,282,Riya,Patel,34,F,1992-09-09,PAY1477,8322,UPI,BOM - CCU,2025-08,2026-04-19
B1293,P1269,UK222,2025-08-31 11:37:36.951,CONFIRMED,25F,Vistara,BOM,CCU,2026-04-20 01:22:41.704,2026-04-20 02:57:41.704,5700000000000,5700000000000,95,Aarav,Verma,33,M,1993-12-11,PAY1436,6227,NETBANKING,BOM - CCU,2025-08,2026-04-20
B1294,P1898,6F250,2025-07-13 11:37:36.951,CANCELLED,34B,UNKNOWN,DEL,BLR,2026-04-20 03:26:41.701,2026-04-20 07:30:41.701,14640000000000,14640000000000,244,Shaurya,Singh,3,F,2023-02-16,Unknown,8105,Unknown,DEL - BLR,2025-07,2026-04-20
B1294,P1898,6F250,2025-07-13 11:37:36.951,CANCELLED,34B,UNKNOWN,CCU,BLR,2026-04-20 02:23:41.702,2026-04-20 02:56:41.702,1980000000000,1980000000000,33,Shaurya,Singh,3,F,2023-02-16,Unknown,8105,Unknown,CCU - BLR,2025-07,2026-04-20
B1295,P1625,AI096,2025-12-29 11:37:36.951,CANCELLED,14B,Air India,CCU,DEL,2026-04-19 21:48:41.702,2026-04-20 02:46:41.702,17880000000000,17880000000000,298,Riya,Patel,61,F,1965-03-05,Unknown,8105,Unknown,CCU - DEL,2025-12,2026-04-19
B1296,P1061,AI216,2025-12-23 11:37:36.951,CANCELLED,1B,Air India,BOM,CCU,2026-04-20 01:10:41.703,2026-04-20 02:34:41.703,5040000000000,5040000000000,84,Sai,Ghosh,78,M,1948-07-11,Unknown,8105,Unknown,BOM - CCU,2025-12,2026-04-20
B1297,P1873,6F193,2026-01-23 11:37:36.951,PENDING,8A,IndiGo,BOM,MAA,2026-04-20 00:34:41.703,2026-04-20 02:32:41.703,7080000000000,7080000000000,118,Shaurya,Reddy,40,M,1986-11-09,Unknown,8105,Unknown,BOM - MAA,2026-01,2026-04-20
B1298,P1319,SJ194,2026-01-02 11:37:36.951,PENDING,6C,SpiceJet,CCU,DEL,2026-04-19 22:46:41.703,2026-04-20 02:31:41.703,13500000000000,13500000000000,225,Kavya,Chatterjee,35,M,1991-12-01,Unknown,8105,Unknown,CCU - DEL,2026-01,2026-04-19
B1299,P1101,SJ020,2025-09-11 11:37:36.951,CONFIRMED,16F,SpiceJet,BLR,BOM,2026-04-19 22:18:41.701,2026-04-20 02:27:41.701,14940000000000,14940000000000,249,Shaurya,Agarwal,88,F,1938-04-27,PAY1797,8843,CARD,BLR - BOM,2025-09,2026-04-19
B1300,P1428,6F070,2025-06-14 11:37:36.951,PENDING,21C,IndiGo,HYD,DEL,2026-04-19 23:23:41.701,2026-04-20 02:24:41.701,10860000000000,10860000000000,181,Ishaan,Mishra,16,M,2010-05-25,Unknown,8105,Unknown,HYD - DEL,2025-06,2026-04-19
B1301,P1873,AI051,2025-09-03 11:37:36.951,CONFIRMED,12A,Air India,MAA,BLR,2026-04-20 01:27:41.701,2026-04-20 02:22:41.701,3300000000000,3300000000000,55,Shaurya,Reddy,40,M,1986-11-09,PAY1056,14671,UPI,MAA - BLR,2025-09,2026-04-20
B1302,P1721,UK219,2025-12-27 11:37:36.951,PENDING,3D,Vistara,BOM,HYD,2026-04-19 22:03:41.704,2026-04-20 02:21:41.704,15480000000000,15480000000000,258,Kavya,Kulkarni,45,M,1981-08-16,PAY1326,6516,NETBANKING,BOM - HYD,2025-12,2026-04-19
B1302,P1721,UK219,2025-12-27 11:37:36.951,PENDING,3D,Vistara,BOM,HYD,2026-04-19 22:03:41.704,2026-04-20 02:21:41.704,15480000000000,15480000000000,258,Kavya,Kulkarni,45,M,1981-08-16,PAY1732,8424,NETBANKING,BOM - HYD,2025-12,2026-04-19
B1302,P1721,UK219,2025-12-27 11:37:36.951,PENDING,3D,Vistara,BOM,HYD,2026-04-19 22:03:41.704,2026-04-20 02:21:41.704,15480000000000,15480000000000,258,Kavya,Kulkarni,45,M,1981-08-16,PAY1803,9282,UPI,BOM - HYD,2025-12,2026-04-19
B1303,P1953,AI235,2025-12-13 11:37:36.951,CONFIRMED,20A,Air India,BLR,HYD,2026-04-19 22:45:41.704,2026-04-20 02:12:41.704,12420000000000,12420000000000,207,Kavya,Iyer,73,F,1953-11-01,PAY1091,5866,CARD,BLR - HYD,2025-12,2026-04-19
B1303,P1953,AI235,2025-12-13 11:37:36.951,CONFIRMED,20A,Air India,BLR,HYD,2026-04-19 22:45:41.704,2026-04-20 02:12:41.704,12420000000000,12420000000000,207,Kavya,Iyer,73,F,1953-11-01,PAY1839,13807,NETBANKING,BLR - HYD,2025-12,2026-04-19
B1304,P1254,6F022,2025-12-13 11:37:36.951,INVALID,18E,IndiGo,MAA,BLR,2026-04-19 21:46:41.701,2026-04-20 02:05:41.701,15540000000000,15540000000000,259,Muhammad,Khan,2,F,2024-02-25,Unknown,8105,Unknown,MAA - BLR,2025-12,2026-04-19
B1305,P1531,SJ114,2025-09-28 11:37:36.951,PENDING,13C,SpiceJet,HYD,DEL,2026-04-19 22:42:41.702,2026-04-20 02:02:41.702,12000000000000,12000000000000,200,Reyansh,Sharma,59,M,1967-09-16,PAY1438,13844,NETBANKING,HYD - DEL,2025-09,2026-04-19
B1306,P1569,SJ076,2025-12-01 11:37:36.951,CONFIRMED,30A,SpiceJet,DEL,MAA,2026-04-19 23:01:41.701,2026-04-20 02:02:41.701,10860000000000,10860000000000,181,Muhammad,Nair,17,M,2009-02-01,PAY1916,9753,NETBANKING,DEL - MAA,2025-12,2026-04-19
B1307,P1111,UK227,2026-01-26 11:37:36.951,PENDING,32E,Vistara,BOM,HYD,2026-04-19 21:57:41.704,2026-04-20 01:47:41.704,13800000000000,13800000000000,230,Krishna,Sharma,33,F,1993-06-15,PAY1065,12773,CARD,BOM - HYD,2026-01,2026-04-19
B1307,P1111,UK227,2026-01-26 11:37:36.951,PENDING,32E,Vistara,BOM,HYD,2026-04-19 21:57:41.704,2026-04-20 01:47:41.704,13800000000000,13800000000000,230,Krishna,Sharma,33,F,1993-06-15,PAY1830,13498,CARD,BOM - HYD,2026-01,2026-04-19
B1308,P1984,UK135,2025-07-22 11:37:36.951,CANCELLED,30D,Vistara,HYD,DEL,2026-04-19 23:50:41.702,2026-04-20 01:43:41.702,6780000000000,6780000000000,113,Ishaan,Singh,85,F,1941-03-04,PAY1149,9613,UPI,HYD - DEL,2025-07,2026-04-19
B1308,P1984,UK135,2025-07-22 11:37:36.951,CANCELLED,30D,Vistara,HYD,DEL,2026-04-19 23:50:41.702,2026-04-20 01:43:41.702,6780000000000,6780000000000,113,Ishaan,Singh,85,F,1941-03-04,PAY1230,12097,UPI,HYD - DEL,2025-07,2026-04-19
B1309,P1312,AI234,2025-05-06 11:37:36.951,CONFIRMED,30F,Air India,BOM,MAA,2026-04-19 23:50:41.704,2026-04-20 01:34:41.704,6240000000000,6240000000000,104,Sara,Verma,28,F,1998-01-25,Unknown,8105,Unknown,BOM - MAA,2025-05,2026-04-19
B1310,P1997,6F113,2025-08-20 11:37:36.951,PENDING,5D,IndiGo,BOM,CCU,2026-04-19 21:04:41.702,2026-04-20 01:30:41.702,15960000000000,15960000000000,266,Aadhya,Reddy,72,F,1954-01-07,PAY1368,7370,UPI,BOM - CCU,2025-08,2026-04-19
B1311,P1460,SJ206,2025-11-16 11:37:36.951,PENDING,9D,SpiceJet,DEL,CCU,2026-04-19 20:43:41.703,2026-04-20 01:21:41.703,16680000000000,16680000000000,278,Kavya,Pillai,58,M,1968-08-14,Unknown,8105,Unknown,DEL - CCU,2025-11,2026-04-19
B1312,P1707,AI015,2026-03-29 11:37:36.951,Unknown,6E,Air India,BLR,CCU,2026-04-19 23:21:41.701,2026-04-20 01:15:41.701,6840000000000,6840000000000,114,Saanvi,Das,3,M,2023-09-09,Unknown,8105,Unknown,BLR - CCU,2026-03,2026-04-19
B1313,P1886,6F260,2025-05-16 11:37:36.951,CANCELLED,33E,Unknown,CCU,DEL,2026-04-19 21:51:41.702,2026-04-20 01:14:41.702,12180000000000,12180000000000,203,Diya,Pillai,53,M,1973-02-23,Unknown,8105,Unknown,CCU - DEL,2025-05,2026-04-19
B1314,P1461,AI061,2025-04-28 11:37:36.951,CONFIRMED,19C,Air India,BOM,CCU,2026-04-19 23:31:41.701,2026-04-20 01:02:41.701,5460000000000,5460000000000,91,Reyansh,Verma,1,M,2025-09-15,PAY1323,8105,NETBANKING,BOM - CCU,2025-04,2026-04-19
B1314,P1461,AI061,2025-04-28 11:37:36.951,CONFIRMED,19C,Air India,BOM,CCU,2026-04-19 23:31:41.701,2026-04-20 01:02:41.701,5460000000000,5460000000000,91,Reyansh,Verma,1,M,2025-09-15,PAY1583,7530,CARD,BOM - CCU,2025-04,2026-04-19
B1315,P1864,6F237,2026-03-26 11:37:36.951,PENDING,9C,IndiGo,HYD,MAA,2026-04-19 21:41:41.704,2026-04-20 00:44:41.704,10980000000000,10980000000000,183,Anika,Singh,84,M,1942-05-25,Unknown,8105,Unknown,HYD - MAA,2026-03,2026-04-19
B1316,P1091,SJ099,2026-01-06 11:37:36.951,PENDING,27C,Unknown,MAA,BLR,2026-04-19 22:14:41.702,2026-04-20 00:34:41.702,8400000000000,8400000000000,140,Ira,Sharma,89,F,1937-11-11,PAY1633,11303,UPI,MAA - BLR,2026-01,2026-04-19
B1317,P1051,SJ146,2026-02-24 11:37:36.951,CANCELLED,21F,SpiceJet,HYD,BLR,2026-04-19 22:37:41.702,2026-04-20 00:33:41.702,6960000000000,6960000000000,116,Aadhya,Chatterjee,9,F,2017-05-15,PAY1237,12553,NETBANKING,HYD - BLR,2026-02,2026-04-19
B1317,P1051,SJ146,2026-02-24 11:37:36.951,CANCELLED,21F,SpiceJet,HYD,BLR,2026-04-19 22:37:41.702,2026-04-20 00:33:41.702,6960000000000,6960000000000,116,Aadhya,Chatterjee,9,F,2017-05-15,PAY1932,7685,UPI,HYD - BLR,2026-02,2026-04-19
B1317,P1051,SJ146,2026-02-24 11:37:36.951,CANCELLED,21F,SpiceJet,HYD,BLR,2026-04-19 22:37:41.702,2026-04-20 00:33:41.702,6960000000000,6960000000000,116,Aadhya,Chatterjee,9,F,2017-05-15,PAY1955,13045,CARD,HYD - BLR,2026-02,2026-04-19
B1318,P1804,SJ146,2025-05-23 11:37:36.951,CANCELLED,29B,SpiceJet,HYD,BLR,2026-04-19 22:37:41.702,2026-04-20 00:33:41.702,6960000000000,6960000000000,116,Muhammad,Banerjee,42,F,1984-03-08,PAY1557,4595,UPI,HYD - BLR,2025-05,2026-04-19
B1319,P1519,6F071,2025-05-04 11:37:36.951,CONFIRMED,4C,IndiGo,DEL,CCU,2026-04-19 20:18:41.702,2026-04-20 00:31:41.702,15180000000000,15180000000000,253,Aditya,Verma,12,M,2014-12-27,PAY1350,5359,UPI,DEL - CCU,2025-05,2026-04-19
B1320,P1811,6F272,2025-08-13 11:37:36.951,PENDING,6C,Unknown,HYD,MAA,2026-04-19 23:35:41.702,2026-04-20 00:22:41.702,2820000000000,2820000000000,47,Muhammad, Banerjee,12,F,2014-01-04,PAY1512,12788,UPI,HYD - MAA,2025-08,2026-04-19
B1320,P1811,6F272,2025-08-13 11:37:36.951,PENDING,6C,Unknown,HYD,MAA,2026-04-19 23:35:41.702,2026-04-20 00:22:41.702,2820000000000,2820000000000,47,Muhammad, Banerjee,12,F,2014-01-04,PAY1792,9371,CARD,HYD - MAA,2025-08,2026-04-19
B1320,P1811,6F272,2025-08-13 11:37:36.951,PENDING,6C,Unknown,HYD,MAA,2026-04-19 23:35:41.702,2026-04-20 00:22:41.702,2820000000000,2820000000000,47,Muhammad, Bbanerjee,12,F,2014-06-14,PAY1512,12788,UPI,HYD - MAA,2025-08,2026-04-19
B1320,P1811,6F272,2025-08-13 11:37:36.951,PENDING,6C,Unknown,HYD,MAA,2026-04-19 23:35:41.702,2026-04-20 00:22:41.702,2820000000000,2820000000000,47,Muhammad, Bbanerjee,12,F,2014-06-14,PAY1792,9371,CARD,HYD - MAA,2025-08,2026-04-19
B1320,P1811,6F272,2025-08-13 11:37:36.951,PENDING,6C,Unknown,HYD,MAA,2026-04-19 23:35:41.702,2026-04-20 00:22:41.702,2820000000000,2820000000000,47,Muhammad,Banerjee,12,F,2014-02-05,PAY1512,12788,UPI,HYD - MAA,2025-08,2026-04-19
B1320,P1811,6F272,2025-08-13 11:37:36.951,PENDING,6C,Unknown,HYD,MAA,2026-04-19 23:35:41.702,2026-04-20 00:22:41.702,2820000000000,2820000000000,47,Muhammad,Banerjee,12,F,2014-02-05,PAY1792,9371,CARD,HYD - MAA,2025-08,2026-04-19
B1321,P1097,SJ029,2026-02-12 11:37:36.951,PENDING,13A,UNKNOWN,HYD,DEL,2026-04-19 22:55:41.701,2026-04-20 00:22:41.701,5220000000000,5220000000000,87,Shaurya,Mehta,65,M,1961-04-08,Unknown,8105,Unknown,HYD - DEL,2026-02,2026-04-19
B1322,P1235,UK084,2025-07-27 11:37:36.951,CONFIRMED,6E,Vistara,MAA,DEL,2026-04-19 20:44:41.702,2026-04-20 00:20:41.702,12960000000000,12960000000000,216,Arjun,Ghosh,19,F,2007-12-23,Unknown,8105,Unknown,MAA - DEL,2025-07,2026-04-19
B1323,P1900,SJ048,2026-02-06 11:37:36.951,CONFIRMED,14D,SpiceJet,MAA,BLR,2026-04-19 22:43:41.701,2026-04-20 00:19:41.701,5760000000000,5760000000000,96,Riya,Iyer,40,F,1986-12-17,Unknown,8105,Unknown,MAA - BLR,2026-02,2026-04-19
B1324,P1373,AI108,2026-02-04 11:37:36.951,CANCELLED,33B,Air India,BLR,CCU,2026-04-19 21:32:41.702,2026-04-20 00:17:41.702,9900000000000,9900000000000,165,Sara,Patel,14,F,2012-03-06,PAY1068,7543,NETBANKING,BLR - CCU,2026-02,2026-04-19
B1324,P1373,AI108,2026-02-04 11:37:36.951,CANCELLED,33B,Air India,BLR,CCU,2026-04-19 21:32:41.702,2026-04-20 00:17:41.702,9900000000000,9900000000000,165,Sara,Patel,14,F,2012-03-06,PAY1981,8105,CARD,BLR - CCU,2026-02,2026-04-19
B1325,P1580,SJ134,2025-08-11 11:37:36.951,CANCELLED,3B,SpiceJet,BOM,CCU,2026-04-19 19:58:41.702,2026-04-20 00:15:41.702,15420000000000,15420000000000,257,Krishna,Iyer,29,M,1997-05-15,PAY1779,4503,UPI,BOM - CCU,2025-08,2026-04-19
B1326,P1926,UK146,2025-10-31 11:37:36.951,CONFIRMED,14F,Vistara,BOM,MAA,2026-04-19 21:40:41.703,2026-04-20 00:08:41.703,8880000000000,8880000000000,148,Krishna,Iyer,84,M,1942-01-23,Unknown,8105,Unknown,BOM - MAA,2025-10,2026-04-19
B1327,P1556,SJ036,2025-09-24 11:37:36.951,CONFIRMED,26C,SpiceJet,DEL,HYD,2026-04-19 20:24:41.701,2026-04-19 23:54:41.701,12600000000000,12600000000000,210,Myra,Ghosh,42,F,1984-10-28,PAY1898,13823,UPI,DEL - HYD,2025-09,2026-04-19
B1328,P1648,6F202,2025-11-01 11:37:36.951,PENDING,33B,IndiGo,HYD,BLR,2026-04-19 20:18:41.703,2026-04-19 23:48:41.703,12600000000000,12600000000000,210,Arjun,Agarwal,12,M,2014-07-16,Unknown,8105,Unknown,HYD - BLR,2025-11,2026-04-19
B1329,P1233,UK041,2026-02-13 11:37:36.951,CONFIRMED,22C,Vistara,HYD,MAA,2026-04-19 22:37:41.701,2026-04-19 23:44:41.701,4020000000000,4020000000000,67,Ishaan,Agarwal,19,M,2007-05-22,PAY1221,6401,UPI,HYD - MAA,2026-02,2026-04-19
B1330,P1031,6F078,2025-12-06 11:37:36.951,CONFIRMED,23A,IndiGo,BOM,CCU,2026-04-19 22:04:41.702,2026-04-19 23:37:41.702,5580000000000,5580000000000,93,Shaurya,Patel,80,M,1946-12-17,Unknown,8105,Unknown,BOM - CCU,2025-12,2026-04-19
B1331,P1288,AI097,2025-07-03 11:37:36.951,PENDING,22C,Air India,HYD,MAA,2026-04-19 18:42:41.702,2026-04-19 23:34:41.702,17520000000000,17520000000000,292,Riya,Khan,33,M,1993-08-22,PAY1233,7132,NETBANKING,HYD - MAA,2025-07,2026-04-19
B1332,P1637,UK159,2026-01-15 11:37:36.951,CONFIRMED,7D,Vistara,CCU,BLR,2026-04-19 20:45:41.703,2026-04-19 23:32:41.703,10020000000000,10020000000000,167,Aditya,Nair,49,M,1977-07-20,PAY1313,4183,NETBANKING,CCU - BLR,2026-01,2026-04-19
B1333,P1578,UK044,2025-09-06 11:37:36.951,CANCELLED,12B,Vistara,BLR,BOM,2026-04-19 20:31:41.701,2026-04-19 23:29:41.701,10680000000000,10680000000000,178,Shaurya,Singh,66,M,1960-05-19,PAY1079,2239,UPI,BLR - BOM,2025-09,2026-04-19
B1333,P1578,UK044,2025-09-06 11:37:36.951,CANCELLED,12B,Vistara,BLR,BOM,2026-04-19 20:31:41.701,2026-04-19 23:29:41.701,10680000000000,10680000000000,178,Shaurya,Singh,66,M,1960-05-19,PAY1330,2372,NETBANKING,BLR - BOM,2025-09,2026-04-19
B1334,P1541,6F176,2025-09-27 11:37:36.951,CANCELLED,6F,IndiGo,CCU,DEL,2026-04-19 20:23:42.000,2026-04-19 23:23:42.000,10800000000000,10800000000000,180,Sai,Banerjee,78,M,1948-10-11,Unknown,8105,Unknown,CCU - DEL,2025-09,2026-04-19
B1335,P1113,SJ221,2026-02-11 11:37:36.951,PENDING,4A,SpiceJet,MAA,HYD,2026-04-19 18:31:41.703,2026-04-19 23:17:41.703,17160000000000,17160000000000,286,Anika,Pillai,41,F,1985-03-10,Unknown,8105,Unknown,MAA - HYD,2026-02,2026-04-19
B1336,P1203,6F112,2025-07-03 11:37:36.951,CONFIRMED,22A,IndiGo,HYD,DEL,2026-04-19 21:00:41.702,2026-04-19 23:16:41.702,8160000000000,8160000000000,136,Aadhya,Nair,54,M,1972-11-10,Unknown,8105,Unknown,HYD - DEL,2025-07,2026-04-19
B1337,P1028,6F246,2025-10-20 11:37:36.951,INVALID,4C,IndiGo,HYD,DEL,2026-04-19 21:00:41.702,2026-04-19 23:16:41.702,8160000000000,8160000000000,136,Aadhya,Mishra,59,F,1967-10-10,Unknown,8105,Unknown,HYD - DEL,2025-10,2026-04-19
B1338,P1642,6F014,2026-02-21 11:37:36.951,CANCELLED,14C,IndiGo,DEL,MAA,2026-04-19 19:42:41.701,2026-04-19 23:15:41.701,12780000000000,12780000000000,213,Shaurya,Banerjee,54,F,1972-12-27,Unknown,8105,Unknown,DEL - MAA,2026-02,2026-04-19
B1339,P1473,AI237,2025-09-17 11:37:36.951,CANCELLED,28A,Air India,BOM,CCU,2026-04-19 19:58:41.704,2026-04-19 23:13:41.704,11700000000000,11700000000000,195,Vivaan,Singh,35,M,1991-01-13,Unknown,8105,Unknown,BOM - CCU,2025-09,2026-04-19
B1340,P1696,6F003,2025-12-14 11:37:36.951,CANCELLED,12E,IndiGo,HYD,BOM,2026-04-19 20:06:41.700,2026-04-19 23:13:41.700,11220000000000,11220000000000,187,Riya,Sharma,27,M,1999-06-25,Unknown,8105,Unknown,HYD - BOM,2025-12,2026-04-19
B1341,P1252,6F249,2025-07-04 11:37:36.951,CONFIRMED,5A,IndiGo,HYD,BOM,2026-04-19 20:06:41.700,2026-04-19 23:13:41.700,11220000000000,11220000000000,187,Aadhya,Agarwal,16,M,2010-04-11,PAY1118,9263,CARD,HYD - BOM,2025-07,2026-04-19
B1341,P1252,6F249,2025-07-04 11:37:36.951,CONFIRMED,5A,IndiGo,HYD,BOM,2026-04-19 20:06:41.700,2026-04-19 23:13:41.700,11220000000000,11220000000000,187,Aadhya,Agarwal,16,M,2010-04-11,PAY1273,8105,NETBANKING,HYD - BOM,2025-07,2026-04-19
B1341,P1252,6F249,2025-07-04 11:37:36.951,CONFIRMED,5A,IndiGo,HYD,BOM,2026-04-19 20:06:41.700,2026-04-19 23:13:41.700,11220000000000,11220000000000,187,Aadhya,Agarwal,16,M,2010-08-11,PAY1118,9263,CARD,HYD - BOM,2025-07,2026-04-19
B1341,P1252,6F249,2025-07-04 11:37:36.951,CONFIRMED,5A,IndiGo,HYD,BOM,2026-04-19 20:06:41.700,2026-04-19 23:13:41.700,11220000000000,11220000000000,187,Aadhya,Agarwal,16,M,2010-08-11,PAY1273,8105,NETBANKING,HYD - BOM,2025-07,2026-04-19
B1342,P1797,UK149,2025-04-29 11:37:36.951,CONFIRMED,4A,Vistara,MAA,DEL,2026-04-19 18:22:41.703,2026-04-19 23:08:41.703,17160000000000,17160000000000,286,Anika,Joshi,50,F,1976-02-16,PAY1456,8105,NETBANKING,MAA - DEL,2025-04,2026-04-19
B1342,P1797,UK149,2025-04-29 11:37:36.951,CONFIRMED,4A,Vistara,MAA,DEL,2026-04-19 18:22:41.703,2026-04-19 23:08:41.703,17160000000000,17160000000000,286,Anika,Joshi,50,F,1976-02-16,PAY1472,10237,CARD,MAA - DEL,2025-04,2026-04-19
B1342,P1797,UK149,2025-04-29 11:37:36.951,CONFIRMED,4A,Vistara,MAA,DEL,2026-04-19 18:22:41.703,2026-04-19 23:08:41.703,17160000000000,17160000000000,286,Anika,Joshi,50,F,1976-02-16,PAY1507,8766,NETBANKING,MAA - DEL,2025-04,2026-04-19
B1343,P1904,SJ163,2026-03-08 11:37:36.951,CONFIRMED,9F,SpiceJet,DEL,HYD,2026-04-19 18:32:41.703,2026-04-19 23:08:41.703,16560000000000,16560000000000,276,Shaurya,Joshi,66,F,1960-03-18,Unknown,8105,Unknown,DEL - HYD,2026-03,2026-04-19
B1344,P1921,SJ243,2026-03-28 11:37:36.951,CONFIRMED,1D,SpiceJet,BLR,DEL,2026-04-19 18:17:41.704,2026-04-19 23:03:41.704,17160000000000,17160000000000,286,Ishaan,Chatterjee,5,M,2021-12-10,Unknown,8105,Unknown,BLR - DEL,2026-03,2026-04-19
B1345,P1385,UK113,2025-06-06 11:37:36.951,CANCELLED,1A,Vistara,CCU,DEL,2026-04-19 18:34:41.702,2026-04-19 22:58:41.702,15840000000000,15840000000000,264,Reyansh,Das,63,F,1963-01-03,Unknown,8105,Unknown,CCU - DEL,2025-06,2026-04-19
B1346,P1061,AI071,2025-06-07 11:37:36.951,PENDING,30E,Air India,BOM,MAA,2026-04-19 19:55:41.702,2026-04-19 22:58:41.702,10980000000000,10980000000000,183,Sai,Ghosh,78,M,1948-07-11,Unknown,8105,Unknown,BOM - MAA,2025-06,2026-04-19
B1347,P1514,6F271,2026-02-07 11:37:36.951,PENDING,22A,Unknown,HYD,MAA,2026-04-19 19:33:41.702,2026-04-19 22:52:41.702,11940000000000,11940000000000,199,Aditya,Kulkarni,82,M,1944-06-19,PAY1097,12001,CARD,HYD - MAA,2026-02,2026-04-19
B1348,P1429,SJ015,2025-06-05 11:37:36.951,CANCELLED,27E,SpiceJet,BOM,CCU,2026-04-19 21:40:41.701,2026-04-19 22:52:41.701,4320000000000,4320000000000,72,Aadhya,Pillai,61,F,1965-10-27,Unknown,8105,Unknown,BOM - CCU,2025-06,2026-04-19
B1349,P1579,UK047,2025-11-19 11:37:36.951,CANCELLED,9E,Vistara,BLR,HYD,2026-04-19 18:40:41.701,2026-04-19 22:45:41.701,14700000000000,14700000000000,245,Kavya,Nair,5,F,2021-03-27,PAY1601,11102,CARD,BLR - HYD,2025-11,2026-04-19
B1350,P1536,UK020,2026-02-04 11:37:36.951,PENDING,12A,Vistara,MAA,BLR,2026-04-19 21:23:41.701,2026-04-19 22:38:41.701,4500000000000,4500000000000,75,Riya,Nair,19,F,2007-08-25,PAY1463,13802,UPI,MAA - BLR,2026-02,2026-04-19
B1350,P1536,UK020,2026-02-04 11:37:36.951,PENDING,12A,Vistara,MAA,BLR,2026-04-19 21:23:41.701,2026-04-19 22:38:41.701,4500000000000,4500000000000,75,Riya,Nair,19,F,2007-08-25,PAY1767,7709,CARD,MAA - BLR,2026-02,2026-04-19
B1350,P1536,UK020,2026-02-04 11:37:36.951,PENDING,12A,Vistara,MAA,BLR,2026-04-19 21:23:41.701,2026-04-19 22:38:41.701,4500000000000,4500000000000,75,Riya,Nair,19,F,2007-08-25,PAY1962,8540,CARD,MAA - BLR,2026-02,2026-04-19
B1351,P1690,AI122,2025-09-03 11:37:36.951,PENDING,27F,Air India,BOM,CCU,2026-04-19 18:25:41.702,2026-04-19 22:36:41.702,15060000000000,15060000000000,251,Krishna,Kulkarni,85,F,1941-10-07,PAY1740,14687,UPI,BOM - CCU,2025-09,2026-04-19
B1352,P1140,UK223,2025-10-20 11:37:36.951,CANCELLED,17D,Vistara,CCU,DEL,2026-04-19 21:58:41.704,2026-04-19 22:30:41.704,1920000000000,1920000000000,32,Shaurya,Singh,42,M,1984-08-02,PAY1722,2116,CARD,CCU - DEL,2025-10,2026-04-19
B1352,P1140,UK223,2025-10-20 11:37:36.951,CANCELLED,17D,Vistara,CCU,DEL,2026-04-19 21:58:41.704,2026-04-19 22:30:41.704,1920000000000,1920000000000,32,Shaurya,Singh,42,M,1984-08-02,PAY1870,10104,UPI,CCU - DEL,2025-10,2026-04-19
B1352,P1140,UK223,2025-10-20 11:37:36.951,CANCELLED,17D,Vistara,CCU,DEL,2026-04-19 21:58:41.704,2026-04-19 22:30:41.704,1920000000000,1920000000000,32,Shaurya,Singh,42,M,1984-03-18,PAY1722,2116,CARD,CCU - DEL,2025-10,2026-04-19
B1352,P1140,UK223,2025-10-20 11:37:36.951,CANCELLED,17D,Vistara,CCU,DEL,2026-04-19 21:58:41.704,2026-04-19 22:30:41.704,1920000000000,1920000000000,32,Shaurya,Singh,42,M,1984-03-18,PAY1870,10104,UPI,CCU - DEL,2025-10,2026-04-19
B1353,P1742,6F148,2025-09-19 11:37:36.951,CANCELLED,15F,IndiGo,CCU,BOM,2026-04-19 20:23:41.703,2026-04-19 22:30:41.703,7620000000000,7620000000000,127,Aditya,Mehta,23,M,2003-03-13,Unknown,8105,Unknown,CCU - BOM,2025-09,2026-04-19
B1354,P1299,SJ162,2025-12-14 11:37:36.951,CONFIRMED,34A,SpiceJet,DEL,HYD,2026-04-19 20:11:41.703,2026-04-19 22:30:41.703,8340000000000,8340000000000,139,Aadhya,Mishra,76,F,1950-05-03,PAY1987,10024,UPI,DEL - HYD,2025-12,2026-04-19
B1355,P1674,6F127,2026-03-30 11:37:36.951,CONFIRMED,28B,IndiGo,HYD,BOM,2026-04-19 18:27:41.702,2026-04-19 22:28:41.702,14460000000000,14460000000000,241,Myra,Agarwal,35,M,1991-02-03,PAY1254,5421,CARD,HYD - BOM,2026-03,2026-04-19
B1355,P1674,6F127,2026-03-30 11:37:36.951,CONFIRMED,28B,IndiGo,HYD,BOM,2026-04-19 18:27:41.702,2026-04-19 22:28:41.702,14460000000000,14460000000000,241,Myra,Agarwal,35,M,1991-02-03,PAY1662,8877,CARD,HYD - BOM,2026-03,2026-04-19
B1356,P1310,AI173,2025-11-10 11:37:36.951,PENDING,11F,Air India,HYD,DEL,2026-04-19 17:36:41.703,2026-04-19 22:27:41.703,17460000000000,17460000000000,291,Aarav,Singh,21,F,2005-02-06,Unknown,8105,Unknown,HYD - DEL,2025-11,2026-04-19
B1357,P1470,6F065,2026-02-05 11:37:36.951,Unknown,14A,IndiGo,MAA,BLR,2026-04-19 19:40:41.701,2026-04-19 22:23:41.701,9780000000000,9780000000000,163,Myra,Kulkarni,24,M,2002-12-01,PAY1726,6984,UPI,MAA - BLR,2026-02,2026-04-19
B1358,P1392,AI053,2025-06-22 11:37:36.951,PENDING,20A,Air India,CCU,DEL,2026-04-19 18:04:41.701,2026-04-19 22:19:41.701,15300000000000,15300000000000,255,Riya,Iyer,52,M,1974-09-28,Unknown,8105,Unknown,CCU - DEL,2025-06,2026-04-19
B1359,P1641,AI241,2025-10-22 11:37:36.951,CONFIRMED,14E,Air India,HYD,BLR,2026-04-19 20:11:41.704,2026-04-19 22:18:41.704,7620000000000,7620000000000,127,Myra,Gupta,1,F,2025-07-13,PAY1392,8105,CARD,HYD - BLR,2025-10,2026-04-19
B1359,P1641,AI241,2025-10-22 11:37:36.951,CONFIRMED,14E,Air India,HYD,BLR,2026-04-19 20:11:41.704,2026-04-19 22:18:41.704,7620000000000,7620000000000,127,Myra,Gupta,1,F,2025-07-13,PAY1695,3098,CARD,HYD - BLR,2025-10,2026-04-19
B1359,P1641,AI241,2025-10-22 11:37:36.951,CONFIRMED,14E,Air India,HYD,BLR,2026-04-19 20:11:41.704,2026-04-19 22:18:41.704,7620000000000,7620000000000,127,Myra,Gupta,1,F,2025-07-13,PAY1751,8950,UPI,HYD - BLR,2025-10,2026-04-19
B1359,P1641,AI241,2025-10-22 11:37:36.951,CONFIRMED,14E,Air India,HYD,BLR,2026-04-19 20:11:41.704,2026-04-19 22:18:41.704,7620000000000,7620000000000,127,Myra,Gupta,1,F,2025-07-13,PAY1843,9519,UPI,HYD - BLR,2025-10,2026-04-19
B1360,P1444,AI105,2025-06-15 11:37:36.951,Unknown,18D,Air India,CCU,DEL,2026-04-19 20:16:41.702,2026-04-19 22:03:41.702,6420000000000,6420000000000,107,Sai,Gupta,47,M,1979-02-27,Unknown,8105,Unknown,CCU - DEL,2025-06,2026-04-19
B1361,P1757,AI110,2025-08-24 11:37:36.951,PENDING,13F,Air India,BOM,CCU,2026-04-19 17:07:41.702,2026-04-19 22:00:41.702,17580000000000,17580000000000,293,Anika,Ghosh,63,M,1963-07-11,PAY1333,5340,UPI,BOM - CCU,2025-08,2026-04-19
B1362,P1808,AI252,2025-10-22 11:37:36.951,CONFIRMED,15B,Unknown,HYD,DEL,2026-04-19 17:30:41.704,2026-04-19 21:54:41.704,15840000000000,15840000000000,264,Aditya,Joshi,70,M,1956-11-24,Unknown,8105,Unknown,HYD - DEL,2025-10,2026-04-19
B1363,P1171,AI149,2025-12-14 11:37:36.951,CANCELLED,3B,Air India,BOM,HYD,2026-04-19 18:19:41.703,2026-04-19 21:36:41.703,11820000000000,11820000000000,197,Ishaan,Banerjee,62,M,1964-12-20,PAY1177,8555,NETBANKING,BOM - HYD,2025-12,2026-04-19
B1364,P1575,AI224,2025-09-09 11:37:36.951,PENDING,23F,Air India,DEL,HYD,2026-04-19 16:51:41.703,2026-04-19 21:36:41.703,17100000000000,17100000000000,285,Ananya,Mishra,9,M,2017-05-11,PAY1240,2062,CARD,DEL - HYD,2025-09,2026-04-19
B1364,P1575,AI224,2025-09-09 11:37:36.951,PENDING,23F,Air India,DEL,HYD,2026-04-19 16:51:41.703,2026-04-19 21:36:41.703,17100000000000,17100000000000,285,Ananya,Mishra,9,M,2017-05-11,PAY1777,10914,NETBANKING,DEL - HYD,2025-09,2026-04-19
B1364,P1575,AI224,2025-09-09 11:37:36.951,PENDING,23F,Air India,DEL,HYD,2026-04-19 16:51:41.703,2026-04-19 21:36:41.703,17100000000000,17100000000000,285,Ananya,Mishra,9,M,2017-05-11,PAY1900,1147,NETBANKING,DEL - HYD,2025-09,2026-04-19
B1365,P1030,UK158,2025-07-03 11:37:36.951,CANCELLED,15B,Vistara,BOM,MAA,2026-04-19 20:49:41.703,2026-04-19 21:22:41.703,1980000000000,1980000000000,33,Aditya,Kulkarni,60,F,1966-10-28,Unknown,8105,Unknown,BOM - MAA,2025-07,2026-04-19
B1366,P1046,6F125,2025-05-05 11:37:36.951,CANCELLED,25E,IndiGo,BOM,CCU,2026-04-19 17:09:41.702,2026-04-19 21:13:41.702,14640000000000,14640000000000,244,Saanvi,Sharma,18,M,2008-11-28,Unknown,8105,Unknown,BOM - CCU,2025-05,2026-04-19
B1367,P1129,UK164,2025-12-14 11:37:36.951,CONFIRMED,18A,Vistara,BOM,HYD,2026-04-19 16:46:41.703,2026-04-19 21:10:41.703,15840000000000,15840000000000,264,Vivaan,Joshi,65,F,1961-09-09,PAY1011,2380,CARD,BOM - HYD,2025-12,2026-04-19
B1367,P1129,UK164,2025-12-14 11:37:36.951,CONFIRMED,18A,Vistara,BOM,HYD,2026-04-19 16:46:41.703,2026-04-19 21:10:41.703,15840000000000,15840000000000,264,Vivaan,Joshi,65,F,1961-09-09,PAY1817,8105,UPI,BOM - HYD,2025-12,2026-04-19
B1368,P1351,UK007,2025-12-26 11:37:36.951,CANCELLED,1E,Vistara,DEL,HYD,2026-04-19 18:50:41.701,2026-04-19 21:04:41.701,8040000000000,8040000000000,134,Arjun,Khan,2,F,2024-08-05,PAY1572,9184,CARD,DEL - HYD,2025-12,2026-04-19
B1368,P1351,UK007,2025-12-26 11:37:36.951,CANCELLED,1E,Vistara,DEL,HYD,2026-04-19 18:50:41.701,2026-04-19 21:04:41.701,8040000000000,8040000000000,134,Arjun,Khan,2,F,2024-08-05,PAY1808,9111,CARD,DEL - HYD,2025-12,2026-04-19
B1368,P1351,UK007,2025-12-26 11:37:36.951,CANCELLED,1E,Vistara,DEL,HYD,2026-04-19 18:50:41.701,2026-04-19 21:04:41.701,8040000000000,8040000000000,134,Arjun,Khan,2,F,2024-08-05,PAY1970,3627,UPI,DEL - HYD,2025-12,2026-04-19
B1369,P1977,6F118,2026-03-18 11:37:36.951,PENDING,15F,IndiGo,CCU,HYD,2026-04-19 19:52:41.702,2026-04-19 21:01:41.702,4140000000000,4140000000000,69,Shaurya,Joshi,64,M,1962-08-20,PAY1729,7584,UPI,CCU - HYD,2026-03,2026-04-19
B1369,P1977,6F118,2026-03-18 11:37:36.951,PENDING,15F,IndiGo,CCU,HYD,2026-04-19 19:52:41.702,2026-04-19 21:01:41.702,4140000000000,4140000000000,69,Shaurya,Joshi,64,M,1962-08-20,PAY1850,8105,CARD,CCU - HYD,2026-03,2026-04-19
B1369,P1977,6F118,2026-03-18 11:37:36.951,PENDING,15F,IndiGo,CCU,HYD,2026-04-19 19:52:41.702,2026-04-19 21:01:41.702,4140000000000,4140000000000,69,Shaurya,Joshi,64,M,1962-08-20,PAY1973,10520,UPI,CCU - HYD,2026-03,2026-04-19
B1370,P1844,SJ004,2026-01-01 11:37:36.951,CANCELLED,19C,SpiceJet,MAA,DEL,2026-04-19 17:52:41.701,2026-04-19 21:01:41.701,11340000000000,11340000000000,189,Vivaan,Pillai,59,F,1967-07-11,PAY1378,1771,UPI,MAA - DEL,2026-01,2026-04-19
B1370,P1844,SJ004,2026-01-01 11:37:36.951,CANCELLED,19C,SpiceJet,MAA,DEL,2026-04-19 17:52:41.701,2026-04-19 21:01:41.701,11340000000000,11340000000000,189,Vivaan,Pillai,59,F,1967-07-11,PAY1712,14742,UPI,MAA - DEL,2026-01,2026-04-19
B1371,P1621,6F206,2025-09-25 11:37:36.951,CANCELLED,15E,IndiGo,DEL,BOM,2026-04-19 16:39:41.703,2026-04-19 20:59:41.703,15600000000000,15600000000000,260,Aarav,Singh,44,M,1982-06-24,Unknown,8105,Unknown,DEL - BOM,2025-09,2026-04-19
B1372,P1580,SJ130,2025-05-11 11:37:36.951,CANCELLED,11D,SpiceJet,BOM,DEL,2026-04-19 16:53:41.702,2026-04-19 20:53:41.702,14400000000000,14400000000000,240,Krishna,Iyer,29,M,1997-05-15,PAY1245,4622,NETBANKING,BOM - DEL,2025-05,2026-04-19
B1372,P1580,SJ130,2025-05-11 11:37:36.951,CANCELLED,11D,SpiceJet,BOM,DEL,2026-04-19 16:53:41.702,2026-04-19 20:53:41.702,14400000000000,14400000000000,240,Krishna,Iyer,29,M,1997-05-15,PAY1545,5976,CARD,BOM - DEL,2025-05,2026-04-19
B1373,P1057,SJ070,2026-02-14 11:37:36.951,CANCELLED,22F,SpiceJet,MAA,CCU,2026-04-19 18:55:41.701,2026-04-19 20:48:41.701,6780000000000,6780000000000,113,Ishaan,Gupta,44,M,1982-08-16,PAY1180,6540,UPI,MAA - CCU,2026-02,2026-04-19
B1374,P1105,AI085,2025-04-24 11:37:36.951,CANCELLED,7F,Air India,DEL,HYD,2026-04-19 15:45:41.702,2026-04-19 20:33:41.702,17280000000000,17280000000000,288,Muhammad,Singh,63,F,1963-05-04,Unknown,8105,Unknown,DEL - HYD,2025-04,2026-04-19
B1375,P1811,SJ109,2025-09-02 11:37:36.951,CONFIRMED,15B,SpiceJet,BOM,DEL,2026-04-19 17:24:41.702,2026-04-19 20:28:41.702,11040000000000,11040000000000,184,Muhammad, Banerjee,12,F,2014-01-04,PAY1342,9151,UPI,BOM - DEL,2025-09,2026-04-19
B1375,P1811,SJ109,2025-09-02 11:37:36.951,CONFIRMED,15B,SpiceJet,BOM,DEL,2026-04-19 17:24:41.702,2026-04-19 20:28:41.702,11040000000000,11040000000000,184,Muhammad, Banerjee,12,F,2014-01-04,PAY1531,10064,UPI,BOM - DEL,2025-09,2026-04-19
B1375,P1811,SJ109,2025-09-02 11:37:36.951,CONFIRMED,15B,SpiceJet,BOM,DEL,2026-04-19 17:24:41.702,2026-04-19 20:28:41.702,11040000000000,11040000000000,184,Muhammad, Bbanerjee,12,F,2014-06-14,PAY1342,9151,UPI,BOM - DEL,2025-09,2026-04-19
B1375,P1811,SJ109,2025-09-02 11:37:36.951,CONFIRMED,15B,SpiceJet,BOM,DEL,2026-04-19 17:24:41.702,2026-04-19 20:28:41.702,11040000000000,11040000000000,184,Muhammad, Bbanerjee,12,F,2014-06-14,PAY1531,10064,UPI,BOM - DEL,2025-09,2026-04-19
B1375,P1811,SJ109,2025-09-02 11:37:36.951,CONFIRMED,15B,SpiceJet,BOM,DEL,2026-04-19 17:24:41.702,2026-04-19 20:28:41.702,11040000000000,11040000000000,184,Muhammad,Banerjee,12,F,2014-02-05,PAY1342,9151,UPI,BOM - DEL,2025-09,2026-04-19
B1375,P1811,SJ109,2025-09-02 11:37:36.951,CONFIRMED,15B,SpiceJet,BOM,DEL,2026-04-19 17:24:41.702,2026-04-19 20:28:41.702,11040000000000,11040000000000,184,Muhammad,Banerjee,12,F,2014-02-05,PAY1531,10064,UPI,BOM - DEL,2025-09,2026-04-19
B1376,P1329,AI168,2025-08-24 11:37:36.951,PENDING,16B,Unknown,DEL,CCU,2026-04-19 15:50:41.703,2026-04-19 20:20:41.703,16200000000000,16200000000000,270,Arjun,Sharma,46,F,1980-12-19,PAY1723,12718,NETBANKING,DEL - CCU,2025-08,2026-04-19
B1376,P1329,AI168,2025-08-24 11:37:36.951,PENDING,16B,Unknown,DEL,CCU,2026-04-19 15:50:41.703,2026-04-19 20:20:41.703,16200000000000,16200000000000,270,Arjun,Sharma,46,F,1980-12-19,PAY1735,7200,UPI,DEL - CCU,2025-08,2026-04-19
B1376,P1329,AI168,2025-08-24 11:37:36.951,PENDING,16B,Unknown,DEL,CCU,2026-04-19 15:50:41.703,2026-04-19 20:20:41.703,16200000000000,16200000000000,270,Arjun,Sharma,46,F,1980-12-19,PAY1949,8105,UPI,DEL - CCU,2025-08,2026-04-19
B1377,P1767,UK123,2025-10-24 11:37:36.951,CONFIRMED,26A,Vistara,BOM,DEL,2026-04-19 17:24:41.702,2026-04-19 20:18:41.702,10440000000000,10440000000000,174,Sai,Singh,4,M,2022-11-14,Unknown,8105,Unknown,BOM - DEL,2025-10,2026-04-19
B1378,P1823,UK110,2026-01-16 11:37:36.951,PENDING,30D,Vistara,HYD,DEL,2026-04-19 15:26:41.702,2026-04-19 20:13:41.702,17220000000000,17220000000000,287,Reyansh,Banerjee,63,M,1963-10-21,PAY1491,4051,UPI,HYD - DEL,2026-01,2026-04-19
B1378,P1823,UK110,2026-01-16 11:37:36.951,PENDING,30D,Vistara,HYD,DEL,2026-04-19 15:26:41.702,2026-04-19 20:13:41.702,17220000000000,17220000000000,287,Reyansh,Banerjee,63,M,1963-10-21,PAY1896,10365,CARD,HYD - DEL,2026-01,2026-04-19
B1379,P1682,AI206,2025-11-02 11:37:36.951,PENDING,31C,Air India,CCU,MAA,2026-04-19 16:30:41.703,2026-04-19 20:01:41.703,12660000000000,12660000000000,211,Krishna,Nair,56,M,1970-04-13,Unknown,8105,Unknown,CCU - MAA,2025-11,2026-04-19
B1380,P1382,6F007,2026-04-16 11:37:36.951,PENDING,6B,IndiGo,HYD,MAA,2026-04-19 18:55:41.701,2026-04-19 19:54:41.701,3540000000000,3540000000000,59,Anika,Iyer,51,F,1975-04-07,PAY1307,14705,CARD,HYD - MAA,2026-04,2026-04-19
B1381,P1984,SJ013,2025-11-11 11:37:36.951,PENDING,33A,SpiceJet,DEL,MAA,2026-04-19 15:25:41.701,2026-04-19 19:54:41.701,16140000000000,16140000000000,269,Ishaan,Singh,85,F,1941-03-04,PAY1975,7453,UPI,DEL - MAA,2025-11,2026-04-19
B1382,P1161,UK061,2025-09-19 11:37:36.951,PENDING,20D,Vistara,BLR,BOM,2026-04-19 17:58:41.701,2026-04-19 19:48:41.701,6600000000000,6600000000000,110,Krishna,Agarwal,57,F,1969-03-09,PAY1239,14862,UPI,BLR - BOM,2025-09,2026-04-19
B1383,P1996,AI010,2025-09-24 11:37:36.951,CANCELLED,8C,Air India,BOM,HYD,2026-04-19 15:00:41.701,2026-04-19 19:48:41.701,17280000000000,17280000000000,288,Ira,Nair,40,M,1986-09-24,Unknown,8105,Unknown,BOM - HYD,2025-09,2026-04-19
B1384,P1285,AI024,2025-05-16 11:37:36.951,CONFIRMED,11D,Air India,MAA,BOM,2026-04-19 18:38:41.701,2026-04-19 19:45:41.701,4020000000000,4020000000000,67,Riya,Agarwal,41,M,1985-03-09,PAY1594,5108,NETBANKING,MAA - BOM,2025-05,2026-04-19
B1385,P1070,UK130,2025-06-08 11:37:36.951,CONFIRMED,30B,Vistara,MAA,BLR,2026-04-19 15:36:41.702,2026-04-19 19:43:41.702,14820000000000,14820000000000,247,Ira,Sharma,54,F,1972-02-05,Unknown,8105,Unknown,MAA - BLR,2025-06,2026-04-19
B1386,P1766,AI161,2026-03-12 11:37:36.951,CANCELLED,10A,Air India,CCU,BOM,2026-04-19 16:40:41.703,2026-04-19 19:40:41.703,10800000000000,10800000000000,180,Ira,Banerjee,29,F,1997-11-16,Unknown,8105,Unknown,CCU - BOM,2026-03,2026-04-19
B1387,P1453,SJ208,2025-07-23 11:37:36.951,PENDING,24F,SpiceJet,DEL,HYD,2026-04-19 18:32:41.703,2026-04-19 19:33:41.703,3660000000000,3660000000000,61,Diya,Iyer,23,M,2003-09-22,Unknown,8105,Unknown,DEL - HYD,2025-07,2026-04-19
B1388,P1885,6F038,2025-09-23 11:37:36.951,INVALID,8D,IndiGo,HYD,MAA,2026-04-19 15:36:41.701,2026-04-19 19:33:41.701,14220000000000,14220000000000,237,Ira,Chatterjee,33,F,1993-03-28,PAY1317,10390,NETBANKING,HYD - MAA,2025-09,2026-04-19
B1388,P1885,6F038,2025-09-23 11:37:36.951,INVALID,8D,IndiGo,HYD,MAA,2026-04-19 15:36:41.701,2026-04-19 19:33:41.701,14220000000000,14220000000000,237,Ira,Chatterjee,33,F,1993-03-28,PAY1734,12160,UPI,HYD - MAA,2025-09,2026-04-19
B1389,P1566,6F085,2026-02-22 11:37:36.951,Unknown,30D,IndiGo,HYD,MAA,2026-04-19 17:32:41.702,2026-04-19 19:32:42.000,7200298000000,7200298000000,120,Vivaan,Singh,9,F,2017-02-03,PAY1344,8105,NETBANKING,HYD - MAA,2026-02,2026-04-19
B1390,P1834,SJ028,2026-03-09 11:37:36.951,CANCELLED,8C,SpiceJet,CCU,BOM,2026-04-19 15:04:41.701,2026-04-19 19:32:41.701,16080000000000,16080000000000,268,Riya,Singh,56,M,1970-09-28,Unknown,8105,Unknown,CCU - BOM,2026-03,2026-04-19
B1391,P1396,SJ084,2025-11-26 11:37:36.951,CONFIRMED,21F,SpiceJet,HYD,MAA,2026-04-19 18:31:41.702,2026-04-19 19:30:41.702,3540000000000,3540000000000,59,Vivaan,Mishra,54,F,1972-11-01,PAY1143,10930,CARD,HYD - MAA,2025-11,2026-04-19
B1391,P1396,SJ084,2025-11-26 11:37:36.951,CONFIRMED,21F,SpiceJet,HYD,MAA,2026-04-19 18:31:41.702,2026-04-19 19:30:41.702,3540000000000,3540000000000,59,Vivaan,Mishra,54,F,1972-11-01,PAY1282,14307,UPI,HYD - MAA,2025-11,2026-04-19
B1391,P1396,SJ084,2025-11-26 11:37:36.951,CONFIRMED,21F,SpiceJet,HYD,MAA,2026-04-19 18:31:41.702,2026-04-19 19:30:41.702,3540000000000,3540000000000,59,Vivaan,Mishra,54,F,1972-11-01,PAY1525,10231,CARD,HYD - MAA,2025-11,2026-04-19
B1392,P1514,AI139,2026-03-27 11:37:36.951,CONFIRMED,21D,Air India,HYD,MAA,2026-04-19 18:23:41.702,2026-04-19 19:24:41.702,3660000000000,3660000000000,61,Aditya,Kulkarni,82,M,1944-06-19,Unknown,8105,Unknown,HYD - MAA,2026-03,2026-04-19
B1393,P1025,UK179,2026-04-06 11:37:36.951,PENDING,26E,Vistara,DEL,HYD,2026-04-19 14:25:41.703,2026-04-19 19:15:41.703,17400000000000,17400000000000,290,Aarav,Chatterjee,22,M,2004-07-22,PAY1749,5252,UPI,DEL - HYD,2026-04,2026-04-19
B1394,P1312,6F256,2025-07-23 11:37:36.951,PENDING,23F,Unknown,BOM,CCU,2026-04-19 18:40:41.702,2026-04-19 19:13:41.702,1980000000000,1980000000000,33,Sara,Verma,28,F,1998-01-25,Unknown,8105,Unknown,BOM - CCU,2025-07,2026-04-19
B1395,P1125,UK023,2026-02-10 11:37:36.951,INVALID,23B,Vistara,DEL,MAA,2026-04-19 14:15:41.701,2026-04-19 19:03:41.701,17280000000000,17280000000000,288,Reyansh,Reddy,37,F,1989-01-19,PAY1643,10317,NETBANKING,DEL - MAA,2026-02,2026-04-19
B1396,P1407,AI039,2025-08-03 11:37:36.951,Unknown,13E,Air India,MAA,BLR,2026-04-19 15:24:41.701,2026-04-19 18:56:41.701,12720000000000,12720000000000,212,Shaurya,Kulkarni,52,F,1974-10-08,PAY1564,1731,CARD,MAA - BLR,2025-08,2026-04-19
B1396,P1407,AI039,2025-08-03 11:37:36.951,Unknown,13E,Air India,MAA,BLR,2026-04-19 15:24:41.701,2026-04-19 18:56:41.701,12720000000000,12720000000000,212,Shaurya,Kulkarni,52,F,1974-10-08,PAY1985,14468,CARD,MAA - BLR,2025-08,2026-04-19
B1397,P1564,UK190,2026-02-05 11:37:36.951,CANCELLED,28D,Vistara,DEL,BLR,2026-04-19 15:49:41.703,2026-04-19 18:53:41.703,11040000000000,11040000000000,184,Saanvi,Chatterjee,18,M,2008-08-14,PAY1966,3065,NETBANKING,DEL - BLR,2026-02,2026-04-19
B1398,P1197,6F224,2026-02-04 11:37:36.951,PENDING,3E,IndiGo,DEL,MAA,2026-04-19 16:53:41.704,2026-04-19 18:52:41.704,7140000000000,7140000000000,119,Krishna,Nair,3,M,2023-06-07,PAY1347,7149,NETBANKING,DEL - MAA,2026-02,2026-04-19
B1399,P1810,UK221,2025-05-31 11:37:36.951,PENDING,7A,Vistara,CCU,DEL,2026-04-19 14:18:41.704,2026-04-19 18:44:41.704,15960000000000,15960000000000,266,Ishaan,Naidu,5,M,2021-09-25,Unknown,8105,Unknown,CCU - DEL,2025-05,2026-04-19
B1400,P1187,SJ107,2026-04-02 11:37:36.951,CANCELLED,12F,SpiceJet,BOM,MAA,2026-04-19 14:10:41.702,2026-04-19 18:38:41.702,16080000000000,16080000000000,268,Aditya,Das,59,F,1967-10-20,PAY1776,3064,UPI,BOM - MAA,2026-04,2026-04-19
B1401,P1697,UK155,2025-04-20 11:37:36.951,Unknown,21D,Vistara,MAA,HYD,2026-04-19 14:34:41.703,2026-04-19 18:37:41.703,14580000000000,14580000000000,243,Aditya,Nair,49,F,1977-01-22,PAY1261,10394,CARD,MAA - HYD,2025-04,2026-04-19
B1401,P1697,UK155,2025-04-20 11:37:36.951,Unknown,21D,Vistara,MAA,HYD,2026-04-19 14:34:41.703,2026-04-19 18:37:41.703,14580000000000,14580000000000,243,Aditya,Nair,49,F,1977-01-22,PAY1842,2701,UPI,MAA - HYD,2025-04,2026-04-19
B1401,P1697,UK155,2025-04-20 11:37:36.951,Unknown,21D,Vistara,MAA,HYD,2026-04-19 14:34:41.703,2026-04-19 18:37:41.703,14580000000000,14580000000000,243,Aditya,Nair,49,F,1977-01-22,PAY1885,7755,CARD,MAA - HYD,2025-04,2026-04-19
B1402,P1816,UK183,2026-03-21 11:37:36.951,CANCELLED,7E,Vistara,BLR,CCU,2026-04-19 17:07:41.703,2026-04-19 18:30:41.703,4980000000000,4980000000000,83,Shaurya,Joshi,45,F,1981-09-13,PAY1607,9048,NETBANKING,BLR - CCU,2026-03,2026-04-19
B1402,P1816,UK183,2026-03-21 11:37:36.951,CANCELLED,7E,Vistara,BLR,CCU,2026-04-19 17:07:41.703,2026-04-19 18:30:41.703,4980000000000,4980000000000,83,Shaurya,Joshi,45,F,1981-09-13,PAY1798,7010,UPI,BLR - CCU,2026-03,2026-04-19
B1403,P1809,SJ203,2025-05-08 11:37:36.951,PENDING,26A,Unknown,DEL,HYD,2026-04-19 16:22:41.703,2026-04-19 18:27:41.703,7500000000000,7500000000000,125,Diya,Mishra,1,M,2025-01-10,Unknown,8105,Unknown,DEL - HYD,2025-05,2026-04-19
B1404,P1715,6F253,2026-03-07 11:37:36.951,INVALID,16A,UNKNOWN,MAA,BLR,2026-04-19 16:26:41.703,2026-04-19 18:24:41.703,7080000000000,7080000000000,118,Vivaan,Mishra,17,M,2009-07-14,PAY1104,7473,UPI,MAA - BLR,2026-03,2026-04-19
B1405,P1483,AI100,2025-08-26 11:37:36.951,PENDING,32F,UNKNOWN,CCU,BOM,2026-04-19 14:42:41.702,2026-04-19 18:22:41.702,13200000000000,13200000000000,220,Arjun,Das,40,F,1986-11-22,Unknown,8105,Unknown,CCU - BOM,2025-08,2026-04-19
B1406,P1449,6F140,2025-06-24 11:37:36.951,CONFIRMED,15D,IndiGo,CCU,HYD,2026-04-19 16:30:41.702,2026-04-19 18:21:41.702,6660000000000,6660000000000,111,Diya,Sharma,48,F,1978-02-08,PAY1604,14922,NETBANKING,CCU - HYD,2025-06,2026-04-19
B1406,P1449,6F140,2025-06-24 11:37:36.951,CONFIRMED,15D,IndiGo,CCU,HYD,2026-04-19 16:30:41.702,2026-04-19 18:21:41.702,6660000000000,6660000000000,111,Diya,Sharma,48,F,1978-02-08,PAY1681,6800,NETBANKING,CCU - HYD,2025-06,2026-04-19
B1407,P1522,UK048,2025-08-26 11:37:36.951,CONFIRMED,25A,Vistara,MAA,DEL,2026-04-19 13:36:41.701,2026-04-19 18:21:41.701,17100000000000,17100000000000,285,Reyansh,Singh,23,F,2003-07-27,Unknown,8105,Unknown,MAA - DEL,2025-08,2026-04-19
B1408,P1870,SJ204,2025-07-29 11:37:36.951,CONFIRMED,12F,SpiceJet,CCU,DEL,2026-04-19 16:34:41.703,2026-04-19 18:15:41.703,6060000000000,6060000000000,101,Reyansh,Patel,86,F,1940-07-28,PAY1089,6561,UPI,CCU - DEL,2025-07,2026-04-19
B1408,P1870,SJ204,2025-07-29 11:37:36.951,CONFIRMED,12F,SpiceJet,CCU,DEL,2026-04-19 16:34:41.703,2026-04-19 18:15:41.703,6060000000000,6060000000000,101,Reyansh,Patel,86,F,1940-07-28,PAY1496,1244,NETBANKING,CCU - DEL,2025-07,2026-04-19
B1409,P1353,UK105,2026-03-24 11:37:36.951,CONFIRMED,28C,Vistara,CCU,HYD,2026-04-19 17:04:41.702,2026-04-19 18:11:41.702,4020000000000,4020000000000,67,Ishaan,Kulkarni,33,F,1993-11-23,PAY1629,1095,UPI,CCU - HYD,2026-03,2026-04-19
B1410,P1985,AI098,2026-04-13 11:37:36.951,CONFIRMED,32C,Air India,HYD,MAA,2026-04-19 16:01:41.702,2026-04-19 18:11:41.702,7800000000000,7800000000000,130,Aadhya,Nair,37,M,1989-01-01,Unknown,8105,Unknown,HYD - MAA,2026-04,2026-04-19
B1410,P1985,AI098,2026-04-13 11:37:36.951,CONFIRMED,32C,Air India,HYD,MAA,2026-04-19 16:01:41.702,2026-04-19 18:11:41.702,7800000000000,7800000000000,130,AadhyaNair,Unknown,37,M,1989-04-05,Unknown,8105,Unknown,HYD - MAA,2026-04,2026-04-19
B1411,P1657,6F013,2025-10-12 11:37:36.951,CANCELLED,1A,IndiGo,BOM,CCU,2026-04-19 13:15:41.701,2026-04-19 18:05:41.701,17400000000000,17400000000000,290,Sai,Kulkarni,8,F,2018-10-02,PAY1526,5888,CARD,BOM - CCU,2025-10,2026-04-19
B1411,P1657,6F013,2025-10-12 11:37:36.951,CANCELLED,1A,IndiGo,BOM,CCU,2026-04-19 13:15:41.701,2026-04-19 18:05:41.701,17400000000000,17400000000000,290,Sai,Kulkarni,8,F,2018-10-02,PAY1833,7521,NETBANKING,BOM - CCU,2025-10,2026-04-19
B1412,P1596,6F128,2025-11-18 11:37:36.951,CANCELLED,28E,IndiGo,HYD,DEL,2026-04-19 16:56:41.702,2026-04-19 18:03:41.702,4020000000000,4020000000000,67,Vivaan,Das,61,M,1965-02-04,PAY1708,10616,NETBANKING,HYD - DEL,2025-11,2026-04-19
B1413,P1099,SJ038,2025-10-05 11:37:36.951,Unknown,14A,SpiceJet,BLR,DEL,2026-04-19 14:57:41.701,2026-04-19 17:46:41.701,10140000000000,10140000000000,169,Vivaan,Agarwal,71,F,1955-05-26,Unknown,8105,Unknown,BLR - DEL,2025-10,2026-04-19
B1414,P1615,SJ182,2026-01-07 11:37:36.951,CONFIRMED,25F,SpiceJet,CCU,BOM,2026-04-19 16:48:41.703,2026-04-19 17:36:41.703,2880000000000,2880000000000,48,Kavya, Patel,25,M,2001-07-16,PAY1924,6182,NETBANKING,CCU - BOM,2026-01,2026-04-19
B1414,P1615,SJ182,2026-01-07 11:37:36.951,CONFIRMED,25F,SpiceJet,CCU,BOM,2026-04-19 16:48:41.703,2026-04-19 17:36:41.703,2880000000000,2880000000000,48,Kavya,Patel,25,M,2001-07-23,PAY1924,6182,NETBANKING,CCU - BOM,2026-01,2026-04-19
B1415,P1947,6F199,2026-03-22 11:37:36.951,PENDING,23B,IndiGo,DEL,MAA,2026-04-19 15:15:41.703,2026-04-19 17:32:41.703,8220000000000,8220000000000,137,Muhammad,Sharma,13,M,2013-10-12,Unknown,8105,Unknown,DEL - MAA,2026-03,2026-04-19
B1416,P1557,SJ187,2025-08-17 11:37:36.951,CANCELLED,20B,SpiceJet,MAA,BLR,2026-04-19 14:07:41.703,2026-04-19 17:30:41.703,12180000000000,12180000000000,203,Anika,Kulkarni,58,F,1968-01-19,Unknown,8105,Unknown,MAA - BLR,2025-08,2026-04-19
B1417,P1555,AI182,2025-08-18 11:37:36.951,PENDING,8E,Air India,HYD,DEL,2026-04-19 12:41:41.703,2026-04-19 17:14:41.703,16380000000000,16380000000000,273,Saanvi,Joshi,53,M,1973-12-27,PAY1253,3362,UPI,HYD - DEL,2025-08,2026-04-19
B1417,P1555,AI182,2025-08-18 11:37:36.951,PENDING,8E,Air India,HYD,DEL,2026-04-19 12:41:41.703,2026-04-19 17:14:41.703,16380000000000,16380000000000,273,Saanvi,Joshi,53,M,1973-12-27,PAY1353,3890,UPI,HYD - DEL,2025-08,2026-04-19
B1418,P1277,SJ027,2025-05-04 11:37:36.951,PENDING,19D,UNKNOWN,BOM,MAA,2026-04-19 12:50:41.701,2026-04-19 17:13:41.701,15780000000000,15780000000000,263,Sai,Mishra,25,M,2001-02-06,PAY1147,12326,CARD,BOM - MAA,2025-05,2026-04-19
B1419,P1692,SJ062,2026-01-20 11:37:36.951,CONFIRMED,20E,SpiceJet,BLR,HYD,2026-04-19 13:37:41.701,2026-04-19 17:06:41.701,12540000000000,12540000000000,209,Sara,Verma,63,F,1963-01-21,PAY1085,3513,NETBANKING,BLR - HYD,2026-01,2026-04-19
B1419,P1692,SJ062,2026-01-20 11:37:36.951,CONFIRMED,20E,SpiceJet,BLR,HYD,2026-04-19 13:37:41.701,2026-04-19 17:06:41.701,12540000000000,12540000000000,209,Sara,Verma,63,F,1963-01-21,PAY1205,1425,CARD,BLR - HYD,2026-01,2026-04-19
B1420,P1698,SJ161,2026-02-24 11:37:36.951,CONFIRMED,27B,SpiceJet,MAA,BLR,2026-04-19 16:22:41.703,2026-04-19 17:04:41.703,2520000000000,2520000000000,42,Ira,Naidu,77,F,1949-11-05,PAY1913,7162,UPI,MAA - BLR,2026-02,2026-04-19
B1421,P1989,UK058,2025-10-03 11:37:36.951,Unknown,23C,Vistara,MAA,BOM,2026-04-19 13:46:41.701,2026-04-19 17:04:41.701,11880000000000,11880000000000,198,Reyansh,Chatterjee,26,M,2000-04-12,Unknown,8105,Unknown,MAA - BOM,2025-10,2026-04-19
B1422,P1625,AI181,2026-01-04 11:37:36.951,CANCELLED,12D,Air India,MAA,HYD,2026-04-19 13:29:41.703,2026-04-19 16:55:41.703,12360000000000,12360000000000,206,Riya,Patel,61,F,1965-03-05,PAY1210,4827,UPI,MAA - HYD,2026-01,2026-04-19
B1423,P1490,AI003,2025-06-12 11:37:36.951,CONFIRMED,14A,Air India,BLR,HYD,2026-04-19 13:27:41.701,2026-04-19 16:55:41.701,12480000000000,12480000000000,208,Ishaan,Gupta,46,M,1980-02-25,Unknown,8105,Unknown,BLR - HYD,2025-06,2026-04-19
B1424,P1254,6F150,2025-11-05 11:37:36.951,CANCELLED,11D,IndiGo,HYD,MAA,2026-04-19 12:55:41.703,2026-04-19 16:53:41.703,14280000000000,14280000000000,238,Muhammad,Khan,2,F,2024-02-25,Unknown,8105,Unknown,HYD - MAA,2025-11,2026-04-19
B1425,P1380,SJ175,2025-06-28 11:37:36.951,CANCELLED,34E,SpiceJet,MAA,BLR,2026-04-19 12:46:41.703,2026-04-19 16:50:41.703,14640000000000,14640000000000,244,Reyansh,Khan,63,M,1963-10-20,Unknown,8105,Unknown,MAA - BLR,2025-06,2026-04-19
B1426,P1891,6F041,2025-12-15 11:37:36.951,CANCELLED,17C,IndiGo,MAA,BOM,2026-04-19 13:19:41.701,2026-04-19 16:48:41.701,12540000000000,12540000000000,209,Shaurya,Banerjee,4,F,2022-06-06,PAY1710,8105,CARD,MAA - BOM,2025-12,2026-04-19
B1427,P1541,SJ040,2026-04-15 11:37:36.951,CANCELLED,16E,SpiceJet,BOM,CCU,2026-04-19 13:12:41.701,2026-04-19 16:44:41.701,12720000000000,12720000000000,212,Sai,Banerjee,78,M,1948-10-11,Unknown,8105,Unknown,BOM - CCU,2026-04,2026-04-19
B1428,P1263,6F020,2025-06-17 11:37:36.951,CONFIRMED,27C,IndiGo,BOM,HYD,2026-04-19 14:58:41.701,2026-04-19 16:43:41.701,6300000000000,6300000000000,105,Riya,Das,48,F,1978-11-03,Unknown,8105,Unknown,BOM - HYD,2025-06,2026-04-19
B1429,P1609,AI248,2025-05-08 11:37:36.951,CANCELLED,27B,Air India,CCU,DEL,2026-04-19 15:17:41.704,2026-04-19 16:35:41.704,4680000000000,4680000000000,78,Vivaan,Mishra,39,F,1987-10-16,PAY1454,6939,CARD,CCU - DEL,2025-05,2026-04-19
B1429,P1609,AI248,2025-05-08 11:37:36.951,CANCELLED,27B,Air India,CCU,DEL,2026-04-19 15:17:41.704,2026-04-19 16:35:41.704,4680000000000,4680000000000,78,Vivaan,Mishra,39,F,1987-10-16,PAY1829,9998,CARD,CCU - DEL,2025-05,2026-04-19
B1430,P1824,SJ016,2026-02-08 11:37:36.951,CONFIRMED,11A,SpiceJet,HYD,CCU,2026-04-19 13:01:41.701,2026-04-19 16:26:41.701,12300000000000,12300000000000,205,Ira,Agarwal,48,M,1978-12-07,Unknown,8105,Unknown,HYD - CCU,2026-02,2026-04-19
B1431,P1878,UK204,2025-11-21 11:37:36.951,CONFIRMED,31C,Vistara,BLR,DEL,2026-04-19 14:46:41.703,2026-04-19 16:24:41.703,5880000000000,5880000000000,98,Kavya,Sharma,52,M,1974-11-01,PAY1717,9679,CARD,BLR - DEL,2025-11,2026-04-19
B1431,P1878,UK204,2025-11-21 11:37:36.951,CONFIRMED,31C,Vistara,BLR,DEL,2026-04-19 14:46:41.703,2026-04-19 16:24:41.703,5880000000000,5880000000000,98,Kavya,Sharma,52,M,1974-11-01,PAY1917,12583,NETBANKING,BLR - DEL,2025-11,2026-04-19
B1432,P1328,6F211,2025-09-02 11:37:36.951,CANCELLED,9B,IndiGo,MAA,BLR,2026-04-19 11:29:41.703,2026-04-19 16:20:41.703,17460000000000,17460000000000,291,Aditya,Das,24,M,2002-11-03,Unknown,8105,Unknown,MAA - BLR,2025-09,2026-04-19
B1433,P1114,SJ166,2025-05-07 11:37:36.951,CONFIRMED,5B,SpiceJet,CCU,HYD,2026-04-19 12:51:41.703,2026-04-19 16:18:41.703,12420000000000,12420000000000,207,Anika,Sharma,28,F,1998-09-03,PAY1377,1902,UPI,CCU - HYD,2025-05,2026-04-19
B1433,P1114,SJ166,2025-05-07 11:37:36.951,CONFIRMED,5B,SpiceJet,CCU,HYD,2026-04-19 12:51:41.703,2026-04-19 16:18:41.703,12420000000000,12420000000000,207,Anika,Sharma,28,F,1998-09-03,PAY1785,14067,CARD,CCU - HYD,2025-05,2026-04-19
B1434,P1275,AI036,2025-10-19 11:37:36.951,PENDING,30C,Air India,BOM,CCU,2026-04-19 14:45:41.701,2026-04-19 16:16:41.701,5460000000000,5460000000000,91,Anika,Iyer,84,M,1942-10-03,PAY1232,4962,NETBANKING,BOM - CCU,2025-10,2026-04-19
B1434,P1275,AI036,2025-10-19 11:37:36.951,PENDING,30C,Air India,BOM,CCU,2026-04-19 14:45:41.701,2026-04-19 16:16:41.701,5460000000000,5460000000000,91,Anika,Iyer,84,M,1942-10-03,PAY1541,1027,UPI,BOM - CCU,2025-10,2026-04-19
B1435,P1487,SJ215,2025-09-18 11:37:36.951,CONFIRMED,1E,SpiceJet,CCU,DEL,2026-04-19 14:37:41.703,2026-04-19 16:12:41.703,5700000000000,5700000000000,95,Ira,Banerjee,29,M,1997-02-25,PAY1956,8590,CARD,CCU - DEL,2025-09,2026-04-19
B1436,P1280,AI076,2026-01-05 11:37:36.951,CONFIRMED,20B,Air India,BLR,BOM,2026-04-19 15:37:41.702,2026-04-19 16:12:41.702,2100000000000,2100000000000,35,Anika,Pillai,66,M,1960-06-02,Unknown,8105,Unknown,BLR - BOM,2026-01,2026-04-19
B1437,P1274,SJ012,2025-11-28 11:37:36.951,CANCELLED,24A,SpiceJet,HYD,BLR,2026-04-19 15:01:41.701,2026-04-19 16:12:41.701,4260000000000,4260000000000,71,Sara,Ghosh,38,M,1988-09-15,Unknown,8105,Unknown,HYD - BLR,2025-11,2026-04-19
B1438,P1772,AI073,2026-04-01 11:37:36.951,Unknown,20D,Air India,BOM,BLR,2026-04-19 14:08:41.702,2026-04-19 16:10:41.702,7320000000000,7320000000000,122,Sai,Chatterjee,17,M,2009-09-04,PAY1459,7671,UPI,BOM - BLR,2026-04,2026-04-19
B1439,P1842,SJ173,2025-11-09 11:37:36.951,CONFIRMED,27E,SpiceJet,CCU,HYD,2026-04-19 14:27:41.703,2026-04-19 16:09:41.703,6120000000000,6120000000000,102,Ira,Banerjee,26,F,2000-04-09,PAY1393,7293,NETBANKING,CCU - HYD,2025-11,2026-04-19
B1440,P1718,AI193,2026-03-09 11:37:36.951,CANCELLED,25E,Air India,MAA,HYD,2026-04-19 11:33:41.703,2026-04-19 16:07:41.703,16440000000000,16440000000000,274,Aditya,Joshi,73,F,1953-03-08,Unknown,8105,Unknown,MAA - HYD,2026-03,2026-04-19
B1441,P1895,SJ131,2025-09-22 11:37:36.951,INVALID,13A,SpiceJet,MAA,HYD,2026-04-19 15:00:41.702,2026-04-19 16:07:41.702,4020000000000,4020000000000,67,Riya,Kulkarni,24,F,2002-10-17,Unknown,8105,Unknown,MAA - HYD,2025-09,2026-04-19
B1442,P1327,AI225,2025-06-02 11:37:36.951,PENDING,11E,Air India,BOM,BLR,2026-04-19 15:05:41.703,2026-04-19 16:01:41.703,3360000000000,3360000000000,56,Anika,Joshi,37,F,1989-04-11,PAY1818,11780,NETBANKING,BOM - BLR,2025-06,2026-04-19
B1443,P1210,AI190,2025-10-09 11:37:36.951,CANCELLED,9E,Air India,BOM,CCU,2026-04-19 12:38:41.703,2026-04-19 15:56:41.703,11880000000000,11880000000000,198,Saanvi,Sharma,32,F,1994-12-23,PAY1739,8105,UPI,BOM - CCU,2025-10,2026-04-19
B1444,P1726,SJ238,2025-12-25 11:37:36.951,CONFIRMED,7B,SpiceJet,MAA,BLR,2026-04-19 11:41:41.704,2026-04-19 15:39:41.704,14280000000000,14280000000000,238,Muhammad,Reddy,32,M,1994-04-25,Unknown,8105,Unknown,MAA - BLR,2025-12,2026-04-19
B1445,P1922,6F005,2025-12-21 11:37:36.951,PENDING,5F,IndiGo,BOM,MAA,2026-04-19 11:04:41.701,2026-04-19 15:27:41.701,15780000000000,15780000000000,263,Aditya,Ghosh,70,F,1956-01-10,PAY1857,9862,CARD,BOM - MAA,2025-12,2026-04-19
B1446,P1551,UK136,2025-09-25 11:37:36.951,PENDING,23C,Vistara,HYD,CCU,2026-04-19 11:43:41.703,2026-04-19 15:26:41.703,13380000000000,13380000000000,223,Arjun,Agarwal,23,M,2003-10-11,PAY1132,4198,UPI,HYD - CCU,2025-09,2026-04-19
B1446,P1551,UK136,2025-09-25 11:37:36.951,PENDING,23C,Vistara,HYD,CCU,2026-04-19 11:43:41.703,2026-04-19 15:26:41.703,13380000000000,13380000000000,223,Arjun,Agarwal,23,M,2003-10-11,PAY1286,3512,NETBANKING,HYD - CCU,2025-09,2026-04-19
B1446,P1551,UK136,2025-09-25 11:37:36.951,PENDING,23C,Vistara,HYD,CCU,2026-04-19 11:43:41.703,2026-04-19 15:26:41.703,13380000000000,13380000000000,223,Arjun,Agarwal,23,M,2003-10-11,PAY1704,8105,UPI,HYD - CCU,2025-09,2026-04-19
B1447,P1991,SJ063,2025-05-21 11:37:36.951,CONFIRMED,15F,SpiceJet,MAA,BOM,2026-04-19 13:38:41.701,2026-04-19 15:23:41.701,6300000000000,6300000000000,105,Aarav,Sharma,4,F,2022-07-24,PAY1039,4676,NETBANKING,MAA - BOM,2025-05,2026-04-19
B1447,P1991,SJ063,2025-05-21 11:37:36.951,CONFIRMED,15F,SpiceJet,MAA,BOM,2026-04-19 13:38:41.701,2026-04-19 15:23:41.701,6300000000000,6300000000000,105,Aarav,Sharma,4,F,2022-07-24,PAY1484,13763,NETBANKING,MAA - BOM,2025-05,2026-04-19
B1447,P1991,SJ063,2025-05-21 11:37:36.951,CONFIRMED,15F,SpiceJet,MAA,BOM,2026-04-19 13:38:41.701,2026-04-19 15:23:41.701,6300000000000,6300000000000,105,Aarav,Shhharma,4,F,2022-11-17,PAY1039,4676,NETBANKING,MAA - BOM,2025-05,2026-04-19
B1447,P1991,SJ063,2025-05-21 11:37:36.951,CONFIRMED,15F,SpiceJet,MAA,BOM,2026-04-19 13:38:41.701,2026-04-19 15:23:41.701,6300000000000,6300000000000,105,Aarav,Shhharma,4,F,2022-11-17,PAY1484,13763,NETBANKING,MAA - BOM,2025-05,2026-04-19
B1448,P1025,6F175,2025-11-21 11:37:36.951,CANCELLED,9E,IndiGo,MAA,CCU,2026-04-19 13:18:41.703,2026-04-19 15:13:41.703,6900000000000,6900000000000,115,Aarav,Chatterjee,22,M,2004-07-22,Unknown,8105,Unknown,MAA - CCU,2025-11,2026-04-19
B1449,P1026,AI037,2025-05-23 11:37:36.951,PENDING,19A,Unknown,BOM,BLR,2026-04-19 11:14:41.701,2026-04-19 15:13:41.701,14340000000000,14340000000000,239,Ira,Ghosh,89,M,1937-10-17,Unknown,8105,Unknown,BOM - BLR,2025-05,2026-04-19
B1450,P1701,UK225,2025-11-11 11:37:36.951,CONFIRMED,21C,Vistara,MAA,BLR,2026-04-19 12:46:41.704,2026-04-19 15:02:41.704,8160000000000,8160000000000,136,Aditya,Gupta,21,F,2005-02-02,Unknown,8105,Unknown,MAA - BLR,2025-11,2026-04-19
B1451,P1082,AI141,2025-05-20 11:37:36.951,CONFIRMED,15E,Air India,BLR,DEL,2026-04-19 10:16:41.702,2026-04-19 14:53:41.702,16620000000000,16620000000000,277,Sai,Joshi,87,F,1939-11-27,PAY1762,10312,CARD,BLR - DEL,2025-05,2026-04-19
B1452,P1895,6F172,2026-01-26 11:37:36.951,PENDING,3E,IndiGo,BOM,BLR,2026-04-19 09:53:41.703,2026-04-19 14:46:41.703,17580000000000,17580000000000,293,Riya,Kulkarni,24,F,2002-10-17,Unknown,8105,Unknown,BOM - BLR,2026-01,2026-04-19
B1453,P1945,6F219,2026-02-07 11:37:36.951,CANCELLED,16F,IndiGo,MAA,DEL,2026-04-19 10:32:41.704,2026-04-19 14:37:41.704,14700000000000,14700000000000,245,Riya,Verma,44,M,1982-11-27,PAY1597,1310,CARD,MAA - DEL,2026-02,2026-04-19
B1453,P1945,6F219,2026-02-07 11:37:36.951,CANCELLED,16F,IndiGo,MAA,DEL,2026-04-19 10:32:41.704,2026-04-19 14:37:41.704,14700000000000,14700000000000,245,Riya,Verma,44,M,1982-11-27,PAY1884,3958,UPI,MAA - DEL,2026-02,2026-04-19
B1454,P1681,AI045,2025-08-16 11:37:36.951,PENDING,8E,Air India,HYD,MAA,2026-04-19 11:58:41.701,2026-04-19 14:37:41.701,9540000000000,9540000000000,159,Anika,Agarwal,10,M,2016-02-05,Unknown,8105,Unknown,HYD - MAA,2025-08,2026-04-19
B1455,P1412,AI198,2026-04-12 11:37:36.951,CONFIRMED,30A,Air India,CCU,MAA,2026-04-19 10:56:41.703,2026-04-19 14:19:41.703,12180000000000,12180000000000,203,Riya,Iyer,17,F,2009-12-22,PAY1038,14853,CARD,CCU - MAA,2026-04,2026-04-19
B1455,P1412,AI198,2026-04-12 11:37:36.951,CONFIRMED,30A,Air India,CCU,MAA,2026-04-19 10:56:41.703,2026-04-19 14:19:41.703,12180000000000,12180000000000,203,Riya,Iyer,17,F,2009-12-22,PAY1182,12781,UPI,CCU - MAA,2026-04,2026-04-19
B1456,P1166,AI120,2025-04-24 11:37:36.951,PENDING,17F,Air India,MAA,CCU,2026-04-19 12:12:41.702,2026-04-19 14:18:41.702,7560000000000,7560000000000,126,Krishna,Banerjee,84,M,1942-09-17,Unknown,8105,Unknown,MAA - CCU,2025-04,2026-04-19
B1457,P1699,6F134,2025-06-11 11:37:36.951,CANCELLED,32D,IndiGo,BLR,MAA,2026-04-19 12:47:41.702,2026-04-19 14:06:41.702,4740000000000,4740000000000,79,Vivaan,Agarwal,33,M,1993-03-22,PAY1083,5769,CARD,BLR - MAA,2025-06,2026-04-19
B1458,P1168,UK102,2025-11-19 11:37:36.951,CONFIRMED,10B,Vistara,HYD,CCU,2026-04-19 11:58:41.702,2026-04-19 14:01:41.702,7380000000000,7380000000000,123,Myra,Agarwal,62,F,1964-08-25,PAY1990,8073,NETBANKING,HYD - CCU,2025-11,2026-04-19
B1459,P1800,SJ199,2025-06-10 11:37:36.951,CANCELLED,1F,SpiceJet,HYD,BOM,2026-04-19 11:29:41.703,2026-04-19 13:59:41.703,9000000000000,9000000000000,150,Reyansh,Joshi,19,M,2007-03-14,PAY1062,12554,CARD,HYD - BOM,2025-06,2026-04-19
B1459,P1800,SJ199,2025-06-10 11:37:36.951,CANCELLED,1F,SpiceJet,HYD,BOM,2026-04-19 11:29:41.703,2026-04-19 13:59:41.703,9000000000000,9000000000000,150,Reyansh,Joshi,19,M,2007-03-14,PAY1570,2103,UPI,HYD - BOM,2025-06,2026-04-19
B1459,P1800,SJ199,2025-06-10 11:37:36.951,CANCELLED,1F,SpiceJet,HYD,BOM,2026-04-19 11:29:41.703,2026-04-19 13:59:41.703,9000000000000,9000000000000,150,Reyansh,Joshi,19,M,2007-03-14,PAY1979,4428,UPI,HYD - BOM,2025-06,2026-04-19
B1460,P1978,6F235,2025-10-01 11:37:36.951,PENDING,32E,IndiGo,HYD,MAA,2026-04-19 11:06:41.704,2026-04-19 13:51:41.704,9900000000000,9900000000000,165,Vivaan,Sharma,72,M,1954-09-03,Unknown,8105,Unknown,HYD - MAA,2025-10,2026-04-19
B1461,P1228,UK065,2025-10-14 11:37:36.951,PENDING,33F,Vistara,BOM,CCU,2026-04-19 09:38:41.701,2026-04-19 13:46:41.701,14880000000000,14880000000000,248,Anika,Iyer,80,F,1946-07-05,PAY1280,9619,UPI,BOM - CCU,2025-10,2026-04-19
B1461,P1228,UK065,2025-10-14 11:37:36.951,PENDING,33F,Vistara,BOM,CCU,2026-04-19 09:38:41.701,2026-04-19 13:46:41.701,14880000000000,14880000000000,248,Anika,Iyer,80,F,1946-07-05,PAY1672,14867,CARD,BOM - CCU,2025-10,2026-04-19
B1461,P1228,UK065,2025-10-14 11:37:36.951,PENDING,33F,Vistara,BOM,CCU,2026-04-19 09:38:41.701,2026-04-19 13:46:41.701,14880000000000,14880000000000,248,Anika,Iyer,80,F,1946-07-05,PAY1886,5775,NETBANKING,BOM - CCU,2025-10,2026-04-19
B1462,P1978,6F135,2025-12-03 11:37:36.951,CANCELLED,26D,IndiGo,MAA,HYD,2026-04-19 12:59:41.702,2026-04-19 13:45:41.702,2760000000000,2760000000000,46,Vivaan,Sharma,72,M,1954-09-03,PAY1449,6498,CARD,MAA - HYD,2025-12,2026-04-19
B1463,P1608,SJ148,2026-02-10 11:37:36.951,PENDING,31C,SpiceJet,DEL,BLR,2026-04-19 09:51:41.702,2026-04-19 13:41:41.702,13800000000000,13800000000000,230,Krishna,Verma,61,M,1965-01-03,PAY1469,1141,UPI,DEL - BLR,2026-02,2026-04-19
B1463,P1608,SJ148,2026-02-10 11:37:36.951,PENDING,31C,SpiceJet,DEL,BLR,2026-04-19 09:51:41.702,2026-04-19 13:41:41.702,13800000000000,13800000000000,230,Krishna,Verma,61,M,1965-01-03,PAY1638,5704,NETBANKING,DEL - BLR,2026-02,2026-04-19
B1464,P1366,AI083,2026-03-07 11:37:36.951,CANCELLED,6B,Air India,DEL,BOM,2026-04-19 12:54:41.702,2026-04-19 13:37:41.702,2580000000000,2580000000000,43,Myra,Gupta,57,M,1969-01-04,PAY1895,4536,CARD,DEL - BOM,2026-03,2026-04-19
B1465,P1527,UK024,2025-07-02 11:37:36.951,PENDING,5C,Vistara,MAA,BLR,2026-04-19 08:29:41.701,2026-04-19 13:29:41.701,18000000000000,18000000000000,300,Ananya,Mehta,84,F,1942-11-09,Unknown,8105,Unknown,MAA - BLR,2025-07,2026-04-19
B1466,P1790,UK220,2025-04-27 11:37:36.951,CANCELLED,28B,Vistara,BLR,BOM,2026-04-19 09:51:41.704,2026-04-19 13:25:41.704,12840000000000,12840000000000,214,Sai,Banerjee,4,F,2022-01-20,Unknown,8105,Unknown,BLR - BOM,2025-04,2026-04-19
B1467,P1646,UK115,2025-04-30 11:37:36.951,CANCELLED,25A,Vistara,BLR,BOM,2026-04-19 11:20:41.702,2026-04-19 13:20:42.000,7200298000000,7200298000000,120,Ananya,Gupta,57,F,1969-10-27,PAY1166,13308,CARD,BLR - BOM,2025-04,2026-04-19
B1468,P1537,AI255,2025-07-16 11:37:36.951,CONFIRMED,14F,Air India,MAA,CCU,2026-04-19 08:45:41.704,2026-04-19 13:12:41.704,16020000000000,16020000000000,267,Reyansh,Joshi,76,M,1950-10-21,PAY1659,11282,UPI,MAA - CCU,2025-07,2026-04-19
B1468,P1537,AI255,2025-07-16 11:37:36.951,CONFIRMED,14F,Air India,MAA,CCU,2026-04-19 08:45:41.704,2026-04-19 13:12:41.704,16020000000000,16020000000000,267,Reyansh,Joshi,76,M,1950-10-21,PAY1753,14055,NETBANKING,MAA - CCU,2025-07,2026-04-19
B1469,P1863,6F001,2025-12-25 11:37:36.951,CONFIRMED,11A,IndiGo,HYD,BOM,2026-04-19 11:33:41.700,2026-04-19 13:08:41.700,5700000000000,5700000000000,95,Diya,Agarwal,13,M,2013-12-04,Unknown,8105,Unknown,HYD - BOM,2025-12,2026-04-19
B1470,P1523,6F132,2025-05-27 11:37:36.951,CANCELLED,24E,IndiGo,MAA,BOM,2026-04-19 12:00:41.702,2026-04-19 13:00:42.000,3600298000000,3600298000000,60,Krishna,Verma,89,F,1937-08-18,Unknown,8105,Unknown,MAA - BOM,2025-05,2026-04-19
B1471,P1071,UK184,2026-03-28 11:37:36.951,PENDING,8E,Vistara,MAA,HYD,2026-04-19 10:49:41.703,2026-04-19 13:00:41.703,7860000000000,7860000000000,131,Saanvi,Ghosh,63,M,1963-12-24,Unknown,8105,Unknown,MAA - HYD,2026-03,2026-04-19
B1472,P1644,6F098,2025-06-06 11:37:36.951,PENDING,3D,IndiGo,BLR,MAA,2026-04-19 10:18:41.702,2026-04-19 12:49:41.702,9060000000000,9060000000000,151,Diya,Iyer,16,M,2010-07-13,Unknown,8105,Unknown,BLR - MAA,2025-06,2026-04-19
B1473,P1105,SJ168,2025-07-19 11:37:36.951,PENDING,21F,SpiceJet,CCU,BOM,2026-04-19 08:17:41.703,2026-04-19 12:29:41.703,15120000000000,15120000000000,252,Muhammad,Singh,63,F,1963-05-04,Unknown,8105,Unknown,CCU - BOM,2025-07,2026-04-19
B1474,P1731,SJ178,2025-07-28 11:37:36.951,CANCELLED,14C,SpiceJet,BOM,HYD,2026-04-19 09:58:41.703,2026-04-19 12:27:41.703,8940000000000,8940000000000,149,Krishna,Mishra,34,M,1992-03-07,PAY1081,12077,CARD,BOM - HYD,2025-07,2026-04-19
B1474,P1731,SJ178,2025-07-28 11:37:36.951,CANCELLED,14C,SpiceJet,BOM,HYD,2026-04-19 09:58:41.703,2026-04-19 12:27:41.703,8940000000000,8940000000000,149,Krishna,Mishra,34,M,1992-03-07,PAY1354,10623,CARD,BOM - HYD,2025-07,2026-04-19
B1474,P1731,SJ178,2025-07-28 11:37:36.951,CANCELLED,14C,SpiceJet,BOM,HYD,2026-04-19 09:58:41.703,2026-04-19 12:27:41.703,8940000000000,8940000000000,149,Krishna,Mishra,34,M,1992-03-07,PAY1707,10060,UPI,BOM - HYD,2025-07,2026-04-19
B1475,P1884,UK111,2026-03-07 11:37:36.951,CANCELLED,2C,Vistara,MAA,BLR,2026-04-19 11:06:41.702,2026-04-19 12:20:41.702,4440000000000,4440000000000,74,Ananya,Chatterjee,70,F,1956-04-15,PAY1609,6101,CARD,MAA - BLR,2026-03,2026-04-19
B1475,P1884,UK111,2026-03-07 11:37:36.951,CANCELLED,2C,Vistara,MAA,BLR,2026-04-19 11:06:41.702,2026-04-19 12:20:41.702,4440000000000,4440000000000,74,Ananya,Chatterjee,70,F,1956-04-15,PAY1661,12512,UPI,MAA - BLR,2026-03,2026-04-19
B1475,P1884,UK111,2026-03-07 11:37:36.951,CANCELLED,2C,Vistara,MAA,BLR,2026-04-19 11:06:41.702,2026-04-19 12:20:41.702,4440000000000,4440000000000,74,Ananya,Chatterjee,70,F,1956-04-15,PAY1692,2787,NETBANKING,MAA - BLR,2026-03,2026-04-19
B1476,P1964,SJ051,2026-02-27 11:37:36.951,CANCELLED,32E,Unknown,BOM,BLR,2026-04-19 08:40:41.701,2026-04-19 12:18:41.701,13080000000000,13080000000000,218,Shaurya,Verma,60,F,1966-05-14,Unknown,8105,Unknown,BOM - BLR,2026-02,2026-04-19
B1477,P1688,SJ193,2025-07-06 11:37:36.951,CANCELLED,18E,SpiceJet,CCU,DEL,2026-04-19 09:37:41.703,2026-04-19 12:16:41.703,9540000000000,9540000000000,159,Saanvi,Gupta,49,M,1977-05-20,PAY1255,9314,CARD,CCU - DEL,2025-07,2026-04-19
B1477,P1688,SJ193,2025-07-06 11:37:36.951,CANCELLED,18E,SpiceJet,CCU,DEL,2026-04-19 09:37:41.703,2026-04-19 12:16:41.703,9540000000000,9540000000000,159,Saanvi,Gupta,49,M,1977-05-20,PAY1352,3182,UPI,CCU - DEL,2025-07,2026-04-19
B1477,P1688,SJ193,2025-07-06 11:37:36.951,CANCELLED,18E,SpiceJet,CCU,DEL,2026-04-19 09:37:41.703,2026-04-19 12:16:41.703,9540000000000,9540000000000,159,Saanvi,Gupta,49,M,1977-05-20,PAY1807,4907,CARD,CCU - DEL,2025-07,2026-04-19
B1478,P1281,SJ039,2026-02-24 11:37:36.951,CONFIRMED,28D,SpiceJet,MAA,BOM,2026-04-19 08:41:41.701,2026-04-19 12:08:41.701,12420000000000,12420000000000,207,Krishna,Joshi,54,F,1972-01-21,PAY1114,2929,CARD,MAA - BOM,2026-02,2026-04-19
B1479,P1132,UK066,2025-12-17 11:37:36.951,CANCELLED,22B,Vistara,BOM,CCU,2026-04-19 10:29:41.701,2026-04-19 12:07:41.701,5880000000000,5880000000000,98,Ishaan,Banerjee,3,F,2023-10-20,PAY1404,6419,UPI,BOM - CCU,2025-12,2026-04-19
B1479,P1132,UK066,2025-12-17 11:37:36.951,CANCELLED,22B,Vistara,BOM,CCU,2026-04-19 10:29:41.701,2026-04-19 12:07:41.701,5880000000000,5880000000000,98,Ishaan,Banerjee,3,F,2023-10-20,PAY1567,10060,NETBANKING,BOM - CCU,2025-12,2026-04-19
B1480,P1533,SJ050,2026-03-14 11:37:36.951,PENDING,34B,SpiceJet,HYD,CCU,2026-04-19 11:24:41.701,2026-04-19 12:03:41.701,2340000000000,2340000000000,39,Aditya,Verma,49,F,1977-05-04,PAY1229,3113,CARD,HYD - CCU,2026-03,2026-04-19
B1481,P1974,6F052,2025-06-11 11:37:36.951,CONFIRMED,4D,IndiGo,BOM,CCU,2026-04-19 09:13:41.701,2026-04-19 12:02:41.701,10140000000000,10140000000000,169,Kavya,Mishra,64,M,1962-10-17,Unknown,8105,Unknown,BOM - CCU,2025-06,2026-04-19
B1482,P1268,SJ170,2025-08-29 11:37:36.951,PENDING,14E,SpiceJet,BLR,BOM,2026-04-19 10:11:41.703,2026-04-19 11:56:41.703,6300000000000,6300000000000,105,Krishna,Kulkarni,54,M,1972-02-06,PAY1453,10093,UPI,BLR - BOM,2025-08,2026-04-19
B1482,P1268,SJ170,2025-08-29 11:37:36.951,PENDING,14E,SpiceJet,BLR,BOM,2026-04-19 10:11:41.703,2026-04-19 11:56:41.703,6300000000000,6300000000000,105,Krishna,Kulkarni,54,M,1972-02-06,PAY1603,7656,UPI,BLR - BOM,2025-08,2026-04-19
B1483,P1411,SJ119,2025-06-09 11:37:36.951,Unknown,26B,SpiceJet,BOM,CCU,2026-04-19 08:53:41.702,2026-04-19 11:29:41.702,9360000000000,9360000000000,156,Vivaan,Gupta,19,F,2007-01-04,PAY1902,10562,CARD,BOM - CCU,2025-06,2026-04-19
B1484,P1672,AI219,2025-05-07 11:37:36.951,CONFIRMED,13B,Unknown,BLR,DEL,2026-04-19 09:28:41.703,2026-04-19 11:27:41.703,7140000000000,7140000000000,119,Diya,Joshi,13,M,2013-06-27,Unknown,8105,Unknown,BLR - DEL,2025-05,2026-04-19
B1485,P1618,6F220,2025-07-05 11:37:36.951,CANCELLED,12D,IndiGo,HYD,BOM,2026-04-19 10:27:41.704,2026-04-19 11:25:41.704,3480000000000,3480000000000,58,Ishaan,Sharma,38,F,1988-11-20,Unknown,8105,Unknown,HYD - BOM,2025-07,2026-04-19
B1486,P1790,AI207,2025-05-04 11:37:36.951,CONFIRMED,3D,Air India,BOM,MAA,2026-04-19 08:24:41.703,2026-04-19 11:23:41.703,10740000000000,10740000000000,179,Sai,Banerjee,4,F,2022-01-20,PAY1115,6167,NETBANKING,BOM - MAA,2025-05,2026-04-19
B1486,P1790,AI207,2025-05-04 11:37:36.951,CONFIRMED,3D,Air India,BOM,MAA,2026-04-19 08:24:41.703,2026-04-19 11:23:41.703,10740000000000,10740000000000,179,Sai,Banerjee,4,F,2022-01-20,PAY1318,9435,CARD,BOM - MAA,2025-05,2026-04-19
B1486,P1790,AI207,2025-05-04 11:37:36.951,CONFIRMED,3D,Air India,BOM,MAA,2026-04-19 08:24:41.703,2026-04-19 11:23:41.703,10740000000000,10740000000000,179,Sai,Banerjee,4,F,2022-01-20,PAY1696,4695,UPI,BOM - MAA,2025-05,2026-04-19
B1487,P1864,6F024,2026-01-26 11:37:36.951,PENDING,5E,IndiGo,BOM,DEL,2026-04-19 07:31:41.701,2026-04-19 11:17:41.701,13560000000000,13560000000000,226,Anika,Singh,84,M,1942-05-25,Unknown,8105,Unknown,BOM - DEL,2026-01,2026-04-19
B1488,P1746,SJ073,2025-05-04 11:37:36.951,CANCELLED,27E,SpiceJet,CCU,BLR,2026-04-19 09:26:41.701,2026-04-19 11:14:41.701,6480000000000,6480000000000,108,Aarav,Mishra,66,M,1960-10-11,PAY1518,9707,NETBANKING,CCU - BLR,2025-05,2026-04-19
B1488,P1746,SJ073,2025-05-04 11:37:36.951,CANCELLED,27E,SpiceJet,CCU,BLR,2026-04-19 09:26:41.701,2026-04-19 11:14:41.701,6480000000000,6480000000000,108,Aarav,Mishra,66,M,1960-10-11,PAY1983,12916,NETBANKING,CCU - BLR,2025-05,2026-04-19
B1489,P1017,SJ201,2025-07-08 11:37:36.951,CANCELLED,24F,SpiceJet,BLR,DEL,2026-04-19 09:10:41.703,2026-04-19 11:12:41.703,7320000000000,7320000000000,122,Reyansh,Chatterjee,38,F,1988-10-02,Unknown,8105,Unknown,BLR - DEL,2025-07,2026-04-19
B1490,P1753,AI180,2026-03-10 11:37:36.951,CONFIRMED,29B,Air India,BOM,CCU,2026-04-19 10:19:41.703,2026-04-19 11:00:41.703,2460000000000,2460000000000,41,Diya,Reddy,82,F,1944-06-11,PAY1428,8105,CARD,BOM - CCU,2026-03,2026-04-19
B1490,P1753,AI180,2026-03-10 11:37:36.951,CONFIRMED,29B,Air India,BOM,CCU,2026-04-19 10:19:41.703,2026-04-19 11:00:41.703,2460000000000,2460000000000,41,Diya,Reddy,82,F,1944-06-11,PAY1908,1218,CARD,BOM - CCU,2026-03,2026-04-19
B1491,P1116,UK022,2025-07-16 11:37:36.951,CONFIRMED,18F,Vistara,DEL,HYD,2026-04-19 06:22:41.701,2026-04-19 10:59:41.701,16620000000000,16620000000000,277,Vivaan,Ghosh,73,F,1953-03-15,PAY1519,6535,UPI,DEL - HYD,2025-07,2026-04-19
B1492,P1797,AI202,2026-03-27 11:37:36.951,CANCELLED,29C,Air India,HYD,BLR,2026-04-19 08:44:41.703,2026-04-19 10:53:41.703,7740000000000,7740000000000,129,Anika,Joshi,50,F,1976-02-16,Unknown,8105,Unknown,HYD - BLR,2026-03,2026-04-19
B1493,P1793,6F212,2025-06-01 11:37:36.952,CONFIRMED,26D,IndiGo,BLR,CCU,2026-04-19 06:10:41.703,2026-04-19 10:52:41.703,16920000000000,16920000000000,282,Anika,Joshi,67,M,1959-02-07,Unknown,8105,Unknown,BLR - CCU,2025-06,2026-04-19
B1494,P1143,6F163,2025-06-09 11:37:36.952,CANCELLED,23F,IndiGo,MAA,BOM,2026-04-19 06:49:41.703,2026-04-19 10:46:41.703,14220000000000,14220000000000,237,Arjun,Nair,63,F,1963-09-16,Unknown,8105,Unknown,MAA - BOM,2025-06,2026-04-19
B1495,P1716,UK028,2025-10-15 11:37:36.952,CONFIRMED,27D,Vistara,HYD,MAA,2026-04-19 09:02:41.701,2026-04-19 10:37:41.701,5700000000000,5700000000000,95,Shaurya,Mehta,85,F,1941-09-19,PAY1503,11907,UPI,HYD - MAA,2025-10,2026-04-19
B1495,P1716,UK028,2025-10-15 11:37:36.952,CONFIRMED,27D,Vistara,HYD,MAA,2026-04-19 09:02:41.701,2026-04-19 10:37:41.701,5700000000000,5700000000000,95,Shaurya,Mehta,85,F,1941-09-19,PAY1578,5584,CARD,HYD - MAA,2025-10,2026-04-19
B1496,P1550,6F243,2026-03-21 11:37:36.952,PENDING,7D,IndiGo,BOM,HYD,2026-04-19 09:37:41.704,2026-04-19 10:33:41.704,3360000000000,3360000000000,56,Ira,Agarwal,53,F,1973-10-06,PAY1579,2902,UPI,BOM - HYD,2026-03,2026-04-19
B1497,P1928,AI165,2025-09-02 11:37:36.952,CONFIRMED,11F,Air India,DEL,CCU,2026-04-19 08:51:41.703,2026-04-19 10:31:41.703,6000000000000,6000000000000,100,Shaurya,Agarwal,12,M,2014-03-13,Unknown,8105,Unknown,DEL - CCU,2025-09,2026-04-19
B1498,P1665,UK099,2025-07-18 11:37:36.952,PENDING,3D,Vistara,BOM,MAA,2026-04-19 06:16:41.702,2026-04-19 10:24:41.702,14880000000000,14880000000000,248,Vivaan,Singh,63,M,1963-08-15,Unknown,8105,Unknown,BOM - MAA,2025-07,2026-04-19
B1499,P1687,AI033,2025-06-17 11:37:36.952,INVALID,17C,Air India,MAA,CCU,2026-04-19 05:25:41.701,2026-04-19 10:21:41.701,17760000000000,17760000000000,296,Aadhya,Pillai,18,F,2008-10-04,Unknown,8105,Unknown,MAA - CCU,2025-06,2026-04-19
B1500,P1960,UK056,2025-04-30 11:37:36.952,CONFIRMED,22D,Vistara,HYD,MAA,2026-04-19 09:29:41.701,2026-04-19 10:15:41.701,2760000000000,2760000000000,46,Kavya,Mishra,35,M,1991-07-04,PAY1971,1303,CARD,HYD - MAA,2025-04,2026-04-19
B1501,P1752,SJ122,2025-09-04 11:37:36.952,CANCELLED,23D,SpiceJet,CCU,BOM,2026-04-19 05:22:41.702,2026-04-19 10:09:41.702,17220000000000,17220000000000,287,Ira,Singh,50,M,1976-11-16,PAY1077,8105,UPI,CCU - BOM,2025-09,2026-04-19
B1501,P1752,SJ122,2025-09-04 11:37:36.952,CANCELLED,23D,SpiceJet,CCU,BOM,2026-04-19 05:22:41.702,2026-04-19 10:09:41.702,17220000000000,17220000000000,287,Ira,Singh,50,M,1976-11-16,PAY1487,14183,NETBANKING,CCU - BOM,2025-09,2026-04-19
B1501,P1752,SJ122,2025-09-04 11:37:36.952,CANCELLED,23D,SpiceJet,CCU,BOM,2026-04-19 05:22:41.702,2026-04-19 10:09:41.702,17220000000000,17220000000000,287,Ira,Singh,50,M,1976-11-16,PAY1699,13708,CARD,CCU - BOM,2025-09,2026-04-19
B1502,P1421,AI086,2025-10-15 11:37:36.952,CONFIRMED,23F,Air India,CCU,HYD,2026-04-19 07:13:41.702,2026-04-19 10:09:41.702,10560000000000,10560000000000,176,Ira,Naidu,1,F,2025-06-12,PAY1121,10714,CARD,CCU - HYD,2025-10,2026-04-19
B1502,P1421,AI086,2025-10-15 11:37:36.952,CONFIRMED,23F,Air India,CCU,HYD,2026-04-19 07:13:41.702,2026-04-19 10:09:41.702,10560000000000,10560000000000,176,Ira,Naidu,1,F,2025-06-12,PAY1243,7252,UPI,CCU - HYD,2025-10,2026-04-19
B1503,P1897,SJ011,2025-10-17 11:37:36.952,CONFIRMED,25C,SpiceJet,BOM,MAA,2026-04-19 05:14:41.701,2026-04-19 09:59:41.701,17100000000000,17100000000000,285,Krishna,Mehta,9,M,2017-09-19,Unknown,8105,Unknown,BOM - MAA,2025-10,2026-04-19
B1504,P1368,SJ021,2025-04-21 11:37:36.952,PENDING,4E,SpiceJet,HYD,BLR,2026-04-19 05:48:41.701,2026-04-19 09:46:41.701,14280000000000,14280000000000,238,Myra,Pillai,45,F,1981-06-03,PAY1064,14087,NETBANKING,HYD - BLR,2025-04,2026-04-19
B1504,P1368,SJ021,2025-04-21 11:37:36.952,PENDING,4E,SpiceJet,HYD,BLR,2026-04-19 05:48:41.701,2026-04-19 09:46:41.701,14280000000000,14280000000000,238,Myra,Pillai,45,F,1981-06-03,PAY1417,13856,NETBANKING,HYD - BLR,2025-04,2026-04-19
B1504,P1368,SJ021,2025-04-21 11:37:36.952,PENDING,4E,SpiceJet,HYD,BLR,2026-04-19 05:48:41.701,2026-04-19 09:46:41.701,14280000000000,14280000000000,238,Myra,Pillai,45,F,1981-06-03,PAY1580,4317,NETBANKING,HYD - BLR,2025-04,2026-04-19
B1505,P1645,SJ106,2025-11-29 11:37:36.952,CONFIRMED,8F,SpiceJet,CCU,DEL,2026-04-19 07:16:41.702,2026-04-19 09:40:41.702,8640000000000,8640000000000,144,Aditya,Singh,87,F,1939-10-11,PAY1466,7473,UPI,CCU - DEL,2025-11,2026-04-19
B1506,P1557,SJ026,2026-01-29 11:37:36.952,CANCELLED,9E,SpiceJet,CCU,MAA,2026-04-19 05:22:41.701,2026-04-19 09:40:41.701,15480000000000,15480000000000,258,Anika,Kulkarni,58,F,1968-01-19,Unknown,8105,Unknown,CCU - MAA,2026-01,2026-04-19
B1507,P1049,SJ245,2025-11-27 11:37:36.952,PENDING,20A,SpiceJet,BOM,DEL,2026-04-19 06:07:41.704,2026-04-19 09:39:41.704,12720000000000,12720000000000,212,Aadhya,Joshi,60,F,1966-03-08,PAY1298,4865,NETBANKING,BOM - DEL,2025-11,2026-04-19
B1508,P1677,AI023,2025-07-31 11:37:36.952,Unknown,9C,Air India,HYD,BLR,2026-04-19 06:10:41.701,2026-04-19 09:35:41.701,12300000000000,12300000000000,205,Diya,Naidu,69,F,1957-12-20,PAY1008,7277,CARD,HYD - BLR,2025-07,2026-04-19
B1508,P1677,AI023,2025-07-31 11:37:36.952,Unknown,9C,Air India,HYD,BLR,2026-04-19 06:10:41.701,2026-04-19 09:35:41.701,12300000000000,12300000000000,205,Diya,Naidu,69,F,1957-12-20,PAY1478,2603,CARD,HYD - BLR,2025-07,2026-04-19
B1508,P1677,AI023,2025-07-31 11:37:36.952,Unknown,9C,Air India,HYD,BLR,2026-04-19 06:10:41.701,2026-04-19 09:35:41.701,12300000000000,12300000000000,205,Diya,Naidu,69,F,1957-12-20,PAY1552,4799,CARD,HYD - BLR,2025-07,2026-04-19
B1509,P1105,AI032,2025-09-25 11:37:36.952,CANCELLED,14F,Air India,MAA,BLR,2026-04-19 07:26:41.701,2026-04-19 09:26:42.000,7200299000000,7200299000000,120,Muhammad,Singh,63,F,1963-05-04,Unknown,8105,Unknown,MAA - BLR,2025-09,2026-04-19
B1510,P1215,AI236,2025-05-11 11:37:36.952,CANCELLED,19F,Air India,DEL,BOM,2026-04-19 04:52:41.704,2026-04-19 09:11:41.704,15540000000000,15540000000000,259,Ira,Naidu,75,M,1951-08-01,PAY1312,3179,CARD,DEL - BOM,2025-05,2026-04-19
B1511,P1657,6F094,2025-12-24 11:37:36.952,CANCELLED,15C,IndiGo,BLR,BOM,2026-04-19 07:37:41.702,2026-04-19 09:06:41.702,5340000000000,5340000000000,89,Sai,Kulkarni,8,F,2018-10-02,PAY1941,12347,UPI,BLR - BOM,2025-12,2026-04-19
B1512,P1922,UK163,2025-12-21 11:37:36.952,PENDING,4A,Vistara,DEL,HYD,2026-04-19 07:22:41.703,2026-04-19 09:04:41.703,6120000000000,6120000000000,102,Aditya,Ghosh,70,F,1956-01-10,PAY1169,5748,CARD,DEL - HYD,2025-12,2026-04-19
B1513,P1424,UK163,2025-06-30 11:37:36.952,CONFIRMED,32B,Vistara,DEL,HYD,2026-04-19 07:22:41.703,2026-04-19 09:04:41.703,6120000000000,6120000000000,102,Ananya,Nair,34,M,1992-10-11,PAY1073,9031,CARD,DEL - HYD,2025-06,2026-04-19
B1513,P1424,UK163,2025-06-30 11:37:36.952,CONFIRMED,32B,Vistara,DEL,HYD,2026-04-19 07:22:41.703,2026-04-19 09:04:41.703,6120000000000,6120000000000,102,Ananya,Nair,34,M,1992-10-11,PAY1774,13686,CARD,DEL - HYD,2025-06,2026-04-19
B1514,P1071,SJ045,2025-05-07 11:37:36.952,CANCELLED,21E,SpiceJet,DEL,MAA,2026-04-19 04:16:41.701,2026-04-19 09:03:41.701,17220000000000,17220000000000,287,Saanvi,Ghosh,63,M,1963-12-24,PAY1921,8105,UPI,DEL - MAA,2025-05,2026-04-19
B1515,P1987,SJ006,2025-07-06 11:37:36.952,PENDING,26A,SpiceJet,HYD,BLR,2026-04-19 08:25:41.701,2026-04-19 08:57:41.701,1920000000000,1920000000000,32,Saanvi,Patel,83,F,1943-07-19,Unknown,8105,Unknown,HYD - BLR,2025-07,2026-04-19
B1516,P1841,SJ103,2025-08-05 11:37:36.952,CANCELLED,34F,SpiceJet,MAA,BLR,2026-04-19 05:16:41.702,2026-04-19 08:56:41.702,13200000000000,13200000000000,220,Diya,Das,2,M,2024-04-19,PAY1262,3243,UPI,MAA - BLR,2025-08,2026-04-19
B1517,P1784,6F221,2026-01-16 11:37:36.952,INVALID,31B,IndiGo,MAA,DEL,2026-04-19 05:20:41.704,2026-04-19 08:52:41.704,12720000000000,12720000000000,212,Ira,Kulkarni,55,F,1971-09-21,PAY1599,8105,CARD,MAA - DEL,2026-01,2026-04-19
B1518,P1758,SJ147,2026-03-20 11:37:36.952,INVALID,30A,SpiceJet,BLR,CCU,2026-04-19 04:30:41.702,2026-04-19 08:52:41.702,15720000000000,15720000000000,262,Shaurya,Agarwal,52,M,1974-09-28,Unknown,8105,Unknown,BLR - CCU,2026-03,2026-04-19
B1519,P1445,SJ064,2026-03-25 11:37:36.952,PENDING,3C,SpiceJet,CCU,DEL,2026-04-19 06:29:41.701,2026-04-19 08:43:41.701,8040000000000,8040000000000,134,Diya,Naidu,62,F,1964-03-15,PAY1049,5454,CARD,CCU - DEL,2026-03,2026-04-19
B1519,P1445,SJ064,2026-03-25 11:37:36.952,PENDING,3C,SpiceJet,CCU,DEL,2026-04-19 06:29:41.701,2026-04-19 08:43:41.701,8040000000000,8040000000000,134,Diya,Naidu,62,F,1964-03-15,PAY1444,9404,NETBANKING,CCU - DEL,2026-03,2026-04-19
B1520,P1924,AI028,2026-04-02 11:37:36.952,CONFIRMED,27A,Air India,HYD,BOM,2026-04-19 07:53:41.701,2026-04-19 08:35:41.701,2520000000000,2520000000000,42,Anika,Reddy,68,M,1958-02-06,PAY1360,14341,CARD,HYD - BOM,2026-04,2026-04-19
B1521,P1185,AI148,2025-11-08 11:37:36.952,PENDING,31E,Air India,HYD,MAA,2026-04-19 05:41:41.703,2026-04-19 08:32:41.703,10260000000000,10260000000000,171,Aditya,Kulkarni,24,M,2002-07-25,PAY1644,8105,UPI,HYD - MAA,2025-11,2026-04-19
B1521,P1185,AI148,2025-11-08 11:37:36.952,PENDING,31E,Air India,HYD,MAA,2026-04-19 05:41:41.703,2026-04-19 08:32:41.703,10260000000000,10260000000000,171,Aditya,Kulkarni,24,M,2002-07-25,PAY1947,6664,CARD,HYD - MAA,2025-11,2026-04-19
B1521,P1185,AI148,2025-11-08 11:37:36.952,PENDING,31E,Air India,HYD,MAA,2026-04-19 05:41:41.703,2026-04-19 08:32:41.703,10260000000000,10260000000000,171,Aditya,Kulkarni,24,M,2002-07-25,PAY1982,3965,CARD,HYD - MAA,2025-11,2026-04-19
B1522,P1069,6F263,2025-08-31 11:37:36.952,CONFIRMED,1C,UNKNOWN,DEL,HYD,2026-04-19 07:07:41.703,2026-04-19 08:30:41.703,4980000000000,4980000000000,83,Krishna,Nair,4,M,2022-07-27,Unknown,8105,Unknown,DEL - HYD,2025-08,2026-04-19
B1523,P1973,SJ067,2025-05-19 11:37:36.952,PENDING,21F,SpiceJet,MAA,BLR,2026-04-19 07:17:41.701,2026-04-19 08:16:41.701,3540000000000,3540000000000,59,Kavya,Mishra,40,F,1986-02-18,PAY1024,8105,CARD,MAA - BLR,2025-05,2026-04-19
B1523,P1973,SJ067,2025-05-19 11:37:36.952,PENDING,21F,SpiceJet,MAA,BLR,2026-04-19 07:17:41.701,2026-04-19 08:16:41.701,3540000000000,3540000000000,59,Kavya,Mishra,40,F,1986-02-18,PAY1119,10734,NETBANKING,MAA - BLR,2025-05,2026-04-19
B1524,P1149,6F061,2025-06-17 11:37:36.952,PENDING,23D,IndiGo,MAA,BOM,2026-04-19 07:28:41.701,2026-04-19 08:09:41.701,2460000000000,2460000000000,41,Ishaan,Nair,29,M,1997-04-16,PAY1464,1289,NETBANKING,MAA - BOM,2025-06,2026-04-19
B1524,P1149,6F061,2025-06-17 11:37:36.952,PENDING,23D,IndiGo,MAA,BOM,2026-04-19 07:28:41.701,2026-04-19 08:09:41.701,2460000000000,2460000000000,41,Ishaan,Nair,29,M,1997-04-16,PAY1935,8543,CARD,MAA - BOM,2025-06,2026-04-19
B1525,P1245,AI254,2025-05-29 11:37:36.952,Unknown,11E,Air India,CCU,HYD,2026-04-19 04:46:41.704,2026-04-19 08:06:41.704,12000000000000,12000000000000,200,Arjun,Chatterjee,57,F,1969-03-02,PAY1301,7869,UPI,CCU - HYD,2025-05,2026-04-19
B1526,P1773,SJ136,2025-11-15 11:37:36.952,CONFIRMED,17D,SpiceJet,HYD,BLR,2026-04-19 05:45:41.702,2026-04-19 08:04:41.702,8340000000000,8340000000000,139,Saanvi,Singh,84,M,1942-11-13,PAY1058,4890,UPI,HYD - BLR,2025-11,2026-04-19
B1526,P1773,SJ136,2025-11-15 11:37:36.952,CONFIRMED,17D,SpiceJet,HYD,BLR,2026-04-19 05:45:41.702,2026-04-19 08:04:41.702,8340000000000,8340000000000,139,Saanvi,Singh,84,M,1942-11-13,PAY1489,8000,CARD,HYD - BLR,2025-11,2026-04-19
B1527,P1537,AI046,2025-07-09 11:37:36.952,PENDING,8A,UNKNOWN,DEL,BOM,2026-04-19 05:09:41.701,2026-04-19 08:00:41.701,10260000000000,10260000000000,171,Reyansh,Joshi,76,M,1950-10-21,PAY1154,11892,CARD,DEL - BOM,2025-07,2026-04-19
B1528,P1934,UK174,2026-03-28 11:37:36.952,PENDING,6E,Vistara,CCU,DEL,2026-04-19 05:27:41.703,2026-04-19 07:47:41.703,8400000000000,8400000000000,140,Shaurya,Verma,37,M,1989-08-26,Unknown,8105,Unknown,CCU - DEL,2026-03,2026-04-19
B1529,P1651,6F066,2025-04-30 11:37:36.952,Unknown,34C,IndiGo,BLR,HYD,2026-04-19 06:07:41.701,2026-04-19 07:43:41.701,5760000000000,5760000000000,96,Krishna,Singh,72,M,1954-12-14,Unknown,8105,Unknown,BLR - HYD,2025-04,2026-04-19
B1530,P1098,UK095,2025-12-08 11:37:36.952,INVALID,23E,Vistara,BOM,MAA,2026-04-19 05:22:41.702,2026-04-19 07:36:41.702,8040000000000,8040000000000,134,Reyansh,Chatterjee,89,F,1937-03-06,PAY1263,1109,CARD,BOM - MAA,2025-12,2026-04-19
B1530,P1098,UK095,2025-12-08 11:37:36.952,INVALID,23E,Vistara,BOM,MAA,2026-04-19 05:22:41.702,2026-04-19 07:36:41.702,8040000000000,8040000000000,134,Reyansh,Chatterjee,89,F,1937-03-06,PAY1285,14301,NETBANKING,BOM - MAA,2025-12,2026-04-19
B1530,P1098,UK095,2025-12-08 11:37:36.952,INVALID,23E,Vistara,BOM,MAA,2026-04-19 05:22:41.702,2026-04-19 07:36:41.702,8040000000000,8040000000000,134,Reyansh,Chatterjee,89,F,1937-03-06,PAY1631,13656,CARD,BOM - MAA,2025-12,2026-04-19
B1531,P1909,6F063,2026-04-01 11:37:36.952,PENDING,30F,IndiGo,DEL,HYD,2026-04-19 04:42:41.701,2026-04-19 07:31:41.701,10140000000000,10140000000000,169,Ananya,Chatterjee,6,M,2020-07-25,PAY1516,11172,UPI,DEL - HYD,2026-04,2026-04-19
B1531,P1909,6F063,2026-04-01 11:37:36.952,PENDING,30F,IndiGo,DEL,HYD,2026-04-19 04:42:41.701,2026-04-19 07:31:41.701,10140000000000,10140000000000,169,Ananya,Chatterjee,6,M,2020-07-25,PAY1581,8105,UPI,DEL - HYD,2026-04,2026-04-19
B1531,P1909,6F063,2026-04-01 11:37:36.952,PENDING,30F,IndiGo,DEL,HYD,2026-04-19 04:42:41.701,2026-04-19 07:31:41.701,10140000000000,10140000000000,169,Ananya,Chatterjee,6,M,2020-07-25,PAY1634,12739,UPI,DEL - HYD,2026-04,2026-04-19
B1532,P1277,UK118,2025-04-22 11:37:36.952,PENDING,30A,Vistara,HYD,BLR,2026-04-19 06:22:41.702,2026-04-19 07:22:42.000,3600298000000,3600298000000,60,Sai,Mishra,25,M,2001-02-06,PAY1095,9430,NETBANKING,HYD - BLR,2025-04,2026-04-19
B1532,P1277,UK118,2025-04-22 11:37:36.952,PENDING,30A,Vistara,HYD,BLR,2026-04-19 06:22:41.702,2026-04-19 07:22:42.000,3600298000000,3600298000000,60,Sai,Mishra,25,M,2001-02-06,PAY1742,8105,CARD,HYD - BLR,2025-04,2026-04-19
B1532,P1277,UK118,2025-04-22 11:37:36.952,PENDING,30A,Vistara,HYD,BLR,2026-04-19 06:22:41.702,2026-04-19 07:22:42.000,3600298000000,3600298000000,60,Sai,Mishra,25,M,2001-02-06,PAY1851,14865,NETBANKING,HYD - BLR,2025-04,2026-04-19
B1533,P1562,UK218,2025-09-15 11:37:36.952,PENDING,28D,Vistara,MAA,BLR,2026-04-19 03:12:41.704,2026-04-19 07:22:41.704,15000000000000,15000000000000,250,Diya,Kulkarni,87,M,1939-10-16,Unknown,8105,Unknown,MAA - BLR,2025-09,2026-04-19
B1534,P1662,UK031,2025-09-11 11:37:36.952,CONFIRMED,34E,Vistara,CCU,DEL,2026-04-19 03:45:41.701,2026-04-19 07:20:41.701,12900000000000,12900000000000,215,Ira,Verma,41,F,1985-03-23,PAY1055,12347,NETBANKING,CCU - DEL,2025-09,2026-04-19
B1535,P1943,UK142,2026-04-02 11:37:36.952,PENDING,6C,Vistara,BLR,DEL,2026-04-19 03:03:41.703,2026-04-19 07:13:41.703,15000000000000,15000000000000,250,Shaurya,Naidu,23,M,2003-06-20,PAY1212,5959,UPI,BLR - DEL,2026-04,2026-04-19
B1535,P1943,UK142,2026-04-02 11:37:36.952,PENDING,6C,Vistara,BLR,DEL,2026-04-19 03:03:41.703,2026-04-19 07:13:41.703,15000000000000,15000000000000,250,Shaurya,Naidu,23,M,2003-06-20,PAY1993,13561,NETBANKING,BLR - DEL,2026-04,2026-04-19
B1536,P1454,AI002,2025-06-01 11:37:36.952,Unknown,4C,Air India,HYD,BLR,2026-04-19 05:12:41.700,2026-04-19 07:12:41.700,7200000000000,7200000000000,120,Vivaan,Ghosh,10,M,2016-08-18,PAY1257,6549,NETBANKING,HYD - BLR,2025-06,2026-04-19
B1537,P1103,UK070,2025-10-08 11:37:36.952,CONFIRMED,21F,Vistara,BOM,DEL,2026-04-19 04:36:41.701,2026-04-19 06:49:41.701,7980000000000,7980000000000,133,Ishaan,Banerjee,8,M,2018-10-18,PAY1137,9203,NETBANKING,BOM - DEL,2025-10,2026-04-19
B1538,P1945,SJ121,2026-03-17 11:37:36.952,PENDING,8E,SpiceJet,CCU,DEL,2026-04-19 05:32:41.702,2026-04-19 06:47:41.702,4500000000000,4500000000000,75,Riya,Verma,44,M,1982-11-27,Unknown,8105,Unknown,CCU - DEL,2026-03,2026-04-19
B1539,P1600,UK201,2025-06-11 11:37:36.952,CONFIRMED,20B,Vistara,HYD,BOM,2026-04-19 04:29:41.703,2026-04-19 06:42:41.703,7980000000000,7980000000000,133,Sara,Agarwal,19,F,2007-11-28,PAY1465,14473,NETBANKING,HYD - BOM,2025-06,2026-04-19
B1539,P1600,UK201,2025-06-11 11:37:36.952,CONFIRMED,20B,Vistara,HYD,BOM,2026-04-19 04:29:41.703,2026-04-19 06:42:41.703,7980000000000,7980000000000,133,Sara,Agarwal,19,F,2007-11-28,PAY1906,3037,CARD,HYD - BOM,2025-06,2026-04-19
B1540,P1652,AI138,2026-01-15 11:37:36.952,CANCELLED,7E,Air India,DEL,CCU,2026-04-19 05:50:41.702,2026-04-19 06:40:41.702,3000000000000,3000000000000,50,Aarav,Chatterjee,76,M,1950-02-01,PAY1140,3641,CARD,DEL - CCU,2026-01,2026-04-19
B1541,P1724,SJ014,2025-12-16 11:37:36.952,CONFIRMED,26A,SpiceJet,BOM,HYD,2026-04-19 05:40:41.701,2026-04-19 06:39:41.701,3540000000000,3540000000000,59,Myra,Patel,62,M,1964-08-23,PAY1382,12031,NETBANKING,BOM - HYD,2025-12,2026-04-19
B1542,P1232,SJ053,2025-12-13 11:37:36.952,PENDING,14F,SpiceJet,CCU,DEL,2026-04-19 05:00:41.701,2026-04-19 06:38:41.701,5880000000000,5880000000000,98,Ishaan,Kulkarni,36,M,1990-05-07,Unknown,8105,Unknown,CCU - DEL,2025-12,2026-04-19
B1543,P1393,SJ241,2025-06-16 11:37:36.952,CANCELLED,4F,SpiceJet,DEL,HYD,2026-04-19 03:57:41.704,2026-04-19 06:36:41.704,9540000000000,9540000000000,159,Ishaan,Reddy,42,M,1984-01-21,PAY1357,3208,UPI,DEL - HYD,2025-06,2026-04-19
B1544,P1500,AI249,2025-09-01 11:37:36.952,CANCELLED,16A,Air India,BLR,HYD,2026-04-19 03:38:41.704,2026-04-19 06:27:41.704,10140000000000,10140000000000,169,Ananya,Sharma,68,F,1958-03-27,PAY1006,8020,CARD,BLR - HYD,2025-09,2026-04-19
B1544,P1500,AI249,2025-09-01 11:37:36.952,CANCELLED,16A,Air India,BLR,HYD,2026-04-19 03:38:41.704,2026-04-19 06:27:41.704,10140000000000,10140000000000,169,Ananya,Sharma,68,F,1958-03-27,PAY1201,3983,NETBANKING,BLR - HYD,2025-09,2026-04-19
B1545,P1694,AI176,2026-03-08 11:37:36.952,PENDING,8A,Air India,BLR,DEL,2026-04-19 04:20:41.703,2026-04-19 06:25:41.703,7500000000000,7500000000000,125,Saanvi,Patel,86,F,1940-11-04,PAY1447,6768,NETBANKING,BLR - DEL,2026-03,2026-04-19
B1545,P1694,AI176,2026-03-08 11:37:36.952,PENDING,8A,Air India,BLR,DEL,2026-04-19 04:20:41.703,2026-04-19 06:25:41.703,7500000000000,7500000000000,125,Saanvi,Patel,86,F,1940-11-04,PAY1575,10968,CARD,BLR - DEL,2026-03,2026-04-19
B1546,P1250,SJ234,2026-04-02 11:37:36.952,PENDING,32B,SpiceJet,BLR,CCU,2026-04-19 04:20:41.704,2026-04-19 06:23:41.704,7380000000000,7380000000000,123,Arjun,Singh,42,F,1984-02-09,Unknown,8105,Unknown,BLR - CCU,2026-04,2026-04-19
B1547,P1520,6F115,2025-04-18 11:37:36.952,PENDING,16C,IndiGo,MAA,BLR,2026-04-19 04:41:41.702,2026-04-19 06:23:41.702,6120000000000,6120000000000,102,Ira,Khan,55,M,1971-01-28,Unknown,8105,Unknown,MAA - BLR,2025-04,2026-04-19
B1548,P1078,AI020,2025-10-04 11:37:36.952,CONFIRMED,7E,Unknown,BOM,BLR,2026-04-19 03:53:41.701,2026-04-19 06:21:41.701,8880000000000,8880000000000,148,Reyansh,Reddy,48,M,1978-12-04,Unknown,8105,Unknown,BOM - BLR,2025-10,2026-04-19
B1549,P1051,AI020,2025-12-16 11:37:36.952,CONFIRMED,24A,Unknown,BOM,BLR,2026-04-19 03:53:41.701,2026-04-19 06:21:41.701,8880000000000,8880000000000,148,Aadhya,Chatterjee,9,F,2017-05-15,Unknown,8105,Unknown,BOM - BLR,2025-12,2026-04-19
B1550,P1897,6F079,2025-12-06 11:37:36.952,CONFIRMED,10D,IndiGo,MAA,HYD,2026-04-19 02:14:41.702,2026-04-19 06:18:41.702,14640000000000,14640000000000,244,Krishna,Mehta,9,M,2017-09-19,Unknown,8105,Unknown,MAA - HYD,2025-12,2026-04-19
B1551,P1920,6F104,2025-11-14 11:37:36.952,INVALID,8E,IndiGo,CCU,BOM,2026-04-19 05:39:41.702,2026-04-19 06:14:41.702,2100000000000,2100000000000,35,Reyansh,Agarwal,44,F,1982-08-01,Unknown,8105,Unknown,CCU - BOM,2025-11,2026-04-19
B1552,P1780,UK046,2026-02-06 11:37:36.952,PENDING,32D,Vistara,CCU,DEL,2026-04-19 03:37:41.701,2026-04-19 06:05:41.701,8880000000000,8880000000000,148,Reyansh,Naidu,77,M,1949-01-06,PAY1386,12590,NETBANKING,CCU - DEL,2026-02,2026-04-19
B1553,P1225,SJ217,2025-11-15 11:37:36.952,CONFIRMED,33D,SpiceJet,BOM,CCU,2026-04-19 02:57:41.703,2026-04-19 06:04:41.703,11220000000000,11220000000000,187,Muhammad,Gupta,73,M,1953-07-21,PAY1868,1883,UPI,BOM - CCU,2025-11,2026-04-19
B1554,P1050,6F142,2025-08-26 11:37:36.952,CANCELLED,8D,IndiGo,CCU,MAA,2026-04-19 02:05:41.702,2026-04-19 06:04:41.702,14340000000000,14340000000000,239,Aarav,Das,14,F,2012-11-08,Unknown,8105,Unknown,CCU - MAA,2025-08,2026-04-19
B1555,P1185,SJ139,2026-04-04 11:37:36.952,CONFIRMED,3B,SpiceJet,DEL,BLR,2026-04-19 02:20:41.702,2026-04-19 06:02:41.702,13320000000000,13320000000000,222,Aditya,Kulkarni,24,M,2002-07-25,PAY1340,13344,NETBANKING,DEL - BLR,2026-04,2026-04-19
B1556,P1033,6F059,2026-01-18 11:37:36.952,CANCELLED,31D,IndiGo,BOM,DEL,2026-04-19 01:12:41.701,2026-04-19 06:02:41.701,17400000000000,17400000000000,290,Aadhya,Kulkarni,62,M,1964-04-09,Unknown,8105,Unknown,BOM - DEL,2026-01,2026-04-19
B1557,P1802,6F067,2025-08-10 11:37:36.952,PENDING,17A,IndiGo,MAA,BLR,2026-04-19 02:59:41.701,2026-04-19 06:02:41.701,10980000000000,10980000000000,183,Myra,Gupta,5,M,2021-07-14,PAY1109,13664,NETBANKING,MAA - BLR,2025-08,2026-04-19
B1557,P1802,6F067,2025-08-10 11:37:36.952,PENDING,17A,IndiGo,MAA,BLR,2026-04-19 02:59:41.701,2026-04-19 06:02:41.701,10980000000000,10980000000000,183,Myra,Gupta,5,M,2021-07-14,PAY1299,4044,UPI,MAA - BLR,2025-08,2026-04-19
B1558,P1741,AI007,2025-08-07 11:37:36.952,PENDING,27A,Air India,MAA,DEL,2026-04-19 04:01:41.701,2026-04-19 06:01:42.000,7200299000000,7200299000000,120,Anika,Ghosh,47,F,1979-12-27,PAY1093,8770,UPI,MAA - DEL,2025-08,2026-04-19
B1558,P1741,AI007,2025-08-07 11:37:36.952,PENDING,27A,Air India,MAA,DEL,2026-04-19 04:01:41.701,2026-04-19 06:01:42.000,7200299000000,7200299000000,120,Anika,Ghosh,47,F,1979-12-27,PAY1876,6828,UPI,MAA - DEL,2025-08,2026-04-19
B1559,P1130,UK202,2026-01-20 11:37:36.952,CONFIRMED,5F,Vistara,DEL,HYD,2026-04-19 01:11:41.703,2026-04-19 05:37:41.703,15960000000000,15960000000000,266,Shaurya,Sharma,47,M,1979-06-23,PAY1379,3623,NETBANKING,DEL - HYD,2026-01,2026-04-19
B1560,P1631,AI200,2026-03-07 11:37:36.952,CONFIRMED,18C,Air India,HYD,MAA,2026-04-19 02:05:41.703,2026-04-19 05:29:41.703,12240000000000,12240000000000,204,Muhammad,Das,36,F,1990-04-23,Unknown,8105,Unknown,HYD - MAA,2026-03,2026-04-19
B1561,P1442,UK172,2026-01-27 11:37:36.952,PENDING,18C,Vistara,DEL,BOM,2026-04-19 02:20:41.703,2026-04-19 05:21:41.703,10860000000000,10860000000000,181,Aadhya,Nair,78,M,1948-02-02,PAY1179,8371,CARD,DEL - BOM,2026-01,2026-04-19
B1561,P1442,UK172,2026-01-27 11:37:36.952,PENDING,18C,Vistara,DEL,BOM,2026-04-19 02:20:41.703,2026-04-19 05:21:41.703,10860000000000,10860000000000,181,Aadhya,Nair,78,M,1948-02-02,PAY1389,3136,UPI,DEL - BOM,2026-01,2026-04-19
B1562,P1837,6F214,2025-05-01 11:37:36.952,CONFIRMED,10B,IndiGo,BOM,CCU,2026-04-19 01:21:41.703,2026-04-19 05:20:41.703,14340000000000,14340000000000,239,Ananya,Gupta,28,F,1998-10-16,PAY1608,6572,UPI,BOM - CCU,2025-05,2026-04-19
B1563,P1758,UK037,2025-09-11 11:37:36.952,PENDING,27B,Vistara,BLR,BOM,2026-04-19 01:10:41.701,2026-04-19 05:12:41.701,14520000000000,14520000000000,242,Shaurya,Agarwal,52,M,1974-09-28,Unknown,8105,Unknown,BLR - BOM,2025-09,2026-04-19
B1564,P1431,AI022,2025-08-14 11:37:36.952,PENDING,17F,Air India,BOM,MAA,2026-04-19 03:15:41.701,2026-04-19 05:10:41.701,6900000000000,6900000000000,115,Ishaan,Patel,63,F,1963-06-13,PAY1138,3515,NETBANKING,BOM - MAA,2025-08,2026-04-19
B1565,P1703,AI243,2026-02-06 11:37:36.952,CANCELLED,20D,Unknown,BLR,BOM,2026-04-19 02:50:41.704,2026-04-19 05:09:41.704,8340000000000,8340000000000,139,Aditya,Joshi,6,M,2020-12-23,PAY1117,3439,UPI,BLR - BOM,2026-02,2026-04-19
B1565,P1703,AI243,2026-02-06 11:37:36.952,CANCELLED,20D,Unknown,BLR,BOM,2026-04-19 02:50:41.704,2026-04-19 05:09:41.704,8340000000000,8340000000000,139,Aditya,Joshi,6,M,2020-12-23,PAY1671,3805,UPI,BLR - BOM,2026-02,2026-04-19
B1566,P1496,SJ174,2025-10-08 11:37:36.952,CONFIRMED,29F,SpiceJet,CCU,DEL,2026-04-19 04:09:41.703,2026-04-19 05:04:41.703,3300000000000,3300000000000,55,Shaurya,Verma,26,M,2000-10-24,PAY1801,11489,CARD,CCU - DEL,2025-10,2026-04-19
B1566,P1496,SJ174,2025-10-08 11:37:36.952,CONFIRMED,29F,SpiceJet,CCU,DEL,2026-04-19 04:09:41.703,2026-04-19 05:04:41.703,3300000000000,3300000000000,55,Shaurya,Verma,26,M,2000-10-24,PAY1821,14905,CARD,CCU - DEL,2025-10,2026-04-19
B1567,P1402,SJ079,2025-11-13 11:37:36.952,PENDING,9A,SpiceJet,HYD,DEL,2026-04-19 01:58:41.702,2026-04-19 05:02:41.702,11040000000000,11040000000000,184,Riya,Khan,68,F,1958-02-19,PAY1356,10982,CARD,HYD - DEL,2025-11,2026-04-19
B1568,P1322,UK097,2025-12-21 11:37:36.952,CONFIRMED,21A,Vistara,HYD,BOM,2026-04-19 00:49:41.702,2026-04-19 05:00:41.702,15060000000000,15060000000000,251,Krishna,Iyer,17,M,2009-05-16,PAY1591,8105,NETBANKING,HYD - BOM,2025-12,2026-04-19
B1569,P1209,AI013,2025-12-26 11:37:36.952,CANCELLED,14E,Air India,HYD,BLR,2026-04-19 03:41:41.701,2026-04-19 04:58:41.701,4620000000000,4620000000000,77,Arjun,Mishra,44,M,1982-11-08,Unknown,8105,Unknown,HYD - BLR,2025-12,2026-04-19
B1570,P1614,UK196,2025-11-21 11:37:36.952,CANCELLED,25E,Vistara,BOM,HYD,2026-04-19 00:32:41.703,2026-04-19 04:49:41.703,15420000000000,15420000000000,257,Aarav,Reddy,63,F,1963-09-12,PAY1116,11109,UPI,BOM - HYD,2025-11,2026-04-19
B1570,P1614,UK196,2025-11-21 11:37:36.952,CANCELLED,25E,Vistara,BOM,HYD,2026-04-19 00:32:41.703,2026-04-19 04:49:41.703,15420000000000,15420000000000,257,Aarav,Reddy,63,F,1963-09-12,PAY1321,3945,UPI,BOM - HYD,2025-11,2026-04-19
B1571,P1328,SJ213,2025-11-06 11:37:36.952,CONFIRMED,2C,SpiceJet,BOM,CCU,2026-04-19 01:19:41.703,2026-04-19 04:48:41.703,12540000000000,12540000000000,209,Aditya,Das,24,M,2002-11-03,Unknown,8105,Unknown,BOM - CCU,2025-11,2026-04-19
B1572,P1371,UK119,2025-05-26 11:37:36.952,CONFIRMED,5D,Vistara,BOM,CCU,2026-04-19 00:21:41.702,2026-04-19 04:38:41.702,15420000000000,15420000000000,257,Diya,Joshi,8,M,2018-11-05,PAY1060,8105,NETBANKING,BOM - CCU,2025-05,2026-04-19
B1572,P1371,UK119,2025-05-26 11:37:36.952,CONFIRMED,5D,Vistara,BOM,CCU,2026-04-19 00:21:41.702,2026-04-19 04:38:41.702,15420000000000,15420000000000,257,Diya,Joshi,8,M,2018-11-05,PAY1403,13850,NETBANKING,BOM - CCU,2025-05,2026-04-19
B1573,P1459,AI043,2026-03-18 11:37:36.952,PENDING,19B,Air India,CCU,DEL,2026-04-19 00:28:41.701,2026-04-19 04:37:41.701,14940000000000,14940000000000,249,Krishna,Joshi,19,F,2007-05-09,PAY1682,7630,NETBANKING,CCU - DEL,2026-03,2026-04-19
B1574,P1132,AI043,2025-04-29 11:37:36.952,CANCELLED,18A,Air India,CCU,DEL,2026-04-19 00:28:41.701,2026-04-19 04:37:41.701,14940000000000,14940000000000,249,Ishaan,Banerjee,3,F,2023-10-20,PAY1435,13905,UPI,CCU - DEL,2025-04,2026-04-19
B1575,P1834,AI143,2025-06-16 11:37:36.952,CANCELLED,2B,Air India,CCU,DEL,2026-04-19 03:58:41.702,2026-04-19 04:36:41.702,2280000000000,2280000000000,38,Riya,Singh,56,M,1970-09-28,PAY1551,12517,CARD,CCU - DEL,2025-06,2026-04-19
B1576,P1650,SJ032,2025-10-20 11:37:36.952,Unknown,6F,SpiceJet,MAA,BOM,2026-04-19 02:11:41.701,2026-04-19 04:33:41.701,8520000000000,8520000000000,142,Aadhya,Mehta,16,F,2010-06-12,PAY1778,8105,CARD,MAA - BOM,2025-10,2026-04-19
B1577,P1120,6F050,2026-01-24 11:37:36.952,CONFIRMED,23A,IndiGo,DEL,BOM,2026-04-19 00:35:41.701,2026-04-19 04:32:41.701,14220000000000,14220000000000,237,Aarav,Ghosh,33,M,1993-12-12,Unknown,8105,Unknown,DEL - BOM,2026-01,2026-04-19
B1578,P1605,AI134,2025-12-25 11:37:36.952,PENDING,6B,Air India,HYD,BOM,2026-04-19 00:28:41.702,2026-04-19 04:23:41.702,14100000000000,14100000000000,235,Anika,Kulkarni,58,M,1968-04-01,PAY1069,8105,UPI,HYD - BOM,2025-12,2026-04-19
B1578,P1605,AI134,2025-12-25 11:37:36.952,PENDING,6B,Air India,HYD,BOM,2026-04-19 00:28:41.702,2026-04-19 04:23:41.702,14100000000000,14100000000000,235,Anika,Kulkarni,58,M,1968-04-01,PAY1084,1897,CARD,HYD - BOM,2025-12,2026-04-19
B1578,P1605,AI134,2025-12-25 11:37:36.952,PENDING,6B,Air India,HYD,BOM,2026-04-19 00:28:41.702,2026-04-19 04:23:41.702,14100000000000,14100000000000,235,Anika,Kulkarni,58,M,1968-04-01,PAY1974,2201,UPI,HYD - BOM,2025-12,2026-04-19
B1579,P1451,6F182,2025-04-24 11:37:36.952,CONFIRMED,28E,IndiGo,BOM,CCU,2026-04-19 02:10:41.703,2026-04-19 04:18:41.703,7680000000000,7680000000000,128,Arjun,Iyer,39,F,1987-11-11,PAY1479,6612,CARD,BOM - CCU,2025-04,2026-04-19
B1579,P1451,6F182,2025-04-24 11:37:36.952,CONFIRMED,28E,IndiGo,BOM,CCU,2026-04-19 02:10:41.703,2026-04-19 04:18:41.703,7680000000000,7680000000000,128,Arjun,Iyer,39,F,1987-11-11,PAY1509,2832,NETBANKING,BOM - CCU,2025-04,2026-04-19
B1580,P1964,SJ086,2025-10-08 11:37:36.952,CONFIRMED,20D,SpiceJet,CCU,DEL,2026-04-19 00:32:41.702,2026-04-19 04:17:41.702,13500000000000,13500000000000,225,Shaurya,Verma,60,F,1966-05-14,PAY1780,10617,CARD,CCU - DEL,2025-10,2026-04-19
B1580,P1964,SJ086,2025-10-08 11:37:36.952,CONFIRMED,20D,SpiceJet,CCU,DEL,2026-04-19 00:32:41.702,2026-04-19 04:17:41.702,13500000000000,13500000000000,225,Shaurya,Verma,60,F,1966-05-14,PAY1848,11401,UPI,CCU - DEL,2025-10,2026-04-19
B1580,P1964,SJ086,2025-10-08 11:37:36.952,CONFIRMED,20D,SpiceJet,CCU,DEL,2026-04-19 00:32:41.702,2026-04-19 04:17:41.702,13500000000000,13500000000000,225,Shaurya,Verma,60,F,1966-05-14,PAY1936,4607,UPI,CCU - DEL,2025-10,2026-04-19
B1581,P1128,6F170,2025-08-06 11:37:36.952,CONFIRMED,3D,IndiGo,HYD,DEL,2026-04-19 02:44:41.703,2026-04-19 04:14:41.703,5400000000000,5400000000000,90,Diya,Patel,35,M,1991-02-19,PAY1576,8105,UPI,HYD - DEL,2025-08,2026-04-19
B1581,P1128,6F170,2025-08-06 11:37:36.952,CONFIRMED,3D,IndiGo,HYD,DEL,2026-04-19 02:44:41.703,2026-04-19 04:14:41.703,5400000000000,5400000000000,90,Diya,Patel,35,M,1991-02-19,PAY1765,9515,NETBANKING,HYD - DEL,2025-08,2026-04-19
B1582,P1090,UK168,2025-04-24 11:37:36.952,PENDING,34B,Vistara,BLR,CCU,2026-04-19 03:20:41.703,2026-04-19 04:09:41.703,2940000000000,2940000000000,49,Vivaan,Reddy,26,F,2000-02-05,PAY1195,13552,UPI,BLR - CCU,2025-04,2026-04-19
B1583,P1603,SJ072,2026-02-22 11:37:36.952,Unknown,33D,SpiceJet,DEL,HYD,2026-04-19 01:18:41.701,2026-04-19 04:08:41.701,10200000000000,10200000000000,170,Ananya,Gupta,45,M,1981-03-02,Unknown,8105,Unknown,DEL - HYD,2026-02,2026-04-19
B1584,P1574,UK075,2025-04-28 11:37:36.952,CANCELLED,21C,Vistara,MAA,CCU,2026-04-18 23:15:41.702,2026-04-19 03:54:41.702,16740000000000,16740000000000,279,Shaurya,Mehta,42,F,1984-10-03,PAY1127,13318,NETBANKING,MAA - CCU,2025-04,2026-04-18
B1584,P1574,UK075,2025-04-28 11:37:36.952,CANCELLED,21C,Vistara,MAA,CCU,2026-04-18 23:15:41.702,2026-04-19 03:54:41.702,16740000000000,16740000000000,279,Shaurya,Mehta,42,F,1984-10-03,PAY1923,13149,CARD,MAA - CCU,2025-04,2026-04-18
B1585,P1028,6F233,2026-01-08 11:37:36.952,CANCELLED,1C,IndiGo,BLR,BOM,2026-04-18 23:56:41.704,2026-04-19 03:53:41.704,14220000000000,14220000000000,237,Aadhya,Mishra,59,F,1967-10-10,PAY1036,11604,NETBANKING,BLR - BOM,2026-01,2026-04-18
B1585,P1028,6F233,2026-01-08 11:37:36.952,CANCELLED,1C,IndiGo,BLR,BOM,2026-04-18 23:56:41.704,2026-04-19 03:53:41.704,14220000000000,14220000000000,237,Aadhya,Mishra,59,F,1967-10-10,PAY1533,11914,UPI,BLR - BOM,2026-01,2026-04-18
B1585,P1028,6F233,2026-01-08 11:37:36.952,CANCELLED,1C,IndiGo,BLR,BOM,2026-04-18 23:56:41.704,2026-04-19 03:53:41.704,14220000000000,14220000000000,237,Aadhya,Mishra,59,F,1967-10-10,PAY1961,8105,UPI,BLR - BOM,2026-01,2026-04-18
B1586,P1721,SJ143,2025-11-13 11:37:36.952,CANCELLED,25B,SpiceJet,DEL,BOM,2026-04-19 02:55:41.702,2026-04-19 03:52:41.702,3420000000000,3420000000000,57,Kavya,Kulkarni,45,M,1981-08-16,Unknown,8105,Unknown,DEL - BOM,2025-11,2026-04-19
B1587,P1523,SJ246,2025-06-28 11:37:36.952,PENDING,34E,SpiceJet,BOM,DEL,2026-04-19 02:47:41.704,2026-04-19 03:47:42.000,3600296000000,3600296000000,60,Krishna,Verma,89,F,1937-08-18,PAY1369,11740,NETBANKING,BOM - DEL,2025-06,2026-04-19
B1588,P1332,SJ247,2025-11-04 11:37:36.952,CONFIRMED,10B,SpiceJet,DEL,BOM,2026-04-18 23:38:41.704,2026-04-19 03:43:41.704,14700000000000,14700000000000,245,Kavya,Joshi,63,M,1963-07-25,PAY1107,12810,UPI,DEL - BOM,2025-11,2026-04-18
B1589,P1296,UK157,2025-08-31 11:37:36.952,PENDING,3D,Vistara,CCU,BOM,2026-04-19 02:41:41.703,2026-04-19 03:41:42.000,3600297000000,3600297000000,60,Aarav,Joshi,17,F,2009-10-07,PAY1044,3501,CARD,CCU - BOM,2025-08,2026-04-19
B1589,P1296,UK157,2025-08-31 11:37:36.952,PENDING,3D,Vistara,CCU,BOM,2026-04-19 02:41:41.703,2026-04-19 03:41:42.000,3600297000000,3600297000000,60,Aarav,Joshi,17,F,2009-10-07,PAY1197,11782,UPI,CCU - BOM,2025-08,2026-04-19
B1589,P1296,UK157,2025-08-31 11:37:36.952,PENDING,3D,Vistara,CCU,BOM,2026-04-19 02:41:41.703,2026-04-19 03:41:42.000,3600297000000,3600297000000,60,Aarav,Joshi,17,F,2009-10-07,PAY1540,14150,UPI,CCU - BOM,2025-08,2026-04-19
B1590,P1129,UK069,2026-04-01 11:37:36.952,CONFIRMED,25B,Vistara,CCU,DEL,2026-04-19 01:10:41.701,2026-04-19 03:23:41.701,7980000000000,7980000000000,133,Vivaan,Joshi,65,F,1961-09-09,PAY1569,1016,UPI,CCU - DEL,2026-04,2026-04-19
B1591,P1292,AI106,2025-11-20 11:37:36.952,CANCELLED,8A,Air India,HYD,BLR,2026-04-19 02:07:41.702,2026-04-19 03:20:41.702,4380000000000,4380000000000,73,Myra,Ghosh,20,M,2006-05-10,PAY1194,5275,UPI,HYD - BLR,2025-11,2026-04-19
B1591,P1292,AI106,2025-11-20 11:37:36.952,CANCELLED,8A,Air India,HYD,BLR,2026-04-19 02:07:41.702,2026-04-19 03:20:41.702,4380000000000,4380000000000,73,Myra,Ghosh,20,M,2006-05-10,PAY1693,11559,UPI,HYD - BLR,2025-11,2026-04-19
B1592,P1172,UK085,2025-11-17 11:37:36.952,CONFIRMED,24F,Vistara,MAA,DEL,2026-04-19 02:15:41.702,2026-04-19 03:17:41.702,3720000000000,3720000000000,62,Sara,Banerjee,1,F,2025-06-07,Unknown,8105,Unknown,MAA - DEL,2025-11,2026-04-19
B1593,P1719,6F087,2025-09-24 11:37:36.952,Unknown,1A,IndiGo,DEL,HYD,2026-04-18 23:24:41.702,2026-04-19 03:10:41.702,13560000000000,13560000000000,226,Shaurya,Ghosh,1,F,2025-02-08,Unknown,8105,Unknown,DEL - HYD,2025-09,2026-04-18
B1594,P1943,AI067,2025-06-01 11:37:36.952,CONFIRMED,25E,Air India,HYD,DEL,2026-04-18 23:36:41.701,2026-04-19 03:09:41.701,12780000000000,12780000000000,213,Shaurya,Naidu,23,M,2003-06-20,PAY1592,1449,NETBANKING,HYD - DEL,2025-06,2026-04-18
B1595,P1023,6F226,2026-01-07 11:37:36.952,PENDING,4E,IndiGo,DEL,BOM,2026-04-19 00:38:41.704,2026-04-19 02:55:41.704,8220000000000,8220000000000,137,Aditya,Patel,76,F,1950-10-24,PAY1376,13807,UPI,DEL - BOM,2026-01,2026-04-19
B1595,P1023,6F226,2026-01-07 11:37:36.952,PENDING,4E,IndiGo,DEL,BOM,2026-04-19 00:38:41.704,2026-04-19 02:55:41.704,8220000000000,8220000000000,137,Aditya,Patel,76,F,1950-10-24,PAY1612,11063,UPI,DEL - BOM,2026-01,2026-04-19
B1596,P1098,SJ210,2025-12-20 11:37:36.952,CONFIRMED,15E,SpiceJet,HYD,CCU,2026-04-18 23:21:41.703,2026-04-19 02:54:41.703,12780000000000,12780000000000,213,Reyansh,Chatterjee,89,F,1937-03-06,PAY1108,3496,UPI,HYD - CCU,2025-12,2026-04-18
B1596,P1098,SJ210,2025-12-20 11:37:36.952,CONFIRMED,15E,SpiceJet,HYD,CCU,2026-04-18 23:21:41.703,2026-04-19 02:54:41.703,12780000000000,12780000000000,213,Reyansh,Chatterjee,89,F,1937-03-06,PAY1302,14525,UPI,HYD - CCU,2025-12,2026-04-18
B1597,P1405,6F269,2025-10-23 11:37:36.952,CONFIRMED,33A,UNKNOWN,HYD,MAA,2026-04-19 01:30:41.702,2026-04-19 02:52:41.702,4920000000000,4920000000000,82,Aditya,Reddy,55,M,1971-02-07,PAY1461,11103,CARD,HYD - MAA,2025-10,2026-04-19
B1597,P1405,6F269,2025-10-23 11:37:36.952,CONFIRMED,33A,UNKNOWN,HYD,MAA,2026-04-19 01:30:41.702,2026-04-19 02:52:41.702,4920000000000,4920000000000,82,Aditya,Reddy,55,M,1971-02-07,PAY1482,8089,UPI,HYD - MAA,2025-10,2026-04-19
B1598,P1355,UK013,2026-01-02 11:37:36.952,CONFIRMED,11B,Vistara,BOM,MAA,2026-04-18 23:52:41.701,2026-04-19 02:52:41.701,10800000000000,10800000000000,180,Ishaan,Iyer,43,F,1983-12-17,PAY1366,1959,CARD,BOM - MAA,2026-01,2026-04-18
B1598,P1355,UK013,2026-01-02 11:37:36.952,CONFIRMED,11B,Vistara,BOM,MAA,2026-04-18 23:52:41.701,2026-04-19 02:52:41.701,10800000000000,10800000000000,180,Ishaan,Iyer,43,F,1983-12-17,PAY1684,14019,NETBANKING,BOM - MAA,2026-01,2026-04-18
B1599,P1138,UK013,2025-09-30 11:37:36.952,PENDING,9E,Vistara,BOM,MAA,2026-04-18 23:52:41.701,2026-04-19 02:52:41.701,10800000000000,10800000000000,180,Saanvi,Mehta,79,M,1947-02-22,Unknown,8105,Unknown,BOM - MAA,2025-09,2026-04-18
B1600,P1502,UK143,2025-07-20 11:37:36.952,PENDING,2C,Vistara,BLR,BOM,2026-04-19 01:34:41.703,2026-04-19 02:48:41.703,4440000000000,4440000000000,74,Vivaan,Pillai,75,F,1951-01-17,PAY1411,12809,NETBANKING,BLR - BOM,2025-07,2026-04-19
B1600,P1502,UK143,2025-07-20 11:37:36.952,PENDING,2C,Vistara,BLR,BOM,2026-04-19 01:34:41.703,2026-04-19 02:48:41.703,4440000000000,4440000000000,74,Vivaan,Pillai,75,F,1951-01-17,PAY1497,11275,CARD,BLR - BOM,2025-07,2026-04-19
B1601,P1825,6F262,2025-09-07 11:37:36.952,PENDING,28D,UNKNOWN,MAA,DEL,2026-04-19 01:44:41.702,2026-04-19 02:47:41.702,3780000000000,3780000000000,63,Ishaan,Iyer,61,M,1965-09-21,Unknown,8105,Unknown,MAA - DEL,2025-09,2026-04-19
B1602,P1173,6F042,2025-07-07 11:37:36.952,Unknown,2A,IndiGo,HYD,DEL,2026-04-18 22:35:41.701,2026-04-19 02:41:41.701,14760000000000,14760000000000,246,Aadhya,Mehta,27,F,1999-10-06,PAY1034,4028,NETBANKING,HYD - DEL,2025-07,2026-04-18
B1603,P1028,SJ118,2025-12-06 11:37:36.952,CANCELLED,17E,SpiceJet,DEL,BOM,2026-04-19 01:08:41.702,2026-04-19 02:33:41.702,5100000000000,5100000000000,85,Aadhya,Mishra,59,F,1967-10-10,Unknown,8105,Unknown,DEL - BOM,2025-12,2026-04-19
B1604,P1930,SJ118,2025-11-17 11:37:36.952,CANCELLED,3C,SpiceJet,DEL,BOM,2026-04-19 01:08:41.702,2026-04-19 02:33:41.702,5100000000000,5100000000000,85,Vivaan,Gupta,1,F,2025-11-03,Unknown,8105,Unknown,DEL - BOM,2025-11,2026-04-19
B1605,P1495,SJ082,2025-10-03 11:37:36.952,CANCELLED,6C,SpiceJet,BOM,DEL,2026-04-19 01:54:41.702,2026-04-19 02:33:41.702,2340000000000,2340000000000,39,Arjun,Nair,8,F,2018-07-02,PAY1290,8105,CARD,BOM - DEL,2025-10,2026-04-19
B1606,P1654,6F015,2025-07-18 11:37:36.952,CONFIRMED,23E,IndiGo,BOM,CCU,2026-04-18 23:39:41.701,2026-04-19 02:27:41.701,10080000000000,10080000000000,168,Ishaan,Nair,28,M,1998-03-09,PAY1327,6829,CARD,BOM - CCU,2025-07,2026-04-18
B1606,P1654,6F015,2025-07-18 11:37:36.952,CONFIRMED,23E,IndiGo,BOM,CCU,2026-04-18 23:39:41.701,2026-04-19 02:27:41.701,10080000000000,10080000000000,168,Ishaan,Nair,28,M,1998-03-09,PAY1355,5934,UPI,BOM - CCU,2025-07,2026-04-18
B1606,P1654,6F015,2025-07-18 11:37:36.952,CONFIRMED,23E,IndiGo,BOM,CCU,2026-04-18 23:39:41.701,2026-04-19 02:27:41.701,10080000000000,10080000000000,168,Ishaan,Nair,28,M,1998-03-09,PAY1856,8324,CARD,BOM - CCU,2025-07,2026-04-18
B1607,P1827,AI101,2026-02-02 11:37:36.952,INVALID,30F,Air India,DEL,BLR,2026-04-18 23:20:41.702,2026-04-19 02:23:41.702,10980000000000,10980000000000,183,Ananya,Khan,26,F,2000-03-28,PAY1543,10199,CARD,DEL - BLR,2026-02,2026-04-18
B1607,P1827,AI101,2026-02-02 11:37:36.952,INVALID,30F,Air India,DEL,BLR,2026-04-18 23:20:41.702,2026-04-19 02:23:41.702,10980000000000,10980000000000,183,Ananya,Khan,26,F,2000-03-28,PAY1727,2887,NETBANKING,DEL - BLR,2026-02,2026-04-18
B1608,P1350,SJ110,2025-06-28 11:37:36.952,CANCELLED,10B,SpiceJet,CCU,DEL,2026-04-19 01:47:41.702,2026-04-19 02:20:41.702,1980000000000,1980000000000,33,Diya,Verma,27,M,1999-10-08,Unknown,8105,Unknown,CCU - DEL,2025-06,2026-04-19
B1609,P1553,SJ042,2025-10-21 11:37:36.952,CANCELLED,19D,SpiceJet,HYD,CCU,2026-04-18 22:38:41.701,2026-04-19 02:20:41.701,13320000000000,13320000000000,222,Anika,Khan,57,M,1969-04-11,Unknown,8105,Unknown,HYD - CCU,2025-10,2026-04-18
B1610,P1298,6F145,2025-10-13 11:37:36.952,CONFIRMED,27A,IndiGo,CCU,DEL,2026-04-19 01:02:41.703,2026-04-19 02:18:41.703,4560000000000,4560000000000,76,Ananya,Kulkarni,48,M,1978-09-27,PAY1685,5809,NETBANKING,CCU - DEL,2025-10,2026-04-19
B1611,P1719,UK029,2026-01-05 11:37:36.952,CANCELLED,14C,Vistara,DEL,BOM,2026-04-18 23:26:41.701,2026-04-19 02:15:41.701,10140000000000,10140000000000,169,Shaurya,Ghosh,1,F,2025-02-08,PAY1260,10643,CARD,DEL - BOM,2026-01,2026-04-18
B1611,P1719,UK029,2026-01-05 11:37:36.952,CANCELLED,14C,Vistara,DEL,BOM,2026-04-18 23:26:41.701,2026-04-19 02:15:41.701,10140000000000,10140000000000,169,Shaurya,Ghosh,1,F,2025-02-08,PAY1520,11755,NETBANKING,DEL - BOM,2026-01,2026-04-18
B1612,P1841,SJ200,2025-04-18 11:37:36.952,CANCELLED,28C,SpiceJet,BOM,DEL,2026-04-18 23:24:41.703,2026-04-19 02:11:41.703,10020000000000,10020000000000,167,Diya,Das,2,M,2024-04-19,Unknown,8105,Unknown,BOM - DEL,2025-04,2026-04-18
B1613,P1944,SJ209,2026-01-29 11:37:36.952,CONFIRMED,6A,SpiceJet,BLR,BOM,2026-04-18 22:22:41.703,2026-04-19 02:03:41.703,13260000000000,13260000000000,221,Riya,Gupta,10,M,2016-09-06,PAY1086,11718,UPI,BLR - BOM,2026-01,2026-04-18
B1613,P1944,SJ209,2026-01-29 11:37:36.952,CONFIRMED,6A,SpiceJet,BLR,BOM,2026-04-18 22:22:41.703,2026-04-19 02:03:41.703,13260000000000,13260000000000,221,Riya,Gupta,10,M,2016-09-06,PAY1587,4591,NETBANKING,BLR - BOM,2026-01,2026-04-18
B1613,P1944,SJ209,2026-01-29 11:37:36.952,CONFIRMED,6A,SpiceJet,BLR,BOM,2026-04-18 22:22:41.703,2026-04-19 02:03:41.703,13260000000000,13260000000000,221,RiyaGupta,Unknown,10,M,2016-07-21,PAY1086,11718,UPI,BLR - BOM,2026-01,2026-04-18
B1613,P1944,SJ209,2026-01-29 11:37:36.952,CONFIRMED,6A,SpiceJet,BLR,BOM,2026-04-18 22:22:41.703,2026-04-19 02:03:41.703,13260000000000,13260000000000,221,RiyaGupta,Unknown,10,M,2016-07-21,PAY1587,4591,NETBANKING,BLR - BOM,2026-01,2026-04-18
B1614,P1191,AI116,2025-05-11 11:37:36.952,Unknown,30B,Air India,CCU,BOM,2026-04-18 22:30:41.702,2026-04-19 01:57:41.702,12420000000000,12420000000000,207,Aditya,Mishra,62,F,1964-06-13,PAY1178,2807,NETBANKING,CCU - BOM,2025-05,2026-04-18
B1614,P1191,AI116,2025-05-11 11:37:36.952,Unknown,30B,Air India,CCU,BOM,2026-04-18 22:30:41.702,2026-04-19 01:57:41.702,12420000000000,12420000000000,207,Aditya,Mishra,62,F,1964-06-13,PAY1788,6159,UPI,CCU - BOM,2025-05,2026-04-18
B1615,P1671,6F117,2025-05-23 11:37:36.952,CANCELLED,33B,IndiGo,CCU,DEL,2026-04-19 00:46:41.702,2026-04-19 01:51:41.702,3900000000000,3900000000000,65,Aadhya,Verma,29,M,1997-11-19,PAY1246,11018,UPI,CCU - DEL,2025-05,2026-04-19
B1615,P1671,6F117,2025-05-23 11:37:36.952,CANCELLED,33B,IndiGo,CCU,DEL,2026-04-19 00:46:41.702,2026-04-19 01:51:41.702,3900000000000,3900000000000,65,Aadhya,Verma,29,M,1997-11-19,PAY1445,2653,CARD,CCU - DEL,2025-05,2026-04-19
B1616,P1063,SJ181,2025-12-23 11:37:36.952,PENDING,17A,SpiceJet,BOM,BLR,2026-04-19 00:20:41.703,2026-04-19 01:49:41.703,5340000000000,5340000000000,89,Shaurya,Mishra,36,F,1990-07-20,Unknown,8105,Unknown,BOM - BLR,2025-12,2026-04-19
B1617,P1754,AI070,2025-05-10 11:37:36.952,INVALID,18A,Air India,CCU,DEL,2026-04-19 00:05:41.702,2026-04-19 01:44:41.702,5940000000000,5940000000000,99,Arjun,Gupta,30,M,1996-05-25,PAY1146,12238,CARD,CCU - DEL,2025-05,2026-04-19
B1618,P1769,AI070,2026-01-19 11:37:36.952,CONFIRMED,1B,Air India,CCU,DEL,2026-04-19 00:05:41.702,2026-04-19 01:44:41.702,5940000000000,5940000000000,99,Aditya,Ghosh,56,F,1970-08-24,PAY1493,6905,NETBANKING,CCU - DEL,2026-01,2026-04-19
B1619,P1663,UK042,2026-02-05 11:37:36.952,PENDING,13A,Vistara,MAA,BOM,2026-04-18 20:59:41.701,2026-04-19 01:38:41.701,16740000000000,16740000000000,279,Saanvi,Das,64,F,1962-11-05,PAY1345,10939,NETBANKING,MAA - BOM,2026-02,2026-04-18
B1619,P1663,UK042,2026-02-05 11:37:36.952,PENDING,13A,Vistara,MAA,BOM,2026-04-18 20:59:41.701,2026-04-19 01:38:41.701,16740000000000,16740000000000,279,Saanvi,Das,64,F,1962-11-05,PAY1701,8605,UPI,MAA - BOM,2026-02,2026-04-18
B1619,P1663,UK042,2026-02-05 11:37:36.952,PENDING,13A,Vistara,MAA,BOM,2026-04-18 20:59:41.701,2026-04-19 01:38:41.701,16740000000000,16740000000000,279,Saanvi,Das,64,F,1962-11-05,PAY1802,14109,CARD,MAA - BOM,2026-02,2026-04-18
B1620,P1214,AI169,2026-02-24 11:37:36.952,PENDING,1B,Air India,CCU,DEL,2026-04-18 21:21:41.703,2026-04-19 01:34:41.703,15180000000000,15180000000000,253,Riya,Mishra,55,M,1971-03-20,PAY1332,5731,UPI,CCU - DEL,2026-02,2026-04-18
B1620,P1214,AI169,2026-02-24 11:37:36.952,PENDING,1B,Air India,CCU,DEL,2026-04-18 21:21:41.703,2026-04-19 01:34:41.703,15180000000000,15180000000000,253,Riya,Mishra,55,M,1971-03-20,PAY1561,13684,NETBANKING,CCU - DEL,2026-02,2026-04-18
B1620,P1214,AI169,2026-02-24 11:37:36.952,PENDING,1B,Air India,CCU,DEL,2026-04-18 21:21:41.703,2026-04-19 01:34:41.703,15180000000000,15180000000000,253,Riya,Mishra,55,M,1971-03-20,PAY1782,3519,UPI,CCU - DEL,2026-02,2026-04-18
B1620,P1214,AI169,2026-02-24 11:37:36.952,PENDING,1B,Air India,CCU,DEL,2026-04-18 21:21:41.703,2026-04-19 01:34:41.703,15180000000000,15180000000000,253,Riya,Mishra,55,M,1971-03-20,PAY1999,10875,UPI,CCU - DEL,2026-02,2026-04-18
B1621,P1833,6F021,2025-12-21 11:37:36.952,PENDING,27A,IndiGo,BLR,MAA,2026-04-18 21:23:41.701,2026-04-19 01:25:41.701,14520000000000,14520000000000,242,Aadhya,Das,47,M,1979-06-16,PAY1181,3525,UPI,BLR - MAA,2025-12,2026-04-18
B1621,P1833,6F021,2025-12-21 11:37:36.952,PENDING,27A,IndiGo,BLR,MAA,2026-04-18 21:23:41.701,2026-04-19 01:25:41.701,14520000000000,14520000000000,242,Aadhya,Das,47,M,1979-06-16,PAY1972,8280,UPI,BLR - MAA,2025-12,2026-04-18
B1622,P1165,SJ046,2025-06-23 11:37:36.952,PENDING,19F,SpiceJet,BOM,MAA,2026-04-18 22:01:41.701,2026-04-19 01:25:41.701,12240000000000,12240000000000,204,Ira,Singh,44,M,1982-07-22,PAY1052,11618,UPI,BOM - MAA,2025-06,2026-04-18
B1622,P1165,SJ046,2025-06-23 11:37:36.952,PENDING,19F,SpiceJet,BOM,MAA,2026-04-18 22:01:41.701,2026-04-19 01:25:41.701,12240000000000,12240000000000,204,Ira,Singh,44,M,1982-07-22,PAY1167,12379,CARD,BOM - MAA,2025-06,2026-04-18
B1622,P1165,SJ046,2025-06-23 11:37:36.952,PENDING,19F,SpiceJet,BOM,MAA,2026-04-18 22:01:41.701,2026-04-19 01:25:41.701,12240000000000,12240000000000,204,Ira,Singh,44,M,1982-07-22,PAY1752,12642,UPI,BOM - MAA,2025-06,2026-04-18
B1623,P1542,AI211,2025-08-17 11:37:36.952,CANCELLED,22B,Air India,DEL,CCU,2026-04-18 23:34:41.703,2026-04-19 01:21:41.703,6420000000000,6420000000000,107,Sai, Kulkarni,52,M,1974-11-07,PAY1163,11011,NETBANKING,DEL - CCU,2025-08,2026-04-18
B1623,P1542,AI211,2025-08-17 11:37:36.952,CANCELLED,22B,Air India,DEL,CCU,2026-04-18 23:34:41.703,2026-04-19 01:21:41.703,6420000000000,6420000000000,107,Sai, Kulkarni,52,M,1974-11-07,PAY1791,10849,CARD,DEL - CCU,2025-08,2026-04-18
B1623,P1542,AI211,2025-08-17 11:37:36.952,CANCELLED,22B,Air India,DEL,CCU,2026-04-18 23:34:41.703,2026-04-19 01:21:41.703,6420000000000,6420000000000,107,Sai, Kulkarni,52,M,1974-11-07,PAY1967,2352,CARD,DEL - CCU,2025-08,2026-04-18
B1623,P1542,AI211,2025-08-17 11:37:36.952,CANCELLED,22B,Air India,DEL,CCU,2026-04-18 23:34:41.703,2026-04-19 01:21:41.703,6420000000000,6420000000000,107,Sai, Kulkarni,52,M,1974-11-07,PAY1991,12917,UPI,DEL - CCU,2025-08,2026-04-18
B1623,P1542,AI211,2025-08-17 11:37:36.952,CANCELLED,22B,Air India,DEL,CCU,2026-04-18 23:34:41.703,2026-04-19 01:21:41.703,6420000000000,6420000000000,107,Sai,Kulkarni,52,M,1974-02-15,PAY1163,11011,NETBANKING,DEL - CCU,2025-08,2026-04-18
B1623,P1542,AI211,2025-08-17 11:37:36.952,CANCELLED,22B,Air India,DEL,CCU,2026-04-18 23:34:41.703,2026-04-19 01:21:41.703,6420000000000,6420000000000,107,Sai,Kulkarni,52,M,1974-02-15,PAY1791,10849,CARD,DEL - CCU,2025-08,2026-04-18
B1623,P1542,AI211,2025-08-17 11:37:36.952,CANCELLED,22B,Air India,DEL,CCU,2026-04-18 23:34:41.703,2026-04-19 01:21:41.703,6420000000000,6420000000000,107,Sai,Kulkarni,52,M,1974-02-15,PAY1967,2352,CARD,DEL - CCU,2025-08,2026-04-18
B1623,P1542,AI211,2025-08-17 11:37:36.952,CANCELLED,22B,Air India,DEL,CCU,2026-04-18 23:34:41.703,2026-04-19 01:21:41.703,6420000000000,6420000000000,107,Sai,Kulkarni,52,M,1974-02-15,PAY1991,12917,UPI,DEL - CCU,2025-08,2026-04-18
B1624,P1882,SJ091,2025-12-20 11:37:36.952,CANCELLED,34F,SpiceJet,BLR,CCU,2026-04-18 23:10:41.702,2026-04-19 00:47:41.702,5820000000000,5820000000000,97,Krishna,Ghosh,56,F,1970-09-06,Unknown,8105,Unknown,BLR - CCU,2025-12,2026-04-18
B1625,P1231,AI123,2026-04-05 11:37:36.952,PENDING,7D,Air India,MAA,BOM,2026-04-18 22:19:41.702,2026-04-19 00:45:41.702,8760000000000,8760000000000,146,Riya,Das,59,M,1967-11-01,Unknown,8105,Unknown,MAA - BOM,2026-04,2026-04-18
B1626,P1793,6F053,2025-04-17 11:37:36.952,CANCELLED,25C,IndiGo,DEL,HYD,2026-04-18 20:26:41.701,2026-04-19 00:39:41.701,15180000000000,15180000000000,253,Anika,Joshi,67,M,1959-02-07,PAY1934,7859,NETBANKING,DEL - HYD,2025-04,2026-04-18
B1627,P1540,UK012,2026-01-09 11:37:36.952,PENDING,27E,Vistara,MAA,BOM,2026-04-18 22:16:41.701,2026-04-19 00:25:41.701,7740000000000,7740000000000,129,Kavya,Khan,28,F,1998-03-26,PAY1251,11151,NETBANKING,MAA - BOM,2026-01,2026-04-18
B1627,P1540,UK012,2026-01-09 11:37:36.952,PENDING,27E,Vistara,MAA,BOM,2026-04-18 22:16:41.701,2026-04-19 00:25:41.701,7740000000000,7740000000000,129,Kavya,Khan,28,F,1998-03-26,PAY1755,12801,CARD,MAA - BOM,2026-01,2026-04-18
B1628,P1194,6F023,2025-11-25 11:37:36.952,PENDING,33A,IndiGo,MAA,BLR,2026-04-18 20:18:41.701,2026-04-19 00:14:41.701,14160000000000,14160000000000,236,Ananya,Das,12,M,2014-08-28,PAY1145,1972,CARD,MAA - BLR,2025-11,2026-04-18
B1629,P1505,AI250,2026-01-02 11:37:36.952,CONFIRMED,11A,UNKNOWN,BOM,CCU,2026-04-18 20:48:41.704,2026-04-19 00:12:41.704,12240000000000,12240000000000,204,Myra,Mehta,89,F,1937-03-25,Unknown,8105,Unknown,BOM - CCU,2026-01,2026-04-18
B1630,P1333,AI238,2026-04-07 11:37:36.952,PENDING,26F,Air India,CCU,MAA,2026-04-18 19:25:41.704,2026-04-19 00:07:41.704,16920000000000,16920000000000,282,Kavya,Sharma,85,M,1941-05-08,PAY1674,11476,NETBANKING,CCU - MAA,2026-04,2026-04-18
B1631,P1767,UK096,2026-02-17 11:37:36.952,CANCELLED,24F,Vistara,BLR,HYD,2026-04-18 22:11:41.702,2026-04-19 00:06:41.702,6900000000000,6900000000000,115,Sai,Singh,4,M,2022-11-14,PAY1087,7909,NETBANKING,BLR - HYD,2026-02,2026-04-18
B1631,P1767,UK096,2026-02-17 11:37:36.952,CANCELLED,24F,Vistara,BLR,HYD,2026-04-18 22:11:41.702,2026-04-19 00:06:41.702,6900000000000,6900000000000,115,Sai,Singh,4,M,2022-11-14,PAY1164,9605,UPI,BLR - HYD,2026-02,2026-04-18
B1632,P1792,UK126,2026-03-30 11:37:36.952,PENDING,1D,Vistara,CCU,DEL,2026-04-18 22:37:41.702,2026-04-19 00:03:41.702,5160000000000,5160000000000,86,Ishaan,Chatterjee,25,M,2001-06-04,PAY1781,11397,NETBANKING,CCU - DEL,2026-03,2026-04-18
B1633,P1303,SJ195,2025-08-30 11:37:36.952,CONFIRMED,8E,SpiceJet,BOM,CCU,2026-04-18 20:41:41.703,2026-04-18 23:54:41.703,11580000000000,11580000000000,193,Ira,Nair,30,F,1996-01-17,Unknown,8105,Unknown,BOM - CCU,2025-08,2026-04-18
B1634,P1832,SJ171,2025-12-25 11:37:36.952,CANCELLED,1C,SpiceJet,DEL,HYD,2026-04-18 20:52:41.703,2026-04-18 23:52:41.703,10800000000000,10800000000000,180,Kavya,Banerjee,79,F,1947-09-16,Unknown,8105,Unknown,DEL - HYD,2025-12,2026-04-18
B1635,P1436,AI136,2025-08-14 11:37:36.952,INVALID,7C,Air India,BLR,DEL,2026-04-18 20:29:41.702,2026-04-18 23:48:41.702,11940000000000,11940000000000,199,Myra,Reddy,26,F,2000-06-17,Unknown,8105,Unknown,BLR - DEL,2025-08,2026-04-18
B1636,P1322,SJ192,2025-05-27 11:37:36.952,CONFIRMED,22B,SpiceJet,HYD,BOM,2026-04-19 18:45:42.000,2026-04-18 23:45:42.000,-68400000000000,-68400000000000,-1140,Krishna,Iyer,17,M,2009-05-16,PAY1874,14700,NETBANKING,HYD - BOM,2025-05,2026-04-19
B1637,P1501,6F035,2025-12-01 11:37:36.952,PENDING,27C,IndiGo,CCU,HYD,2026-04-18 19:16:41.701,2026-04-18 23:40:41.701,15840000000000,15840000000000,264,Sai,Joshi,58,M,1968-06-25,PAY1373,11176,NETBANKING,CCU - HYD,2025-12,2026-04-18
B1637,P1501,6F035,2025-12-01 11:37:36.952,PENDING,27C,IndiGo,CCU,HYD,2026-04-18 19:16:41.701,2026-04-18 23:40:41.701,15840000000000,15840000000000,264,Sai,Joshi,58,M,1968-06-25,PAY1426,6829,NETBANKING,CCU - HYD,2025-12,2026-04-18
B1637,P1501,6F035,2025-12-01 11:37:36.952,PENDING,27C,IndiGo,CCU,HYD,2026-04-18 19:16:41.701,2026-04-18 23:40:41.701,15840000000000,15840000000000,264,Sai,Joshi,58,M,1968-06-25,PAY1950,7466,CARD,CCU - HYD,2025-12,2026-04-18
B1638,P1857,UK088,2026-02-23 11:37:36.952,CONFIRMED,22C,Unknown,MAA,BLR,2026-04-18 19:16:41.702,2026-04-18 23:36:41.702,15600000000000,15600000000000,260,Ira,Khan,57,M,1969-08-09,Unknown,8105,Unknown,MAA - BLR,2026-02,2026-04-18
B1639,P1913,6F009,2025-09-14 11:37:36.952,CONFIRMED,24E,IndiGo,BLR,CCU,2026-04-18 20:21:41.701,2026-04-18 23:36:41.701,11700000000000,11700000000000,195,Ananya,Nair,66,F,1960-10-14,PAY1397,5067,CARD,BLR - CCU,2025-09,2026-04-18
B1639,P1913,6F009,2025-09-14 11:37:36.952,CONFIRMED,24E,IndiGo,BLR,CCU,2026-04-18 20:21:41.701,2026-04-18 23:36:41.701,11700000000000,11700000000000,195,Ananya,Nair,66,F,1960-10-14,PAY1744,1003,NETBANKING,BLR - CCU,2025-09,2026-04-18
B1640,P1392,6F004,2026-01-28 11:37:36.952,CANCELLED,30B,IndiGo,BOM,CCU,2026-04-18 19:53:41.701,2026-04-18 23:33:41.701,13200000000000,13200000000000,220,Riya,Iyer,52,M,1974-09-28,Unknown,8105,Unknown,BOM - CCU,2026-01,2026-04-18
B1641,P1805,UK122,2026-03-27 11:37:36.952,Unknown,28D,Vistara,HYD,CCU,2026-04-18 20:29:42.000,2026-04-18 23:29:42.000,10800000000000,10800000000000,180,Kavya,Patel,61,F,1965-12-07,PAY1059,14953,NETBANKING,HYD - CCU,2026-03,2026-04-18
B1642,P1598,AI251,2026-02-15 11:37:36.952,PENDING,4E,Air India,MAA,DEL,2026-04-18 22:40:41.704,2026-04-18 23:24:41.704,2640000000000,2640000000000,44,Aadhya,Gupta,39,M,1987-06-05,PAY1969,6920,NETBANKING,MAA - DEL,2026-02,2026-04-18
B1643,P1148,AI027,2026-02-04 11:37:36.952,PENDING,14A,Air India,BOM,MAA,2026-04-18 19:41:41.701,2026-04-18 23:23:41.701,13320000000000,13320000000000,222,Muhammad,Chatterjee,43,M,1983-01-19,Unknown,8105,Unknown,BOM - MAA,2026-02,2026-04-18
B1644,P1760,SJ165,2025-10-20 11:37:36.952,PENDING,20E,SpiceJet,CCU,BOM,2026-04-18 20:08:41.703,2026-04-18 23:18:41.703,11400000000000,11400000000000,190,Sai,Agarwal,88,M,1938-03-04,PAY1483,10406,CARD,CCU - BOM,2025-10,2026-04-18
B1645,P1832,UK081,2025-08-16 11:37:36.952,CONFIRMED,17D,Unknown,BLR,DEL,2026-04-18 22:00:41.702,2026-04-18 23:00:41.702,3600000000000,3600000000000,60,Kavya,Banerjee,79,F,1947-09-16,PAY1423,2309,NETBANKING,BLR - DEL,2025-08,2026-04-18
B1646,P1404,UK191,2025-09-27 11:37:36.952,CANCELLED,28C,Vistara,MAA,BLR,2026-04-18 21:51:41.703,2026-04-18 22:57:41.703,3960000000000,3960000000000,66,Muhammad,Kulkarni,47,M,1979-04-16,PAY1524,12646,CARD,MAA - BLR,2025-09,2026-04-18
B1646,P1404,UK191,2025-09-27 11:37:36.952,CANCELLED,28C,Vistara,MAA,BLR,2026-04-18 21:51:41.703,2026-04-18 22:57:41.703,3960000000000,3960000000000,66,Muhammad,Kulkarni,47,M,1979-04-16,PAY1903,10009,UPI,MAA - BLR,2025-09,2026-04-18
B1647,P1282,SJ188,2025-11-06 11:37:36.952,PENDING,14F,SpiceJet,BLR,BOM,2026-04-18 22:15:41.703,2026-04-18 22:55:41.703,2400000000000,2400000000000,40,Kavya,Chatterjee,35,M,1991-09-09,PAY1384,7863,NETBANKING,BLR - BOM,2025-11,2026-04-18
B1647,P1282,SJ188,2025-11-06 11:37:36.952,PENDING,14F,SpiceJet,BLR,BOM,2026-04-18 22:15:41.703,2026-04-18 22:55:41.703,2400000000000,2400000000000,40,Kavya,Chatterjee,35,M,1991-09-09,PAY1800,9458,CARD,BLR - BOM,2025-11,2026-04-18
B1648,P1361,6F016,2025-08-09 11:37:36.952,CONFIRMED,33D,IndiGo,HYD,BOM,2026-04-18 22:18:41.701,2026-04-18 22:54:41.701,2160000000000,2160000000000,36,Anika,Patel,25,F,2001-03-06,PAY1931,3484,CARD,HYD - BOM,2025-08,2026-04-18
B1649,P1378,6F064,2026-04-05 11:37:36.952,PENDING,4F,IndiGo,CCU,DEL,2026-04-18 21:45:41.701,2026-04-18 22:50:41.701,3900000000000,3900000000000,65,Aditya,Iyer,32,M,1994-02-13,PAY1605,14720,UPI,CCU - DEL,2026-04,2026-04-18
B1649,P1378,6F064,2026-04-05 11:37:36.952,PENDING,4F,IndiGo,CCU,DEL,2026-04-18 21:45:41.701,2026-04-18 22:50:41.701,3900000000000,3900000000000,65,Aditya,Iyer,32,M,1994-02-13,PAY1831,13388,UPI,CCU - DEL,2026-04,2026-04-18
B1650,P1197,SJ105,2026-04-03 11:37:36.952,Unknown,10D,SpiceJet,BOM,HYD,2026-04-18 19:22:41.702,2026-04-18 22:48:41.702,12360000000000,12360000000000,206,Krishna,Nair,3,M,2023-06-07,Unknown,8105,Unknown,BOM - HYD,2026-04,2026-04-18
B1651,P1555,SJ054,2025-09-09 11:37:36.952,CANCELLED,21B,SpiceJet,MAA,BLR,2026-04-18 18:13:41.701,2026-04-18 22:46:41.701,16380000000000,16380000000000,273,Saanvi,Joshi,53,M,1973-12-27,PAY1954,6942,NETBANKING,MAA - BLR,2025-09,2026-04-18
B1652,P1355,6F197,2025-12-19 11:37:36.952,PENDING,23C,IndiGo,BOM,BLR,2026-04-18 17:59:41.703,2026-04-18 22:44:41.703,17100000000000,17100000000000,285,Ishaan,Iyer,43,F,1983-12-17,PAY1252,2694,NETBANKING,BOM - BLR,2025-12,2026-04-18
B1652,P1355,6F197,2025-12-19 11:37:36.952,PENDING,23C,IndiGo,BOM,BLR,2026-04-18 17:59:41.703,2026-04-18 22:44:41.703,17100000000000,17100000000000,285,Ishaan,Iyer,43,F,1983-12-17,PAY1329,12577,UPI,BOM - BLR,2025-12,2026-04-18
B1652,P1355,6F197,2025-12-19 11:37:36.952,PENDING,23C,IndiGo,BOM,BLR,2026-04-18 17:59:41.703,2026-04-18 22:44:41.703,17100000000000,17100000000000,285,Ishaan,Iyer,43,F,1983-12-17,PAY1372,4145,CARD,BOM - BLR,2025-12,2026-04-18
B1652,P1355,6F197,2025-12-19 11:37:36.952,PENDING,23C,IndiGo,BOM,BLR,2026-04-18 17:59:41.703,2026-04-18 22:44:41.703,17100000000000,17100000000000,285,Ishaan,Iyer,43,F,1983-12-17,PAY1724,2105,NETBANKING,BOM - BLR,2025-12,2026-04-18
B1653,P1539,AI040,2026-03-26 11:37:36.952,CANCELLED,31B,Air India,HYD,BLR,2026-04-18 21:01:41.701,2026-04-18 22:42:41.701,6060000000000,6060000000000,101,Anika,Nair,71,M,1955-02-01,PAY1422,10351,NETBANKING,HYD - BLR,2026-03,2026-04-18
B1654,P1428,AI131,2025-08-14 11:37:36.952,Unknown,31A,Air India,MAA,BOM,2026-04-18 19:55:41.702,2026-04-18 22:35:41.702,9600000000000,9600000000000,160,Ishaan,Mishra,16,M,2010-05-25,PAY1675,12117,NETBANKING,MAA - BOM,2025-08,2026-04-18
B1655,P1016,6F141,2025-10-09 11:37:36.952,PENDING,7D,IndiGo,BOM,CCU,2026-04-18 20:26:41.702,2026-04-18 22:28:41.702,7320000000000,7320000000000,122,Vivaan,Naidu,30,M,1996-01-19,Unknown,8105,Unknown,BOM - CCU,2025-10,2026-04-18
B1656,P1638,UK035,2025-05-12 11:37:36.952,CONFIRMED,26E,Vistara,HYD,BOM,2026-04-18 21:08:41.701,2026-04-18 22:24:41.701,4560000000000,4560000000000,76,Krishna,Banerjee,14,F,2012-11-21,PAY1276,9174,NETBANKING,HYD - BOM,2025-05,2026-04-18
B1657,P1378,AI005,2025-08-28 11:37:36.952,CONFIRMED,12B,Air India,DEL,CCU,2026-04-18 21:24:41.701,2026-04-18 22:11:41.701,2820000000000,2820000000000,47,Aditya,Iyer,32,M,1994-02-13,PAY1746,11326,UPI,DEL - CCU,2025-08,2026-04-18
B1658,P1679,AI001,2025-06-22 11:37:36.952,CONFIRMED,18D,Air India,DEL,HYD,2026-04-18 19:00:41.700,2026-04-18 22:03:41.700,10980000000000,10980000000000,183,Sai,Pillai,25,F,2001-03-11,Unknown,8105,Unknown,DEL - HYD,2025-06,2026-04-18
B1659,P1505,UK211,2026-01-17 11:37:36.952,PENDING,6D,Vistara,MAA,CCU,2026-04-18 20:39:41.704,2026-04-18 22:02:41.704,4980000000000,4980000000000,83,Myra,Mehta,89,F,1937-03-25,Unknown,8105,Unknown,MAA - CCU,2026-01,2026-04-18
B1660,P1755,SJ189,2026-04-04 11:37:36.952,CANCELLED,12D,SpiceJet,HYD,BLR,2026-04-18 17:05:41.703,2026-04-18 22:01:41.703,17760000000000,17760000000000,296,Reyansh,Verma,79,M,1947-06-05,PAY1269,8105,CARD,HYD - BLR,2026-04,2026-04-18
B1660,P1755,SJ189,2026-04-04 11:37:36.952,CANCELLED,12D,SpiceJet,HYD,BLR,2026-04-18 17:05:41.703,2026-04-18 22:01:41.703,17760000000000,17760000000000,296,Reyansh,Verma,79,M,1947-06-05,PAY1649,5034,CARD,HYD - BLR,2026-04,2026-04-18
B1661,P1898,UK006,2025-04-21 11:37:36.952,PENDING,18D,Vistara,MAA,CCU,2026-04-18 20:16:41.701,2026-04-18 21:55:41.701,5940000000000,5940000000000,99,Shaurya,Singh,3,F,2023-02-16,PAY1103,14849,CARD,MAA - CCU,2025-04,2026-04-18
B1661,P1898,UK006,2025-04-21 11:37:36.952,PENDING,18D,Vistara,MAA,CCU,2026-04-18 20:16:41.701,2026-04-18 21:55:41.701,5940000000000,5940000000000,99,Shaurya,Singh,3,F,2023-02-16,PAY1641,6131,NETBANKING,MAA - CCU,2025-04,2026-04-18
B1662,P1075,6F189,2025-10-13 11:37:36.952,CONFIRMED,17A,IndiGo,MAA,BLR,2026-04-18 20:08:41.703,2026-04-18 21:51:41.703,6180000000000,6180000000000,103,Krishna,Khan,74,F,1952-12-14,PAY1771,9168,NETBANKING,MAA - BLR,2025-10,2026-04-18
B1663,P1230,AI133,2025-05-16 11:37:36.952,CANCELLED,15B,Air India,DEL,CCU,2026-04-18 19:12:41.702,2026-04-18 21:32:41.702,8400000000000,8400000000000,140,Kavya,Mehta,20,F,2006-12-27,PAY1029,8481,CARD,DEL - CCU,2025-05,2026-04-18
B1663,P1230,AI133,2025-05-16 11:37:36.952,CANCELLED,15B,Air India,DEL,CCU,2026-04-18 19:12:41.702,2026-04-18 21:32:41.702,8400000000000,8400000000000,140,Kavya,Mehta,20,F,2006-12-27,PAY1030,12657,NETBANKING,DEL - CCU,2025-05,2026-04-18
B1663,P1230,AI133,2025-05-16 11:37:36.952,CANCELLED,15B,Air India,DEL,CCU,2026-04-18 19:12:41.702,2026-04-18 21:32:41.702,8400000000000,8400000000000,140,Kavya,Mehta,20,F,2006-12-27,PAY1714,14337,UPI,DEL - CCU,2025-05,2026-04-18
B1663,P1230,AI133,2025-05-16 11:37:36.952,CANCELLED,15B,Air India,DEL,CCU,2026-04-18 19:12:41.702,2026-04-18 21:32:41.702,8400000000000,8400000000000,140,Kavya,Mehta,20,F,2006-12-27,PAY1743,13005,NETBANKING,DEL - CCU,2025-05,2026-04-18
B1663,P1230,AI133,2025-05-16 11:37:36.952,CANCELLED,15B,Air India,DEL,CCU,2026-04-18 19:12:41.702,2026-04-18 21:32:41.702,8400000000000,8400000000000,140,Kavya,Mehta,20,F,2006-12-27,PAY1750,5715,CARD,DEL - CCU,2025-05,2026-04-18
B1663,P1230,AI133,2025-05-16 11:37:36.952,CANCELLED,15B,Air India,DEL,CCU,2026-04-18 19:12:41.702,2026-04-18 21:32:41.702,8400000000000,8400000000000,140,Kavya,Mehta,20,F,2006-12-27,PAY1775,12690,CARD,DEL - CCU,2025-05,2026-04-18
B1664,P1715,SJ216,2025-11-08 11:37:36.952,CONFIRMED,25B,SpiceJet,BOM,CCU,2026-04-18 18:35:41.703,2026-04-18 21:31:41.703,10560000000000,10560000000000,176,Vivaan,Mishra,17,M,2009-07-14,Unknown,8105,Unknown,BOM - CCU,2025-11,2026-04-18
B1665,P1961,SJ133,2026-03-04 11:37:36.952,CANCELLED,29D,SpiceJet,BOM,CCU,2026-04-18 18:50:41.702,2026-04-18 21:29:41.702,9540000000000,9540000000000,159,Muhammad,Iyer,49,M,1977-09-13,PAY1927,13435,UPI,BOM - CCU,2026-03,2026-04-18
B1666,P1247,UK082,2026-03-05 11:37:36.952,PENDING,32C,Vistara,DEL,BOM,2026-04-18 16:50:41.702,2026-04-18 21:21:41.702,16260000000000,16260000000000,271,Arjun,Agarwal,50,F,1976-07-24,PAY1952,4185,CARD,DEL - BOM,2026-03,2026-04-18
B1667,P1301,6F136,2026-02-16 11:37:36.952,CANCELLED,32C,IndiGo,CCU,DEL,2026-04-18 20:24:41.702,2026-04-18 21:01:41.702,2220000000000,2220000000000,37,Reyansh,Patel,86,F,1940-12-08,Unknown,8105,Unknown,CCU - DEL,2026-02,2026-04-18
B1668,P1725,6F039,2025-04-30 11:37:36.952,PENDING,3B,IndiGo,MAA,CCU,2026-04-18 16:43:41.701,2026-04-18 21:01:41.701,15480000000000,15480000000000,258,Aadhya,Singh,65,M,1961-03-23,Unknown,8105,Unknown,MAA - CCU,2025-04,2026-04-18
B1669,P1214,AI011,2025-06-16 11:37:36.952,CONFIRMED,3E,Air India,CCU,BOM,2026-04-18 16:58:41.701,2026-04-18 21:01:41.701,14580000000000,14580000000000,243,Riya,Mishra,55,M,1971-03-20,Unknown,8105,Unknown,CCU - BOM,2025-06,2026-04-18
B1670,P1157,SJ225,2025-05-12 11:37:36.952,CANCELLED,16C,Unknown,DEL,HYD,2026-04-18 18:16:41.704,2026-04-18 20:53:41.704,9420000000000,9420000000000,157,Arjun,Agarwal,66,M,1960-10-13,Unknown,8105,Unknown,DEL - HYD,2025-05,2026-04-18
B1671,P1068,SJ024,2025-07-08 11:37:36.952,CONFIRMED,22C,SpiceJet,DEL,MAA,2026-04-18 16:29:41.701,2026-04-18 20:21:41.701,13920000000000,13920000000000,232,Sai,Banerjee,54,M,1972-02-05,Unknown,8105,Unknown,DEL - MAA,2025-07,2026-04-18
B1672,P1392,AI109,2025-08-01 11:37:36.952,CANCELLED,14E,Air India,BLR,BOM,2026-04-18 15:53:41.702,2026-04-18 20:14:41.702,15660000000000,15660000000000,261,Riya,Iyer,52,M,1974-09-28,PAY1365,6896,CARD,BLR - BOM,2025-08,2026-04-18
B1673,P1084,AI147,2025-06-12 11:37:36.952,Unknown,28B,Air India,HYD,CCU,2026-04-18 18:14:41.703,2026-04-18 20:10:41.703,6960000000000,6960000000000,116,Aditya,Patel,40,F,1986-03-25,Unknown,8105,Unknown,HYD - CCU,2025-06,2026-04-18
B1674,P1266,UK057,2025-11-03 11:37:36.952,CANCELLED,18C,Vistara,CCU,DEL,2026-04-18 15:25:41.701,2026-04-18 20:04:41.701,16740000000000,16740000000000,279,Aditya,Kulkarni,20,F,2006-06-10,Unknown,8105,Unknown,CCU - DEL,2025-11,2026-04-18
B1675,P1068,6F111,2025-08-01 11:37:36.952,CANCELLED,9A,IndiGo,HYD,DEL,2026-04-18 17:09:41.702,2026-04-18 20:02:41.702,10380000000000,10380000000000,173,Sai,Banerjee,54,M,1972-02-05,Unknown,8105,Unknown,HYD - DEL,2025-08,2026-04-18
B1676,P1610,AI197,2026-04-14 11:37:36.952,PENDING,24C,Air India,BOM,CCU,2026-04-18 16:25:41.703,2026-04-18 20:00:41.703,12900000000000,12900000000000,215,Diya,Singh,1,M,2025-10-18,PAY1106,14683,UPI,BOM - CCU,2026-04,2026-04-18
B1676,P1610,AI197,2026-04-14 11:37:36.952,PENDING,24C,Air India,BOM,CCU,2026-04-18 16:25:41.703,2026-04-18 20:00:41.703,12900000000000,12900000000000,215,Diya,Singh,1,M,2025-10-18,PAY1709,11870,CARD,BOM - CCU,2026-04,2026-04-18
B1677,P1346,UK127,2026-01-31 11:37:36.952,PENDING,29C,Vistara,BOM,HYD,2026-04-18 15:56:41.702,2026-04-18 20:00:41.702,14640000000000,14640000000000,244,Anika,Mishra,47,M,1979-11-09,PAY1504,4649,NETBANKING,BOM - HYD,2026-01,2026-04-18
B1677,P1346,UK127,2026-01-31 11:37:36.952,PENDING,29C,Vistara,BOM,HYD,2026-04-18 15:56:41.702,2026-04-18 20:00:41.702,14640000000000,14640000000000,244,Anika,Mishra,47,M,1979-11-09,PAY1620,14950,CARD,BOM - HYD,2026-01,2026-04-18
B1678,P1961,6F240,2025-12-31 11:37:36.952,PENDING,24B,IndiGo,DEL,HYD,2026-04-18 15:31:41.704,2026-04-18 19:56:41.704,15900000000000,15900000000000,265,Muhammad,Iyer,49,M,1977-09-13,PAY1809,3832,NETBANKING,DEL - HYD,2025-12,2026-04-18
B1679,P1727,6F257,2025-08-17 11:37:36.952,CANCELLED,25A,UNKNOWN,MAA,CCU,2026-04-18 16:04:41.704,2026-04-18 19:55:41.704,13860000000000,13860000000000,231,Aadhya,das,34,M,1992-11-27,Unknown,8105,Unknown,MAA - CCU,2025-08,2026-04-18
B1679,P1727,6F257,2025-08-17 11:37:36.952,CANCELLED,25A,UNKNOWN,MAA,CCU,2026-04-18 16:04:41.704,2026-04-18 19:55:41.704,13860000000000,13860000000000,231,Aadhya,Das,34,M,1992-04-07,Unknown,8105,Unknown,MAA - CCU,2025-08,2026-04-18
B1680,P1926,AI253,2026-03-19 11:37:36.952,Unknown,11F,Air India,BLR,BOM,2026-04-18 16:13:41.704,2026-04-18 19:51:41.704,13080000000000,13080000000000,218,Krishna,Iyer,84,M,1942-01-23,Unknown,8105,Unknown,BLR - BOM,2026-03,2026-04-18
B1681,P1672,SJ135,2026-04-02 11:37:36.952,CANCELLED,15C,SpiceJet,MAA,CCU,2026-04-18 16:03:41.702,2026-04-18 19:48:41.702,13500000000000,13500000000000,225,Diya,Joshi,13,M,2013-06-27,PAY1264,11542,UPI,MAA - CCU,2026-04,2026-04-18
B1681,P1672,SJ135,2026-04-02 11:37:36.952,CANCELLED,15C,SpiceJet,MAA,CCU,2026-04-18 16:03:41.702,2026-04-18 19:48:41.702,13500000000000,13500000000000,225,Diya,Joshi,13,M,2013-06-27,PAY1875,14516,NETBANKING,MAA - CCU,2026-04,2026-04-18
B1682,P1422,UK112,2025-07-10 11:37:36.952,CANCELLED,20B,UNKNOWN,CCU,DEL,2026-04-18 17:05:41.702,2026-04-18 19:47:41.702,9720000000000,9720000000000,162,Shaurya,Gupta,58,M,1968-02-03,PAY1835,2917,CARD,CCU - DEL,2025-07,2026-04-18
B1683,P1605,AI050,2025-08-07 11:37:36.952,CONFIRMED,9C,Air India,BLR,BOM,2026-04-18 17:07:41.701,2026-04-18 19:42:41.701,9300000000000,9300000000000,155,Anika,Kulkarni,58,M,1968-04-01,PAY1023,8189,UPI,BLR - BOM,2025-08,2026-04-18
B1683,P1605,AI050,2025-08-07 11:37:36.952,CONFIRMED,9C,Air India,BLR,BOM,2026-04-18 17:07:41.701,2026-04-18 19:42:41.701,9300000000000,9300000000000,155,Anika,Kulkarni,58,M,1968-04-01,PAY1542,11161,NETBANKING,BLR - BOM,2025-08,2026-04-18
B1684,P1173,UK060,2025-11-18 11:37:36.952,PENDING,8E,Vistara,BLR,CCU,2026-04-18 16:09:41.701,2026-04-18 19:42:41.701,12780000000000,12780000000000,213,Aadhya,Mehta,27,F,1999-10-06,Unknown,8105,Unknown,BLR - CCU,2025-11,2026-04-18
B1685,P1676,SJ183,2025-05-15 11:37:36.952,CANCELLED,25E,SpiceJet,CCU,DEL,2026-04-18 17:44:41.703,2026-04-18 19:40:41.703,6960000000000,6960000000000,116,Reyansh,Reddy,82,F,1944-06-26,PAY1128,5545,NETBANKING,CCU - DEL,2025-05,2026-04-18
B1685,P1676,SJ183,2025-05-15 11:37:36.952,CANCELLED,25E,SpiceJet,CCU,DEL,2026-04-18 17:44:41.703,2026-04-18 19:40:41.703,6960000000000,6960000000000,116,Reyansh,Reddy,82,F,1944-06-26,PAY1959,7155,NETBANKING,CCU - DEL,2025-05,2026-04-18
B1686,P1114,UK138,2025-11-17 11:37:36.952,CONFIRMED,23E,Vistara,DEL,BLR,2026-04-18 16:47:41.703,2026-04-18 19:36:41.703,10140000000000,10140000000000,169,Anika,Sharma,28,F,1998-09-03,PAY1315,1293,CARD,DEL - BLR,2025-11,2026-04-18
B1687,P1219,SJ071,2025-10-12 11:37:36.952,PENDING,22F,SpiceJet,CCU,MAA,2026-04-18 17:43:41.701,2026-04-18 19:32:41.701,6540000000000,6540000000000,109,Muhammad,Nair,24,M,2002-11-10,Unknown,8105,Unknown,CCU - MAA,2025-10,2026-04-18
B1688,P1955,AI057,2025-06-14 11:37:36.952,PENDING,9D,Air India,BOM,CCU,2026-04-18 15:53:41.701,2026-04-18 19:22:41.701,12540000000000,12540000000000,209,Aarav,Das,9,F,2017-07-27,PAY1272,10946,NETBANKING,BOM - CCU,2025-06,2026-04-18
B1689,P1030,SJ151,2025-07-10 11:37:36.952,CANCELLED,20B,SpiceJet,BOM,CCU,2026-04-18 17:44:41.702,2026-04-18 19:16:41.702,5520000000000,5520000000000,92,Aditya,Kulkarni,60,F,1966-10-28,PAY1485,8030,CARD,BOM - CCU,2025-07,2026-04-18
B1690,P1522,SJ144,2025-06-28 11:37:36.952,PENDING,12C,SpiceJet,BLR,BOM,2026-04-18 15:35:41.702,2026-04-18 19:12:41.702,13020000000000,13020000000000,217,Reyansh,Singh,23,F,2003-07-27,PAY1550,7676,UPI,BLR - BOM,2025-06,2026-04-18
B1691,P1342,SJ087,2026-01-23 11:37:36.952,PENDING,12E,SpiceJet,BOM,DEL,2026-04-18 14:20:41.702,2026-04-18 19:09:41.702,17340000000000,17340000000000,289,Reyansh,Nair,67,M,1959-06-07,PAY1946,10442,UPI,BOM - DEL,2026-01,2026-04-18
B1692,P1376,SJ066,2026-04-02 11:37:36.952,CONFIRMED,18A,SpiceJet,HYD,CCU,2026-04-18 17:47:41.701,2026-04-18 19:03:41.701,4560000000000,4560000000000,76,Krishna,Iyer,15,F,2011-03-03,Unknown,8105,Unknown,HYD - CCU,2026-04,2026-04-18
B1693,P1129,AI247,2026-01-02 11:37:36.952,CONFIRMED,11F,Air India,BOM,CCU,2026-04-18 15:58:41.704,2026-04-18 19:02:41.704,11040000000000,11040000000000,184,Vivaan,Joshi,65,F,1961-09-09,Unknown,8105,Unknown,BOM - CCU,2026-01,2026-04-18
B1694,P1999,SJ102,2026-04-01 11:37:36.952,PENDING,24D,SpiceJet,MAA,CCU,2026-04-18 17:26:41.702,2026-04-18 18:58:41.702,5520000000000,5520000000000,92,Ananya,Pillai,14,F,2012-12-15,PAY1668,3525,CARD,MAA - CCU,2026-04,2026-04-18
B1694,P1999,SJ102,2026-04-01 11:37:36.952,PENDING,24D,SpiceJet,MAA,CCU,2026-04-18 17:26:41.702,2026-04-18 18:58:41.702,5520000000000,5520000000000,92,Ananya,Pillai,14,F,2012-12-15,PAY1837,3628,CARD,MAA - CCU,2026-04,2026-04-18
B1694,P1999,SJ102,2026-04-01 11:37:36.952,PENDING,24D,SpiceJet,MAA,CCU,2026-04-18 17:26:41.702,2026-04-18 18:58:41.702,5520000000000,5520000000000,92,AnanyaPillai,Unknown,14,F,2012-11-28,PAY1668,3525,CARD,MAA - CCU,2026-04,2026-04-18
B1694,P1999,SJ102,2026-04-01 11:37:36.952,PENDING,24D,SpiceJet,MAA,CCU,2026-04-18 17:26:41.702,2026-04-18 18:58:41.702,5520000000000,5520000000000,92,AnanyaPillai,Unknown,14,F,2012-11-28,PAY1837,3628,CARD,MAA - CCU,2026-04,2026-04-18
B1695,P1616,6F252,2026-04-13 11:37:36.952,CONFIRMED,4F,UNKNOWN,MAA,BLR,2026-04-18 14:25:41.701,2026-04-18 18:52:41.701,16020000000000,16020000000000,267,Anika,Kulkarni,56,M,1970-06-28,PAY1234,5970,NETBANKING,MAA - BLR,2026-04,2026-04-18
B1696,P1538,6F055,2025-11-28 11:37:36.952,PENDING,11C,IndiGo,DEL,CCU,2026-04-18 16:21:41.701,2026-04-18 18:49:41.701,8880000000000,8880000000000,148,Aditya,Mehta,9,F,2017-01-15,Unknown,8105,Unknown,DEL - CCU,2025-11,2026-04-18
B1697,P1738,AI204,2025-11-12 11:37:36.952,CANCELLED,34B,Air India,CCU,MAA,2026-04-18 13:40:41.703,2026-04-18 18:38:41.703,17880000000000,17880000000000,298,Ananya,Pillai,5,M,2021-09-08,Unknown,8105,Unknown,CCU - MAA,2025-11,2026-04-18
B1698,P1001,AI016,2026-02-02 11:37:36.952,CONFIRMED,31D,Air India,BOM,CCU,2026-04-18 14:15:41.701,2026-04-18 18:38:41.701,15780000000000,15780000000000,263,Krishna,Reddy,15,M,2011-03-07,PAY1598,8024,NETBANKING,BOM - CCU,2026-02,2026-04-18
B1699,P1870,AI209,2025-12-11 11:37:36.952,PENDING,15D,Air India,BLR,CCU,2026-04-18 17:25:41.703,2026-04-18 18:37:41.703,4320000000000,4320000000000,72,Reyansh,Patel,86,F,1940-07-28,PAY1451,8211,CARD,BLR - CCU,2025-12,2026-04-18
B1699,P1870,AI209,2025-12-11 11:37:36.952,PENDING,15D,Air India,BLR,CCU,2026-04-18 17:25:41.703,2026-04-18 18:37:41.703,4320000000000,4320000000000,72,Reyansh,Patel,86,F,1940-07-28,PAY1756,8105,NETBANKING,BLR - CCU,2025-12,2026-04-18
B1699,P1870,AI209,2025-12-11 11:37:36.952,PENDING,15D,Air India,BLR,CCU,2026-04-18 17:25:41.703,2026-04-18 18:37:41.703,4320000000000,4320000000000,72,Reyansh,Patel,86,F,1940-07-28,PAY1827,6149,NETBANKING,BLR - CCU,2025-12,2026-04-18
B1699,P1870,AI209,2025-12-11 11:37:36.952,PENDING,15D,Air India,BLR,CCU,2026-04-18 17:25:41.703,2026-04-18 18:37:41.703,4320000000000,4320000000000,72,Reyansh,Patel,86,F,1940-07-28,PAY1891,8785,NETBANKING,BLR - CCU,2025-12,2026-04-18
B1700,P1100,SJ211,2026-01-04 11:37:36.952,PENDING,14B,SpiceJet,MAA,BOM,2026-04-18 16:22:41.703,2026-04-18 18:34:41.703,7920000000000,7920000000000,132,Muhammad,Joshi,9,M,2017-05-02,PAY1443,6028,CARD,MAA - BOM,2026-01,2026-04-18
B1701,P1532,6F103,2025-10-16 11:37:36.952,CONFIRMED,13F,IndiGo,CCU,MAA,2026-04-18 15:37:41.702,2026-04-18 18:32:41.702,10500000000000,10500000000000,175,Diya,Banerjee,19,M,2007-09-24,Unknown,8105,Unknown,CCU - MAA,2025-10,2026-04-18
B1702,P1057,UK182,2025-04-22 11:37:36.952,CONFIRMED,31F,Vistara,HYD,CCU,2026-04-18 14:19:41.703,2026-04-18 18:25:41.703,14760000000000,14760000000000,246,Ishaan,Gupta,44,M,1982-08-16,PAY1088,13329,CARD,HYD - CCU,2025-04,2026-04-18
B1702,P1057,UK182,2025-04-22 11:37:36.952,CONFIRMED,31F,Vistara,HYD,CCU,2026-04-18 14:19:41.703,2026-04-18 18:25:41.703,14760000000000,14760000000000,246,Ishaan,Gupta,44,M,1982-08-16,PAY1361,8105,NETBANKING,HYD - CCU,2025-04,2026-04-18
B1703,P1388,6F264,2025-12-25 11:37:36.952,CANCELLED,19B,Unknown,DEL,HYD,2026-04-18 14:03:41.701,2026-04-18 18:23:41.701,15600000000000,15600000000000,260,Reyansh,Das,58,M,1968-02-17,PAY1120,5814,NETBANKING,DEL - HYD,2025-12,2026-04-18
B1703,P1388,6F264,2025-12-25 11:37:36.952,CANCELLED,19B,Unknown,DEL,HYD,2026-04-18 14:03:41.701,2026-04-18 18:23:41.701,15600000000000,15600000000000,260,Reyansh,Das,58,M,1968-02-17,PAY1690,6181,NETBANKING,DEL - HYD,2025-12,2026-04-18
B1704,P1691,6F027,2025-07-23 11:37:36.952,PENDING,29A,IndiGo,BLR,DEL,2026-04-18 16:52:41.701,2026-04-18 18:21:41.701,5340000000000,5340000000000,89,Vivaan,Agarwal,26,M,2000-08-16,PAY1731,13993,NETBANKING,BLR - DEL,2025-07,2026-04-18
B1705,P1940,UK198,2026-01-31 11:37:36.952,CANCELLED,3B,Vistara,DEL,BLR,2026-04-18 16:43:41.703,2026-04-18 18:18:41.703,5700000000000,5700000000000,95,Reyansh,Reddy,50,F,1976-07-23,PAY1165,1659,UPI,DEL - BLR,2026-01,2026-04-18
B1705,P1940,UK198,2026-01-31 11:37:36.952,CANCELLED,3B,Vistara,DEL,BLR,2026-04-18 16:43:41.703,2026-04-18 18:18:41.703,5700000000000,5700000000000,95,Reyansh,Reddy,50,F,1976-07-23,PAY1258,2090,CARD,DEL - BLR,2026-01,2026-04-18
B1705,P1940,UK198,2026-01-31 11:37:36.952,CANCELLED,3B,Vistara,DEL,BLR,2026-04-18 16:43:41.703,2026-04-18 18:18:41.703,5700000000000,5700000000000,95,Reyansh,Reddy,50,F,1976-07-23,PAY1652,10971,NETBANKING,DEL - BLR,2026-01,2026-04-18
B1705,P1940,UK198,2026-01-31 11:37:36.952,CANCELLED,3B,Vistara,DEL,BLR,2026-04-18 16:43:41.703,2026-04-18 18:18:41.703,5700000000000,5700000000000,95,Reyansh,Reddy,50,F,1976-07-23,PAY1698,6140,UPI,DEL - BLR,2026-01,2026-04-18
B1706,P1340,6F171,2025-09-07 11:37:36.952,CANCELLED,15C,IndiGo,DEL,BLR,2026-04-18 17:03:41.703,2026-04-18 18:12:41.703,4140000000000,4140000000000,69,Anika,Chatterjee,54,M,1972-06-12,Unknown,8105,Unknown,DEL - BLR,2025-09,2026-04-18
B1707,P1860,AI004,2025-07-05 11:37:36.952,CANCELLED,1B,Air India,HYD,MAA,2026-04-18 13:58:41.701,2026-04-18 18:12:41.701,15240000000000,15240000000000,254,Sara,Chatterjee,44,M,1982-06-01,Unknown,8105,Unknown,HYD - MAA,2025-07,2026-04-18
B1708,P1019,6F157,2025-11-22 11:37:36.952,CONFIRMED,3C,IndiGo,MAA,CCU,2026-04-18 16:37:41.703,2026-04-18 18:04:41.703,5220000000000,5220000000000,87,Diya,Patel,64,M,1962-06-10,Unknown,8105,Unknown,MAA - CCU,2025-11,2026-04-18
B1709,P1254,AI018,2025-10-03 11:37:36.952,CANCELLED,22B,Air India,BOM,CCU,2026-04-18 13:12:41.701,2026-04-18 18:04:41.701,17520000000000,17520000000000,292,Muhammad,Khan,2,F,2024-02-25,Unknown,8105,Unknown,BOM - CCU,2025-10,2026-04-18
B1710,P1316,UK098,2025-08-05 11:37:36.952,CONFIRMED,21E,Vistara,CCU,DEL,2026-04-18 13:38:41.702,2026-04-18 17:54:41.702,15360000000000,15360000000000,256,Aadhya,Khan,48,F,1978-10-08,PAY1625,12060,CARD,CCU - DEL,2025-08,2026-04-18
B1711,P1037,6F167,2026-01-29 11:37:36.952,Unknown,4C,IndiGo,BLR,BOM,2026-04-18 16:26:41.703,2026-04-18 17:50:41.703,5040000000000,5040000000000,84,Muhammad,Ghosh,51,M,1975-01-20,Unknown,8105,Unknown,BLR - BOM,2026-01,2026-04-18
B1712,P1659,AI228,2025-09-06 11:37:36.952,CANCELLED,17C,Air India,BLR,BOM,2026-04-18 13:16:41.703,2026-04-18 17:44:41.703,16080000000000,16080000000000,268,Riya,Mishra,60,F,1966-03-05,Unknown,8105,Unknown,BLR - BOM,2025-09,2026-04-18
B1713,P1536,SJ242,2025-08-31 11:37:36.952,CANCELLED,17D,SpiceJet,BLR,HYD,2026-04-18 14:55:41.704,2026-04-18 17:42:41.704,10020000000000,10020000000000,167,Riya,Nair,19,F,2007-08-25,Unknown,8105,Unknown,BLR - HYD,2025-08,2026-04-18
B1714,P1385,6F227,2025-12-11 11:37:36.952,PENDING,34C,IndiGo,MAA,BOM,2026-04-18 13:16:41.704,2026-04-18 17:41:41.704,15900000000000,15900000000000,265,Reyansh,Das,63,F,1963-01-03,PAY1322,5064,NETBANKING,MAA - BOM,2025-12,2026-04-18
B1715,P1632,6F037,2025-08-27 11:37:36.952,CANCELLED,20C,IndiGo,BOM,MAA,2026-04-18 14:51:41.701,2026-04-18 17:23:41.701,9120000000000,9120000000000,152,Ananya,Kulkarni,19,M,2007-09-23,Unknown,8105,Unknown,BOM - MAA,2025-08,2026-04-18
B1716,P1927,6F107,2025-12-22 11:37:36.952,PENDING,28A,IndiGo,CCU,BLR,2026-04-18 14:14:41.702,2026-04-18 17:14:42.000,10800298000000,10800298000000,180,Sai,Reddy,20,F,2006-03-17,Unknown,8105,Unknown,CCU - BLR,2025-12,2026-04-18
B1717,P1025,SJ125,2025-11-06 11:37:36.952,CANCELLED,14A,SpiceJet,DEL,BLR,2026-04-18 14:21:41.702,2026-04-18 16:55:41.702,9240000000000,9240000000000,154,Aarav,Chatterjee,22,M,2004-07-22,PAY1589,1220,NETBANKING,DEL - BLR,2025-11,2026-04-18
B1717,P1025,SJ125,2025-11-06 11:37:36.952,CANCELLED,14A,SpiceJet,DEL,BLR,2026-04-18 14:21:41.702,2026-04-18 16:55:41.702,9240000000000,9240000000000,154,Aarav,Chatterjee,22,M,2004-07-22,PAY1968,1188,UPI,DEL - BLR,2025-11,2026-04-18
B1718,P1453,UK117,2025-06-17 11:37:36.952,CANCELLED,9B,Vistara,BLR,BOM,2026-04-18 13:17:41.702,2026-04-18 16:54:41.702,13020000000000,13020000000000,217,Diya,Iyer,23,M,2003-09-22,PAY1574,7833,UPI,BLR - BOM,2025-06,2026-04-18
B1718,P1453,UK117,2025-06-17 11:37:36.952,CANCELLED,9B,Vistara,BLR,BOM,2026-04-18 13:17:41.702,2026-04-18 16:54:41.702,13020000000000,13020000000000,217,Diya,Iyer,23,M,2003-09-22,PAY1720,10479,UPI,BLR - BOM,2025-06,2026-04-18
B1719,P1680,6F192,2025-11-12 11:37:36.952,CANCELLED,29E,IndiGo,CCU,BLR,2026-04-18 12:20:41.703,2026-04-18 16:45:41.703,15900000000000,15900000000000,265,Ira,Iyer,66,M,1960-12-24,PAY1532,5781,UPI,CCU - BLR,2025-11,2026-04-18
B1720,P1322,AI201,2025-11-27 11:37:36.952,CANCELLED,27B,Air India,BLR,CCU,2026-04-18 15:19:41.703,2026-04-18 16:40:41.703,4860000000000,4860000000000,81,Krishna,Iyer,17,M,2009-05-16,PAY1823,5194,NETBANKING,BLR - CCU,2025-11,2026-04-18
B1721,P1736,SJ126,2026-03-25 11:37:36.952,PENDING,21A,SpiceJet,DEL,BLR,2026-04-18 13:47:41.702,2026-04-18 16:31:41.702,9840000000000,9840000000000,164,Aarav,Naidu,65,F,1961-05-05,Unknown,8105,Unknown,DEL - BLR,2026-03,2026-04-18
B1722,P1512,AI177,2026-02-10 11:37:36.952,PENDING,5E,Air India,CCU,HYD,2026-04-18 14:11:41.703,2026-04-18 16:26:41.703,8100000000000,8100000000000,135,Reyansh,Nair,49,M,1977-11-17,PAY1173,8105,CARD,CCU - HYD,2026-02,2026-04-18
B1723,P1818,AI092,2025-12-23 11:37:36.952,CANCELLED,26B,Air India,CCU,BOM,2026-04-18 13:36:41.702,2026-04-18 16:20:41.702,9840000000000,9840000000000,164,Aditya,Das,73,M,1953-01-05,Unknown,8105,Unknown,CCU - BOM,2025-12,2026-04-18
B1724,P1772,6F076,2025-10-10 11:37:36.952,CANCELLED,11D,IndiGo,CCU,HYD,2026-04-18 15:35:41.702,2026-04-18 16:20:41.702,2700000000000,2700000000000,45,Sai,Chatterjee,17,M,2009-09-04,PAY1051,10485,UPI,CCU - HYD,2025-10,2026-04-18
B1725,P1012,AI185,2025-04-29 11:37:36.952,PENDING,1E,Air India,CCU,BOM,2026-04-18 12:16:41.703,2026-04-18 16:18:41.703,14520000000000,14520000000000,242,Arjun,Patel,22,M,2004-03-24,PAY1213,8105,NETBANKING,CCU - BOM,2025-04,2026-04-18
B1726,P1914,AI055,2025-05-14 11:37:36.952,CONFIRMED,2B,Air India,CCU,BOM,2026-04-18 14:39:41.701,2026-04-18 16:18:41.701,5940000000000,5940000000000,99,Diya,Banerjee,79,M,1947-11-06,PAY1218,3305,NETBANKING,CCU - BOM,2025-05,2026-04-18
B1726,P1914,AI055,2025-05-14 11:37:36.952,CONFIRMED,2B,Air India,CCU,BOM,2026-04-18 14:39:41.701,2026-04-18 16:18:41.701,5940000000000,5940000000000,99,Diya,Banerjee,79,M,1947-11-06,PAY1585,7009,UPI,CCU - BOM,2025-05,2026-04-18
B1727,P1907,6F222,2026-03-15 11:37:36.952,CONFIRMED,27D,IndiGo,HYD,MAA,2026-04-18 14:01:41.704,2026-04-18 16:11:41.704,7800000000000,7800000000000,130,Sai,Sharma,4,F,2022-06-22,Unknown,8105,Unknown,HYD - MAA,2026-03,2026-04-18
B1728,P1559,AI090,2025-12-12 11:37:36.952,CONFIRMED,1C,Air India,MAA,CCU,2026-04-18 13:37:41.702,2026-04-18 16:11:41.702,9240000000000,9240000000000,154,Aditya,Khan,14,F,2012-04-03,PAY1402,7593,CARD,MAA - CCU,2025-12,2026-04-18
B1729,P1920,AI183,2025-06-03 11:37:36.952,PENDING,4F,Air India,DEL,CCU,2026-04-18 14:24:41.703,2026-04-18 16:06:41.703,6120000000000,6120000000000,102,Reyansh,Agarwal,44,F,1982-08-01,PAY1914,2726,NETBANKING,DEL - CCU,2025-06,2026-04-18
B1730,P1824,AI041,2025-04-29 11:37:36.952,PENDING,25F,Air India,BOM,BLR,2026-04-18 14:08:41.701,2026-04-18 15:59:41.701,6660000000000,6660000000000,111,Ira,Agarwal,48,M,1978-12-07,PAY1615,8105,NETBANKING,BOM - BLR,2025-04,2026-04-18
B1731,P1370,6F210,2025-07-12 11:37:36.952,CONFIRMED,25F,IndiGo,HYD,DEL,2026-04-18 11:51:41.703,2026-04-18 15:58:41.703,14820000000000,14820000000000,247,Myra,Nair,65,F,1961-04-03,PAY1287,1356,CARD,HYD - DEL,2025-07,2026-04-18
B1732,P1290,AI170,2026-01-15 11:37:36.952,CONFIRMED,3A,Air India,HYD,DEL,2026-04-18 11:27:41.703,2026-04-18 15:50:41.703,15780000000000,15780000000000,263,Aditya,Mishra,21,M,2005-12-24,PAY1510,7406,NETBANKING,HYD - DEL,2026-01,2026-04-18
B1733,P1331,SJ008,2026-04-16 11:37:36.952,CANCELLED,2E,SpiceJet,HYD,BLR,2026-04-18 10:53:41.701,2026-04-18 15:48:41.701,17700000000000,17700000000000,295,Aadhya,Naidu,60,F,1966-04-17,PAY1806,10833,CARD,HYD - BLR,2026-04,2026-04-18
B1733,P1331,SJ008,2026-04-16 11:37:36.952,CANCELLED,2E,SpiceJet,HYD,BLR,2026-04-18 10:53:41.701,2026-04-18 15:48:41.701,17700000000000,17700000000000,295,Aadhya,Naidu,60,F,1966-09-11,PAY1806,10833,CARD,HYD - BLR,2026-04,2026-04-18
B1734,P1605,AI049,2025-09-29 11:37:36.952,PENDING,27E,Air India,CCU,MAA,2026-04-18 13:35:41.701,2026-04-18 15:48:41.701,7980000000000,7980000000000,133,Anika,Kulkarni,58,M,1968-04-01,PAY1490,2973,CARD,CCU - MAA,2025-09,2026-04-18
B1735,P1260,SJ132,2025-05-12 11:37:36.952,PENDING,34E,SpiceJet,MAA,DEL,2026-04-18 14:44:41.702,2026-04-18 15:36:41.702,3120000000000,3120000000000,52,Ananya,Mishra,32,M,1994-01-13,PAY1646,10012,NETBANKING,MAA - DEL,2025-05,2026-04-18
B1736,P1993,SJ224,2026-01-26 11:37:36.952,CONFIRMED,28E,SpiceJet,DEL,MAA,2026-04-18 12:41:41.703,2026-04-18 15:33:41.703,10320000000000,10320000000000,172,Muhammad,Naidu,42,M,1984-10-02,PAY1020,6803,NETBANKING,DEL - MAA,2026-01,2026-04-18
B1736,P1993,SJ224,2026-01-26 11:37:36.952,CONFIRMED,28E,SpiceJet,DEL,MAA,2026-04-18 12:41:41.703,2026-04-18 15:33:41.703,10320000000000,10320000000000,172,Muhammad,Naidu,42,M,1984-10-02,PAY1446,1788,CARD,DEL - MAA,2026-01,2026-04-18
B1737,P1789,UK038,2025-06-11 11:37:36.952,CONFIRMED,1E,Vistara,MAA,CCU,2026-04-18 12:22:41.701,2026-04-18 15:31:41.701,11340000000000,11340000000000,189,Anika,Ghosh,4,M,2022-07-12,PAY1617,12049,CARD,MAA - CCU,2025-06,2026-04-18
B1738,P1870,SJ220,2025-08-14 11:37:36.952,PENDING,27B,SpiceJet,BOM,CCU,2026-04-18 13:45:41.703,2026-04-18 15:21:41.703,5760000000000,5760000000000,96,Reyansh,Patel,86,F,1940-07-28,PAY1001,8458,NETBANKING,BOM - CCU,2025-08,2026-04-18
B1738,P1870,SJ220,2025-08-14 11:37:36.952,PENDING,27B,SpiceJet,BOM,CCU,2026-04-18 13:45:41.703,2026-04-18 15:21:41.703,5760000000000,5760000000000,96,Reyansh,Patel,86,F,1940-07-28,PAY1150,7205,CARD,BOM - CCU,2025-08,2026-04-18
B1738,P1870,SJ220,2025-08-14 11:37:36.952,PENDING,27B,SpiceJet,BOM,CCU,2026-04-18 13:45:41.703,2026-04-18 15:21:41.703,5760000000000,5760000000000,96,Reyansh,Patel,86,F,1940-07-28,PAY1978,10341,NETBANKING,BOM - CCU,2025-08,2026-04-18
B1739,P1204,6F124,2025-06-29 11:37:36.952,CANCELLED,34F,IndiGo,BLR,BOM,2026-04-18 10:47:41.702,2026-04-18 15:21:41.702,16440000000000,16440000000000,274,Shaurya,Sharma,87,M,1939-04-05,PAY1944,8263,UPI,BLR - BOM,2025-06,2026-04-18
B1740,P1696,SJ164,2025-11-16 11:37:36.952,CONFIRMED,14D,SpiceJet,CCU,MAA,2026-04-18 13:14:41.703,2026-04-18 15:14:42.000,7200297000000,7200297000000,120,Riya,Sharma,27,M,1999-06-25,Unknown,8105,Unknown,CCU - MAA,2025-11,2026-04-18
B1741,P1686,AI026,2025-05-18 11:37:36.952,PENDING,18E,Air India,DEL,BOM,2026-04-18 14:14:41.701,2026-04-18 15:13:41.701,3540000000000,3540000000000,59,Ishaan,Khan,65,M,1961-11-28,PAY1343,4483,UPI,DEL - BOM,2025-05,2026-04-18
B1742,P1949,6F144,2025-09-14 11:37:36.952,PENDING,16D,IndiGo,HYD,BOM,2026-04-18 11:56:41.702,2026-04-18 15:11:41.702,11700000000000,11700000000000,195,Saanvi,Ghosh,2,M,2024-04-06,Unknown,8105,Unknown,HYD - BOM,2025-09,2026-04-18
B1743,P1386,6F137,2025-11-21 11:37:36.952,INVALID,6F,IndiGo,CCU,DEL,2026-04-18 10:45:41.702,2026-04-18 15:01:41.702,15360000000000,15360000000000,256,Riya,Gupta,62,F,1964-09-14,PAY1295,4062,NETBANKING,CCU - DEL,2025-11,2026-04-18
B1744,P1891,UK139,2025-09-05 11:37:36.952,CANCELLED,10A,Unknown,BLR,MAA,2026-04-18 10:54:41.703,2026-04-18 14:31:41.703,13020000000000,13020000000000,217,Shaurya,Banerjee,4,F,2022-06-06,PAY1289,9225,CARD,BLR - MAA,2025-09,2026-04-18
B1745,P1820,UK139,2025-05-20 11:37:36.952,CONFIRMED,27B,Unknown,BLR,MAA,2026-04-18 10:54:41.703,2026-04-18 14:31:41.703,13020000000000,13020000000000,217,Myra,Banerjee,47,F,1979-07-20,PAY1396,10889,NETBANKING,BLR - MAA,2025-05,2026-04-18
B1746,P1467,SJ140,2025-08-31 11:37:36.952,CONFIRMED,34D,UNKNOWN,HYD,DEL,2026-04-18 10:42:41.702,2026-04-18 14:30:41.702,13680000000000,13680000000000,228,Ishaan,Sharma,2,M,2024-08-14,Unknown,8105,Unknown,HYD - DEL,2025-08,2026-04-18
B1747,P1414,6F131,2025-04-20 11:37:36.952,CONFIRMED,9F,IndiGo,BLR,HYD,2026-04-18 10:22:41.702,2026-04-18 14:20:41.702,14280000000000,14280000000000,238,Muhammad,Singh,19,M,2007-03-19,Unknown,8105,Unknown,BLR - HYD,2025-04,2026-04-18
B1748,P1068,UK128,2025-11-15 11:37:36.952,PENDING,9A,Vistara,BOM,CCU,2026-04-18 11:22:41.702,2026-04-18 14:11:41.702,10140000000000,10140000000000,169,Sai,Banerjee,54,M,1972-02-05,PAY1636,13171,UPI,BOM - CCU,2025-11,2026-04-18
B1749,P1471,SJ219,2026-02-19 11:37:36.952,CONFIRMED,23D,SpiceJet,BOM,DEL,2026-04-18 09:32:41.703,2026-04-18 14:09:41.703,16620000000000,16620000000000,277,Anika,Iyer,12,F,2014-09-23,Unknown,8105,Unknown,BOM - DEL,2026-02,2026-04-18
B1750,P1103,SJ159,2025-09-21 11:37:36.952,PENDING,33D,SpiceJet,CCU,DEL,2026-04-18 12:22:41.703,2026-04-18 14:05:41.703,6180000000000,6180000000000,103,Ishaan,Banerjee,8,M,2018-10-18,Unknown,8105,Unknown,CCU - DEL,2025-09,2026-04-18
B1751,P1757,UK192,2025-09-19 11:37:36.952,CONFIRMED,17E,Vistara,HYD,DEL,2026-04-18 12:54:41.703,2026-04-18 13:54:42.000,3600297000000,3600297000000,60,Anika,Ghosh,63,M,1963-07-11,PAY1410,14392,UPI,HYD - DEL,2025-09,2026-04-18
B1752,P1160,AI014,2025-08-13 11:37:36.952,CANCELLED,34F,Air India,HYD,MAA,2026-04-18 10:24:41.701,2026-04-18 13:51:41.701,12420000000000,12420000000000,207,Ananya,Joshi,62,F,1964-09-03,Unknown,8105,Unknown,HYD - MAA,2025-08,2026-04-18
B1753,P1199,SJ152,2025-08-08 11:37:36.952,CANCELLED,5C,SpiceJet,BOM,DEL,2026-04-18 12:09:41.702,2026-04-18 13:50:41.702,6060000000000,6060000000000,101,Aditya,Pillai,81,F,1945-03-23,PAY1670,4017,UPI,BOM - DEL,2025-08,2026-04-18
B1754,P1215,SJ060,2026-02-11 11:37:36.952,PENDING,3C,SpiceJet,HYD,CCU,2026-04-18 08:51:41.701,2026-04-18 13:46:41.701,17700000000000,17700000000000,295,Ira,Naidu,75,M,1951-08-01,PAY1741,12013,UPI,HYD - CCU,2026-02,2026-04-18
B1755,P1945,AI127,2026-02-17 11:37:36.952,CANCELLED,10F,Air India,DEL,HYD,2026-04-18 10:37:41.702,2026-04-18 13:45:41.702,11280000000000,11280000000000,188,Riya,Verma,44,M,1982-11-27,PAY1028,4760,CARD,DEL - HYD,2026-02,2026-04-18
B1756,P1211,SJ096,2026-01-27 11:37:36.952,PENDING,11F,UNKNOWN,DEL,HYD,2026-04-18 10:29:41.702,2026-04-18 13:45:41.702,11760000000000,11760000000000,196,Ishaan,Agarwal,70,F,1956-01-17,PAY1677,8105,NETBANKING,DEL - HYD,2026-01,2026-04-18
B1757,P1507,AI215,2025-04-24 11:37:36.952,PENDING,22B,Air India,BLR,DEL,2026-04-18 12:07:41.703,2026-04-18 13:43:41.703,5760000000000,5760000000000,96,Ananya,Khan,36,F,1990-10-21,PAY1630,1608,CARD,BLR - DEL,2025-04,2026-04-18
B1758,P1015,UK009,2026-02-28 11:37:36.952,CANCELLED,26B,Vistara,BOM,DEL,2026-04-18 11:34:41.701,2026-04-18 13:41:41.701,7620000000000,7620000000000,127,Aadhya,Verma,88,F,1938-05-26,PAY1502,8261,NETBANKING,BOM - DEL,2026-02,2026-04-18
B1759,P1497,AI171,2025-10-26 11:37:36.952,PENDING,16F,Air India,MAA,BLR,2026-04-18 10:51:41.703,2026-04-18 13:34:41.703,9780000000000,9780000000000,163,Ishaan,Naidu,74,M,1952-08-20,PAY1619,2657,UPI,MAA - BLR,2025-10,2026-04-18
B1759,P1497,AI171,2025-10-26 11:37:36.952,PENDING,16F,Air India,MAA,BLR,2026-04-18 10:51:41.703,2026-04-18 13:34:41.703,9780000000000,9780000000000,163,Ishaan,Naidu,74,M,1952-08-20,PAY1820,8269,UPI,MAA - BLR,2025-10,2026-04-18
B1760,P1883,UK151,2026-01-14 11:37:36.952,CANCELLED,31B,Unknown,BOM,CCU,2026-04-18 10:11:41.703,2026-04-18 13:30:41.703,11940000000000,11940000000000,199,Riya,Chatterjee,59,M,1967-02-28,PAY1070,12133,NETBANKING,BOM - CCU,2026-01,2026-04-18
B1761,P1331,AI099,2025-05-22 11:37:36.952,CONFIRMED,15A,Air India,BLR,BOM,2026-04-18 11:07:41.702,2026-04-18 13:29:41.702,8520000000000,8520000000000,142,Aadhya,Naidu,60,F,1966-04-17,PAY1158,13917,UPI,BLR - BOM,2025-05,2026-04-18
B1761,P1331,AI099,2025-05-22 11:37:36.952,CONFIRMED,15A,Air India,BLR,BOM,2026-04-18 11:07:41.702,2026-04-18 13:29:41.702,8520000000000,8520000000000,142,Aadhya,Naidu,60,F,1966-04-17,PAY1293,5266,NETBANKING,BLR - BOM,2025-05,2026-04-18
B1761,P1331,AI099,2025-05-22 11:37:36.952,CONFIRMED,15A,Air India,BLR,BOM,2026-04-18 11:07:41.702,2026-04-18 13:29:41.702,8520000000000,8520000000000,142,Aadhya,Naidu,60,F,1966-04-17,PAY1420,12084,CARD,BLR - BOM,2025-05,2026-04-18
B1761,P1331,AI099,2025-05-22 11:37:36.952,CONFIRMED,15A,Air India,BLR,BOM,2026-04-18 11:07:41.702,2026-04-18 13:29:41.702,8520000000000,8520000000000,142,Aadhya,Naidu,60,F,1966-04-17,PAY1846,4406,NETBANKING,BLR - BOM,2025-05,2026-04-18
B1761,P1331,AI099,2025-05-22 11:37:36.952,CONFIRMED,15A,Air India,BLR,BOM,2026-04-18 11:07:41.702,2026-04-18 13:29:41.702,8520000000000,8520000000000,142,Aadhya,Naidu,60,F,1966-09-11,PAY1158,13917,UPI,BLR - BOM,2025-05,2026-04-18
B1761,P1331,AI099,2025-05-22 11:37:36.952,CONFIRMED,15A,Air India,BLR,BOM,2026-04-18 11:07:41.702,2026-04-18 13:29:41.702,8520000000000,8520000000000,142,Aadhya,Naidu,60,F,1966-09-11,PAY1293,5266,NETBANKING,BLR - BOM,2025-05,2026-04-18
B1761,P1331,AI099,2025-05-22 11:37:36.952,CONFIRMED,15A,Air India,BLR,BOM,2026-04-18 11:07:41.702,2026-04-18 13:29:41.702,8520000000000,8520000000000,142,Aadhya,Naidu,60,F,1966-09-11,PAY1420,12084,CARD,BLR - BOM,2025-05,2026-04-18
B1761,P1331,AI099,2025-05-22 11:37:36.952,CONFIRMED,15A,Air India,BLR,BOM,2026-04-18 11:07:41.702,2026-04-18 13:29:41.702,8520000000000,8520000000000,142,Aadhya,Naidu,60,F,1966-09-11,PAY1846,4406,NETBANKING,BLR - BOM,2025-05,2026-04-18
B1762,P1716,UK050,2025-06-04 11:37:36.952,CONFIRMED,32B,Vistara,BOM,DEL,2026-04-18 12:39:41.701,2026-04-18 13:18:41.701,2340000000000,2340000000000,39,Shaurya,Mehta,85,F,1941-09-19,PAY1292,2987,UPI,BOM - DEL,2025-06,2026-04-18
B1762,P1716,UK050,2025-06-04 11:37:36.952,CONFIRMED,32B,Vistara,BOM,DEL,2026-04-18 12:39:41.701,2026-04-18 13:18:41.701,2340000000000,2340000000000,39,Shaurya,Mehta,85,F,1941-09-19,PAY1374,10910,NETBANKING,BOM - DEL,2025-06,2026-04-18
B1763,P1876,UK092,2025-10-06 11:37:36.952,CANCELLED,3B,Vistara,MAA,BLR,2026-04-18 11:42:41.702,2026-04-18 13:17:41.702,5700000000000,5700000000000,95,Arjun,Ghosh,41,M,1985-11-09,PAY1488,8105,CARD,MAA - BLR,2025-10,2026-04-18
B1764,P1550,SJ058,2025-06-20 11:37:36.952,CANCELLED,13B,SpiceJet,DEL,HYD,2026-04-18 08:58:41.701,2026-04-18 13:14:41.701,15360000000000,15360000000000,256,Ira,Agarwal,53,F,1973-10-06,PAY1624,10528,NETBANKING,DEL - HYD,2025-06,2026-04-18
B1765,P1600,SJ090,2025-12-21 11:37:36.952,CANCELLED,1C,SpiceJet,HYD,MAA,2026-04-18 10:24:41.702,2026-04-18 13:11:41.702,10020000000000,10020000000000,167,Sara,Agarwal,19,F,2007-11-28,PAY1057,10025,UPI,HYD - MAA,2025-12,2026-04-18
B1765,P1600,SJ090,2025-12-21 11:37:36.952,CANCELLED,1C,SpiceJet,HYD,MAA,2026-04-18 10:24:41.702,2026-04-18 13:11:41.702,10020000000000,10020000000000,167,Sara,Agarwal,19,F,2007-11-28,PAY1399,13900,NETBANKING,HYD - MAA,2025-12,2026-04-18
B1766,P1941,6F173,2025-09-07 11:37:36.952,CANCELLED,1F,IndiGo,BOM,CCU,2026-04-18 12:19:41.703,2026-04-18 13:08:41.703,2940000000000,2940000000000,49,Riya,Naidu,10,M,2016-09-06,Unknown,8105,Unknown,BOM - CCU,2025-09,2026-04-18
B1767,P1255,AI186,2025-11-19 11:37:36.952,CONFIRMED,6D,Air India,DEL,BOM,2026-04-18 11:11:41.703,2026-04-18 13:05:41.703,6840000000000,6840000000000,114,Aadhya,Chatterjee,1,M,2025-05-20,PAY1037,5997,UPI,DEL - BOM,2025-11,2026-04-18
B1767,P1255,AI186,2025-11-19 11:37:36.952,CONFIRMED,6D,Air India,DEL,BOM,2026-04-18 11:11:41.703,2026-04-18 13:05:41.703,6840000000000,6840000000000,114,Aadhya,Chatterjee,1,M,2025-05-20,PAY1536,4465,UPI,DEL - BOM,2025-11,2026-04-18
B1768,P1991,AI130,2026-03-23 11:37:36.952,PENDING,13C,Air India,BOM,BLR,2026-04-18 10:18:41.702,2026-04-18 12:59:41.702,9660000000000,9660000000000,161,Aarav,Sharma,4,F,2022-07-24,PAY1939,2836,NETBANKING,BOM - BLR,2026-03,2026-04-18
B1768,P1991,AI130,2026-03-23 11:37:36.952,PENDING,13C,Air India,BOM,BLR,2026-04-18 10:18:41.702,2026-04-18 12:59:41.702,9660000000000,9660000000000,161,Aarav,Shhharma,4,F,2022-11-17,PAY1939,2836,NETBANKING,BOM - BLR,2026-03,2026-04-18
B1769,P1765,SJ111,2025-11-23 11:37:36.952,INVALID,6F,SpiceJet,DEL,MAA,2026-04-18 11:47:41.702,2026-04-18 12:59:41.702,4320000000000,4320000000000,72,Saanvi,Gupta,5,F,2021-12-06,PAY1804,1169,CARD,DEL - MAA,2025-11,2026-04-18
B1769,P1765,SJ111,2025-11-23 11:37:36.952,INVALID,6F,SpiceJet,DEL,MAA,2026-04-18 11:47:41.702,2026-04-18 12:59:41.702,4320000000000,4320000000000,72,Saanvi,Gupta,5,F,2021-12-06,PAY1861,1296,UPI,DEL - MAA,2025-11,2026-04-18
B1770,P1727,6F203,2025-08-04 11:37:36.952,CONFIRMED,8D,IndiGo,BLR,HYD,2026-04-18 11:05:41.703,2026-04-18 12:56:41.703,6660000000000,6660000000000,111,Aadhya,das,34,M,1992-11-27,Unknown,8105,Unknown,BLR - HYD,2025-08,2026-04-18
B1770,P1727,6F203,2025-08-04 11:37:36.952,CONFIRMED,8D,IndiGo,BLR,HYD,2026-04-18 11:05:41.703,2026-04-18 12:56:41.703,6660000000000,6660000000000,111,Aadhya,Das,34,M,1992-04-07,Unknown,8105,Unknown,BLR - HYD,2025-08,2026-04-18
B1771,P1879,6F138,2025-05-24 11:37:36.952,PENDING,1F,IndiGo,HYD,BLR,2026-04-18 09:49:41.702,2026-04-18 12:53:41.702,11040000000000,11040000000000,184,Arjun,Kulkarni,26,F,2000-08-26,PAY1943,6762,NETBANKING,HYD - BLR,2025-05,2026-04-18
B1772,P1814,6F109,2025-08-29 11:37:36.952,Unknown,10B,IndiGo,BLR,BOM,2026-04-18 12:00:41.702,2026-04-18 12:51:41.702,3060000000000,3060000000000,51,Reyansh,Pillai,49,F,1977-09-22,Unknown,8105,Unknown,BLR - BOM,2025-08,2026-04-18
B1773,P1171,AI074,2026-01-01 11:37:36.952,PENDING,16E,Air India,CCU,BOM,2026-04-18 12:03:41.702,2026-04-18 12:50:41.702,2820000000000,2820000000000,47,Ishaan,Banerjee,62,M,1964-12-20,PAY1176,11699,NETBANKING,CCU - BOM,2026-01,2026-04-18
B1774,P1648,UK161,2026-01-07 11:37:36.952,CANCELLED,1B,Vistara,BLR,BOM,2026-04-18 10:05:41.703,2026-04-18 12:48:41.703,9780000000000,9780000000000,163,Arjun,Agarwal,12,M,2014-07-16,Unknown,8105,Unknown,BLR - BOM,2026-01,2026-04-18
B1775,P1999,AI008,2025-06-19 11:37:36.952,CANCELLED,14B,Air India,BOM,CCU,2026-04-18 10:43:41.701,2026-04-18 12:43:42.000,7200299000000,7200299000000,120,Ananya,Pillai,14,F,2012-12-15,PAY1442,13186,UPI,BOM - CCU,2025-06,2026-04-18
B1775,P1999,AI008,2025-06-19 11:37:36.952,CANCELLED,14B,Air India,BOM,CCU,2026-04-18 10:43:41.701,2026-04-18 12:43:42.000,7200299000000,7200299000000,120,AnanyaPillai,Unknown,14,F,2012-11-28,PAY1442,13186,UPI,BOM - CCU,2025-06,2026-04-18
B1776,P1497,UK121,2025-12-27 11:37:36.952,CANCELLED,17A,Vistara,BLR,BOM,2026-04-18 08:36:41.702,2026-04-18 12:36:41.702,14400000000000,14400000000000,240,Ishaan,Naidu,74,M,1952-08-20,PAY1632,8386,CARD,BLR - BOM,2025-12,2026-04-18
B1776,P1497,UK121,2025-12-27 11:37:36.952,CANCELLED,17A,Vistara,BLR,BOM,2026-04-18 08:36:41.702,2026-04-18 12:36:41.702,14400000000000,14400000000000,240,Ishaan,Naidu,74,M,1952-08-20,PAY1703,8306,UPI,BLR - BOM,2025-12,2026-04-18
B1777,P1470,6F154,2025-04-26 11:37:36.952,CONFIRMED,11A,IndiGo,CCU,DEL,2026-04-18 11:26:41.703,2026-04-18 12:23:41.703,3420000000000,3420000000000,57,Myra,Kulkarni,24,M,2002-12-01,PAY1270,9927,UPI,CCU - DEL,2025-04,2026-04-18
B1778,P1383,6F161,2025-08-01 11:37:36.952,CONFIRMED,10D,IndiGo,MAA,DEL,2026-04-18 11:24:41.703,2026-04-18 12:21:41.703,3420000000000,3420000000000,57,Arjun,Nair,25,M,2001-06-18,Unknown,8105,Unknown,MAA - DEL,2025-08,2026-04-18
B1779,P1689,6F153,2026-02-01 11:37:36.952,PENDING,22B,IndiGo,CCU,BLR,2026-04-18 08:23:41.703,2026-04-18 12:20:41.703,14220000000000,14220000000000,237,Ira,Patel,11,F,2015-03-25,PAY1405,8877,UPI,CCU - BLR,2026-02,2026-04-18
B1780,P1588,6F225,2026-02-10 11:37:36.952,PENDING,11B,IndiGo,HYD,CCU,2026-04-18 07:33:41.704,2026-04-18 12:12:41.704,16740000000000,16740000000000,279,Sara,Singh,71,M,1955-07-04,Unknown,8105,Unknown,HYD - CCU,2026-02,2026-04-18
B1781,P1699,AI191,2026-02-09 11:37:36.952,PENDING,18C,Air India,BLR,MAA,2026-04-18 07:57:41.703,2026-04-18 11:58:41.703,14460000000000,14460000000000,241,Vivaan,Agarwal,33,M,1993-03-22,Unknown,8105,Unknown,BLR - MAA,2026-02,2026-04-18
B1782,P1506,AI218,2025-08-18 11:37:36.952,CONFIRMED,25F,Air India,BOM,CCU,2026-04-18 08:55:41.703,2026-04-18 11:55:41.703,10800000000000,10800000000000,180,Diya,Ghosh,21,F,2005-05-14,PAY1511,4756,NETBANKING,BOM - CCU,2025-08,2026-04-18
B1783,P1991,6F267,2025-09-28 11:37:36.952,PENDING,25D,UNKNOWN,DEL,MAA,2026-04-18 07:56:41.703,2026-04-18 11:49:41.703,13980000000000,13980000000000,233,Aarav,Sharma,4,F,2022-07-24,PAY1556,8202,NETBANKING,DEL - MAA,2025-09,2026-04-18
B1783,P1991,6F267,2025-09-28 11:37:36.952,PENDING,25D,UNKNOWN,DEL,MAA,2026-04-18 07:56:41.703,2026-04-18 11:49:41.703,13980000000000,13980000000000,233,Aarav,Shhharma,4,F,2022-11-17,PAY1556,8202,NETBANKING,DEL - MAA,2025-09,2026-04-18
B1784,P1526,UK125,2025-08-20 11:37:36.952,CANCELLED,1B,Vistara,HYD,BOM,2026-04-18 06:58:41.702,2026-04-18 11:44:41.702,17160000000000,17160000000000,286,Saanvi,Singh,62,M,1964-05-02,PAY1562,1578,UPI,HYD - BOM,2025-08,2026-04-18
B1785,P1803,6F208,2025-08-19 11:37:36.952,PENDING,1B,IndiGo,CCU,BOM,2026-04-18 08:27:41.703,2026-04-18 11:34:41.703,11220000000000,11220000000000,187,Krishna,Singh,82,F,1944-01-03,PAY1265,2489,UPI,CCU - BOM,2025-08,2026-04-18
B1786,P1830,6F119,2026-02-12 11:37:36.952,CANCELLED,26B,IndiGo,DEL,BOM,2026-04-18 09:19:41.702,2026-04-18 11:33:41.702,8040000000000,8040000000000,134,Myra,Joshi,8,M,2018-12-26,PAY1977,14801,CARD,DEL - BOM,2026-02,2026-04-18
B1787,P1324,AI063,2025-07-11 11:37:36.952,CONFIRMED,1E,Air India,HYD,BLR,2026-04-18 07:03:41.701,2026-04-18 11:26:41.701,15780000000000,15780000000000,263,Saanvi,Naidu,30,F,1996-06-21,PAY1040,4567,CARD,HYD - BLR,2025-07,2026-04-18
B1787,P1324,AI063,2025-07-11 11:37:36.952,CONFIRMED,1E,Air India,HYD,BLR,2026-04-18 07:03:41.701,2026-04-18 11:26:41.701,15780000000000,15780000000000,263,Saanvi,Naidu,30,F,1996-06-21,PAY1203,6253,UPI,HYD - BLR,2025-07,2026-04-18
B1787,P1324,AI063,2025-07-11 11:37:36.952,CONFIRMED,1E,Air India,HYD,BLR,2026-04-18 07:03:41.701,2026-04-18 11:26:41.701,15780000000000,15780000000000,263,Saanvi,Naidu,30,F,1996-06-21,PAY1869,2510,CARD,HYD - BLR,2025-07,2026-04-18
B1788,P1213,UK016,2025-06-05 11:37:36.952,CANCELLED,2B,Vistara,DEL,CCU,2026-04-18 10:42:41.701,2026-04-18 11:22:41.701,2400000000000,2400000000000,40,Sai,Pillai,68,F,1958-12-18,Unknown,8105,Unknown,DEL - CCU,2025-06,2026-04-18
B1789,P1207,6F048,2026-01-13 11:37:36.952,CANCELLED,30F,IndiGo,HYD,DEL,2026-04-18 10:27:41.701,2026-04-18 11:18:41.701,3060000000000,3060000000000,51,Sai,Ghosh,2,F,2024-03-14,PAY1650,11758,NETBANKING,HYD - DEL,2026-01,2026-04-18
B1790,P1168,6F266,2025-04-23 11:37:36.952,CANCELLED,28A,UNKNOWN,CCU,MAA,2026-04-18 09:49:41.703,2026-04-18 11:17:41.703,5280000000000,5280000000000,88,Myra,Agarwal,62,F,1964-08-25,PAY1144,1700,CARD,CCU - MAA,2025-04,2026-04-18
B1790,P1168,6F266,2025-04-23 11:37:36.952,CANCELLED,28A,UNKNOWN,CCU,MAA,2026-04-18 09:49:41.703,2026-04-18 11:17:41.703,5280000000000,5280000000000,88,Myra,Agarwal,62,F,1964-08-25,PAY1425,3271,CARD,CCU - MAA,2025-04,2026-04-18
B1791,P1329,AI167,2026-02-24 11:37:36.952,CONFIRMED,3C,Air India,BLR,DEL,2026-04-18 06:43:41.703,2026-04-18 11:10:41.703,16020000000000,16020000000000,267,Arjun,Sharma,46,F,1980-12-19,Unknown,8105,Unknown,BLR - DEL,2026-02,2026-04-18
B1792,P1279,6F165,2026-01-17 11:37:36.952,CONFIRMED,8E,IndiGo,BLR,BOM,2026-04-18 10:11:41.703,2026-04-18 11:09:41.703,3480000000000,3480000000000,58,Ira,Reddy,82,M,1944-02-13,Unknown,8105,Unknown,BLR - BOM,2026-01,2026-04-18
B1793,P1977,SJ104,2025-11-25 11:37:36.952,CONFIRMED,14C,SpiceJet,HYD,DEL,2026-04-18 10:00:41.702,2026-04-18 11:00:42.000,3600298000000,3600298000000,60,Shaurya,Joshi,64,M,1962-08-20,PAY1294,12515,NETBANKING,HYD - DEL,2025-11,2026-04-18
B1794,P1304,UK160,2025-06-26 11:37:36.952,CONFIRMED,8D,Vistara,BLR,BOM,2026-04-18 06:42:41.703,2026-04-18 10:58:41.703,15360000000000,15360000000000,256,Myra,Khan,38,F,1988-11-07,Unknown,8105,Unknown,BLR - BOM,2025-06,2026-04-18
B1795,P1145,UK160,2026-03-21 11:37:36.952,PENDING,9C,Vistara,BLR,BOM,2026-04-18 06:42:41.703,2026-04-18 10:58:41.703,15360000000000,15360000000000,256,Ananya,Pillai,4,F,2022-08-28,PAY1045,11715,CARD,BLR - BOM,2026-03,2026-04-18
B1796,P1774,SJ230,2025-11-28 11:37:36.952,CONFIRMED,9B,SpiceJet,BOM,CCU,2026-04-18 06:22:41.704,2026-04-18 10:57:41.704,16500000000000,16500000000000,275,Aditya,Ghosh,88,F,1938-04-27,Unknown,8105,Unknown,BOM - CCU,2025-11,2026-04-18
B1797,P1515,AI042,2025-06-03 11:37:36.952,CANCELLED,1A,Air India,CCU,DEL,2026-04-18 09:53:41.701,2026-04-18 10:57:41.701,3840000000000,3840000000000,64,Ishaan,Iyer,24,M,2002-07-02,Unknown,8105,Unknown,CCU - DEL,2025-06,2026-04-18
B1798,P1089,UK197,2025-05-16 11:37:36.952,CONFIRMED,23E,Vistara,BLR,HYD,2026-04-18 09:22:41.703,2026-04-18 10:54:41.703,5520000000000,5520000000000,92,Ishaan,Mishra,24,M,2002-07-28,PAY1018,8105,CARD,BLR - HYD,2025-05,2026-04-18
B1798,P1089,UK197,2025-05-16 11:37:36.952,CONFIRMED,23E,Vistara,BLR,HYD,2026-04-18 09:22:41.703,2026-04-18 10:54:41.703,5520000000000,5520000000000,92,Ishaan,Mishra,24,M,2002-07-28,PAY1535,14794,UPI,BLR - HYD,2025-05,2026-04-18
B1799,P1452,AI107,2026-02-05 11:37:36.952,PENDING,16E,Air India,HYD,CCU,2026-04-18 10:03:41.702,2026-04-18 10:49:41.702,2760000000000,2760000000000,46,Aadhya,Naidu,33,F,1993-09-11,Unknown,8105,Unknown,HYD - CCU,2026-02,2026-04-18
B1800,P1059,SJ128,2025-08-22 11:37:36.952,PENDING,7F,SpiceJet,CCU,BLR,2026-04-18 07:39:41.702,2026-04-18 10:42:41.702,10980000000000,10980000000000,183,Ishaan,Banerjee,47,F,1979-10-13,PAY1335,4479,NETBANKING,CCU - BLR,2025-08,2026-04-18
B1801,P1310,6F121,2026-04-14 11:37:36.952,PENDING,34F,IndiGo,HYD,MAA,2026-04-18 05:44:41.702,2026-04-18 10:42:41.702,17880000000000,17880000000000,298,Aarav,Singh,21,F,2005-02-06,Unknown,8105,Unknown,HYD - MAA,2026-04,2026-04-18
B1802,P1527,AI111,2025-06-30 11:37:36.952,INVALID,16B,Air India,MAA,CCU,2026-04-18 07:40:41.702,2026-04-18 10:39:41.702,10740000000000,10740000000000,179,Ananya,Mehta,84,F,1942-11-09,PAY1054,2073,UPI,MAA - CCU,2025-06,2026-04-18
B1803,P1226,SJ137,2026-02-21 11:37:36.952,CONFIRMED,24F,SpiceJet,CCU,DEL,2026-04-18 06:08:41.702,2026-04-18 10:14:41.702,14760000000000,14760000000000,246,Kavya,Chatterjee,59,F,1967-12-16,PAY1965,5663,UPI,CCU - DEL,2026-02,2026-04-18
B1804,P1473,AI232,2025-11-12 11:37:36.952,CONFIRMED,1F,Air India,DEL,BLR,2026-04-18 06:43:41.704,2026-04-18 10:13:41.704,12600000000000,12600000000000,210,Vivaan,Singh,35,M,1991-01-13,PAY1881,9496,UPI,DEL - BLR,2025-11,2026-04-18
B1805,P1977,SJ113,2025-10-26 11:37:36.952,CONFIRMED,14B,SpiceJet,BLR,BOM,2026-04-18 08:10:41.702,2026-04-18 10:10:42.000,7200298000000,7200298000000,120,Shaurya,Joshi,64,M,1962-08-20,PAY1220,8105,CARD,BLR - BOM,2025-10,2026-04-18
B1806,P1540,AI117,2025-08-02 11:37:36.952,CANCELLED,17A,Air India,HYD,BLR,2026-04-18 08:18:41.702,2026-04-18 10:09:41.702,6660000000000,6660000000000,111,Kavya,Khan,28,F,1998-03-26,PAY1686,14489,NETBANKING,HYD - BLR,2025-08,2026-04-18
B1807,P1662,6F185,2025-06-28 11:37:36.952,CANCELLED,12C,IndiGo,CCU,DEL,2026-04-18 07:49:41.703,2026-04-18 10:08:41.703,8340000000000,8340000000000,139,Ira,Verma,41,F,1985-03-23,PAY1188,1760,UPI,CCU - DEL,2025-06,2026-04-18
B1808,P1756,AI194,2026-01-26 11:37:36.952,PENDING,3B,Air India,MAA,BLR,2026-04-18 05:09:41.703,2026-04-18 09:38:41.703,16140000000000,16140000000000,269,Ira,Nair,51,F,1975-07-21,Unknown,8105,Unknown,MAA - BLR,2026-01,2026-04-18
B1809,P1781,UK045,2026-04-09 11:37:36.952,PENDING,13B,Vistara,MAA,HYD,2026-04-18 07:43:41.701,2026-04-18 09:28:41.701,6300000000000,6300000000000,105,Arjun,Singh,43,M,1983-07-01,PAY1770,2115,CARD,MAA - HYD,2026-04,2026-04-18
B1809,P1781,UK045,2026-04-09 11:37:36.952,PENDING,13B,Vistara,MAA,HYD,2026-04-18 07:43:41.701,2026-04-18 09:28:41.701,6300000000000,6300000000000,105,ArjunSingh,Unknown,43,M,1983-10-23,PAY1770,2115,CARD,MAA - HYD,2026-04,2026-04-18
B1810,P1078,6F228,2026-03-20 11:37:36.952,CONFIRMED,34B,IndiGo,HYD,MAA,2026-04-18 04:36:41.704,2026-04-18 09:27:41.704,17460000000000,17460000000000,291,Reyansh,Reddy,48,M,1978-12-04,Unknown,8105,Unknown,HYD - MAA,2026-03,2026-04-18
B1811,P1432,SJ190,2026-04-04 11:37:36.952,CANCELLED,25A,SpiceJet,BOM,CCU,2026-04-18 04:57:41.703,2026-04-18 09:25:41.703,16080000000000,16080000000000,268,Sai,Chatterjee,69,F,1957-12-14,PAY1202,9625,NETBANKING,BOM - CCU,2026-04,2026-04-18
B1812,P1800,AI156,2026-01-06 11:37:36.952,CANCELLED,8A,Air India,CCU,BOM,2026-04-18 07:39:41.703,2026-04-18 09:22:41.703,6180000000000,6180000000000,103,Reyansh,Joshi,19,M,2007-03-14,PAY1192,1737,UPI,CCU - BOM,2026-01,2026-04-18
B1813,P1152,AI104,2025-04-21 11:37:36.952,INVALID,9D,Air India,MAA,HYD,2026-04-18 07:35:41.702,2026-04-18 09:20:41.702,6300000000000,6300000000000,105,Diya,Joshi,32,M,1994-01-17,Unknown,8105,Unknown,MAA - HYD,2025-04,2026-04-18
B1814,P1788,UK033,2025-06-22 11:37:36.952,CONFIRMED,26C,Vistara,HYD,DEL,2026-04-18 04:34:41.701,2026-04-18 09:18:41.701,17040000000000,17040000000000,284,Reyansh,Mishra,8,F,2018-08-16,PAY1142,8654,UPI,HYD - DEL,2025-06,2026-04-18
B1814,P1788,UK033,2025-06-22 11:37:36.952,CONFIRMED,26C,Vistara,HYD,DEL,2026-04-18 04:34:41.701,2026-04-18 09:18:41.701,17040000000000,17040000000000,284,Reyansh,Mishra,8,F,2018-08-16,PAY1702,1287,UPI,HYD - DEL,2025-06,2026-04-18
B1815,P1400,UK137,2025-05-01 11:37:36.952,PENDING,3C,Vistara,BOM,MAA,2026-04-18 07:04:41.703,2026-04-18 09:14:41.703,7800000000000,7800000000000,130,Shaurya,Agarwal,60,M,1966-08-23,PAY1667,4906,NETBANKING,BOM - MAA,2025-05,2026-04-18
B1815,P1400,UK137,2025-05-01 11:37:36.952,PENDING,3C,Vistara,BOM,MAA,2026-04-18 07:04:41.703,2026-04-18 09:14:41.703,7800000000000,7800000000000,130,Shaurya,Agarwal,60,M,1966-08-23,PAY1794,1450,UPI,BOM - MAA,2025-05,2026-04-18
B1816,P1278,UK214,2025-06-21 11:37:36.952,PENDING,20F,Vistara,HYD,DEL,2026-04-18 05:30:41.704,2026-04-18 09:10:41.704,13200000000000,13200000000000,220,Aditya,Naidu,18,M,2008-10-07,PAY1249,8105,NETBANKING,HYD - DEL,2025-06,2026-04-18
B1816,P1278,UK214,2025-06-21 11:37:36.952,PENDING,20F,Vistara,HYD,DEL,2026-04-18 05:30:41.704,2026-04-18 09:10:41.704,13200000000000,13200000000000,220,Aditya,Naidu,18,M,2008-10-07,PAY1879,4763,UPI,HYD - DEL,2025-06,2026-04-18
B1817,P1056,6F033,2025-06-07 11:37:36.952,PENDING,28D,IndiGo,DEL,HYD,2026-04-18 07:08:41.701,2026-04-18 09:08:41.701,7200000000000,7200000000000,120,Saanvi,Das,71,F,1955-12-06,PAY1544,11252,NETBANKING,DEL - HYD,2025-06,2026-04-18
B1817,P1056,6F033,2025-06-07 11:37:36.952,PENDING,28D,IndiGo,DEL,HYD,2026-04-18 07:08:41.701,2026-04-18 09:08:41.701,7200000000000,7200000000000,120,Saanvi,Das,71,F,1955-12-06,PAY1637,7766,CARD,DEL - HYD,2025-06,2026-04-18
B1818,P1976,AI114,2025-11-07 11:37:36.952,CONFIRMED,26B,Air India,CCU,DEL,2026-04-18 07:48:41.702,2026-04-18 09:03:41.702,4500000000000,4500000000000,75,Reyansh,Khan,60,M,1966-04-27,PAY1025,4318,NETBANKING,CCU - DEL,2025-11,2026-04-18
B1819,P1185,AI017,2026-01-19 11:37:36.952,CONFIRMED,21E,Air India,CCU,BOM,2026-04-18 05:15:41.701,2026-04-18 08:48:41.701,12780000000000,12780000000000,213,Aditya,Kulkarni,24,M,2002-07-25,Unknown,8105,Unknown,CCU - BOM,2026-01,2026-04-18
B1820,P1397,6F244,2025-12-01 11:37:36.952,PENDING,18E,IndiGo,MAA,CCU,2026-04-18 07:07:41.704,2026-04-18 08:31:41.704,5040000000000,5040000000000,84,Ishaan,Patel,60,M,1966-02-02,PAY1123,7610,UPI,MAA - CCU,2025-12,2026-04-18
B1820,P1397,6F244,2025-12-01 11:37:36.952,PENDING,18E,IndiGo,MAA,CCU,2026-04-18 07:07:41.704,2026-04-18 08:31:41.704,5040000000000,5040000000000,84,Ishaan,Patel,60,M,1966-02-02,PAY1901,14865,UPI,MAA - CCU,2025-12,2026-04-18
B1821,P1604,6F160,2025-11-27 11:37:36.952,PENDING,1C,IndiGo,MAA,BLR,2026-04-18 04:09:41.703,2026-04-18 08:26:41.703,15420000000000,15420000000000,257,Riya,Mishra,13,F,2013-11-24,PAY1513,5390,UPI,MAA - BLR,2025-11,2026-04-18
B1821,P1604,6F160,2025-11-27 11:37:36.952,PENDING,1C,IndiGo,MAA,BLR,2026-04-18 04:09:41.703,2026-04-18 08:26:41.703,15420000000000,15420000000000,257,Riya,Mishra,13,F,2013-11-24,PAY1657,8105,UPI,MAA - BLR,2025-11,2026-04-18
B1821,P1604,6F160,2025-11-27 11:37:36.952,PENDING,1C,IndiGo,MAA,BLR,2026-04-18 04:09:41.703,2026-04-18 08:26:41.703,15420000000000,15420000000000,257,Riya,Mishra,13,F,2013-11-24,PAY1748,8105,CARD,MAA - BLR,2025-11,2026-04-18
B1822,P1787,6F088,2026-01-05 11:37:36.952,CANCELLED,17D,IndiGo,CCU,BLR,2026-04-18 05:51:41.702,2026-04-18 08:22:41.702,9060000000000,9060000000000,151,Reyansh,Mehta,16,F,2010-07-13,PAY1391,7546,NETBANKING,CCU - BLR,2026-01,2026-04-18
B1823,P1157,6F155,2025-11-26 11:37:36.952,CANCELLED,19E,IndiGo,DEL,BLR,2026-04-18 07:47:41.703,2026-04-18 08:20:41.703,1980000000000,1980000000000,33,Arjun,Agarwal,66,M,1960-10-13,PAY1349,7854,UPI,DEL - BLR,2025-11,2026-04-18
B1824,P1786,AI095,2026-04-15 11:37:36.952,PENDING,9B,Air India,DEL,MAA,2026-04-18 05:00:41.702,2026-04-18 08:18:41.702,11880000000000,11880000000000,198,Krishna,Verma,75,M,1951-08-28,PAY1452,10600,CARD,DEL - MAA,2026-04,2026-04-18
B1825,P1692,6F139,2025-05-17 11:37:36.952,PENDING,5E,IndiGo,HYD,MAA,2026-04-18 04:55:41.702,2026-04-18 08:17:41.702,12120000000000,12120000000000,202,Sara,Verma,63,F,1963-01-21,PAY1733,5950,CARD,HYD - MAA,2025-05,2026-04-18
B1826,P1358,6F101,2025-07-11 11:37:36.952,CANCELLED,19A,IndiGo,BOM,MAA,2026-04-18 03:18:41.702,2026-04-18 08:15:41.702,17820000000000,17820000000000,297,Ishaan,Banerjee,42,F,1984-05-21,PAY1413,5128,CARD,BOM - MAA,2025-07,2026-04-18
B1827,P1439,AI054,2025-06-23 11:37:36.952,PENDING,20D,Air India,HYD,CCU,2026-04-18 03:44:41.701,2026-04-18 08:10:41.701,15960000000000,15960000000000,266,Aditya,Khan,86,M,1940-07-11,PAY1427,12662,UPI,HYD - CCU,2025-06,2026-04-18
B1827,P1439,AI054,2025-06-23 11:37:36.952,PENDING,20D,Air India,HYD,CCU,2026-04-18 03:44:41.701,2026-04-18 08:10:41.701,15960000000000,15960000000000,266,Aditya,Khan,86,M,1940-07-11,PAY1783,13802,NETBANKING,HYD - CCU,2025-06,2026-04-18
B1828,P1588,SJ094,2025-05-18 11:37:36.952,CANCELLED,25B,SpiceJet,MAA,HYD,2026-04-18 03:23:41.702,2026-04-18 08:07:41.702,17040000000000,17040000000000,284,Sara,Singh,71,M,1955-07-04,PAY1226,9418,UPI,MAA - HYD,2025-05,2026-04-18
B1829,P1465,6F217,2026-01-15 11:37:36.952,CANCELLED,4E,IndiGo,BLR,BOM,2026-04-18 05:13:41.704,2026-04-18 08:01:41.704,10080000000000,10080000000000,168,Vivaan,Chatterjee,24,M,2002-10-10,PAY1470,4847,CARD,BLR - BOM,2026-01,2026-04-18
B1830,P1662,6F100,2026-04-15 11:37:36.952,CANCELLED,23C,IndiGo,BOM,BLR,2026-04-18 04:40:41.702,2026-04-18 07:49:41.702,11340000000000,11340000000000,189,Ira,Verma,41,F,1985-03-23,PAY1303,12651,CARD,BOM - BLR,2026-04,2026-04-18
B1831,P1445,6F081,2026-02-05 11:37:36.952,CONFIRMED,21C,IndiGo,MAA,BLR,2026-04-18 06:04:41.702,2026-04-18 07:43:41.702,5940000000000,5940000000000,99,Diya,Naidu,62,F,1964-03-15,PAY1063,12421,CARD,MAA - BLR,2026-02,2026-04-18
B1831,P1445,6F081,2026-02-05 11:37:36.952,CONFIRMED,21C,IndiGo,MAA,BLR,2026-04-18 06:04:41.702,2026-04-18 07:43:41.702,5940000000000,5940000000000,99,Diya,Naidu,62,F,1964-03-15,PAY1713,13574,CARD,MAA - BLR,2026-02,2026-04-18
B1832,P1749,SJ156,2025-06-17 11:37:36.952,CONFIRMED,4D,SpiceJet,BOM,DEL,2026-04-18 06:59:41.703,2026-04-18 07:34:41.703,2100000000000,2100000000000,35,Sara,Agarwal,38,M,1988-04-26,PAY1645,11197,NETBANKING,BOM - DEL,2025-06,2026-04-18
B1833,P1800,6F060,2025-06-07 11:37:36.952,PENDING,27D,IndiGo,DEL,BLR,2026-04-18 05:29:41.701,2026-04-18 07:29:42.000,7200299000000,7200299000000,120,Reyansh,Joshi,19,M,2007-03-14,PAY1862,5872,UPI,DEL - BLR,2025-06,2026-04-18
B1834,P1742,UK129,2025-08-14 11:37:36.952,CANCELLED,33E,Vistara,HYD,MAA,2026-04-18 06:29:41.702,2026-04-18 07:29:42.000,3600298000000,3600298000000,60,Aditya,Mehta,23,M,2003-03-13,PAY1958,7571,NETBANKING,HYD - MAA,2025-08,2026-04-18
B1835,P1487,UK032,2026-02-07 11:37:36.952,CONFIRMED,2E,Vistara,BLR,BOM,2026-04-18 03:31:41.701,2026-04-18 07:28:41.701,14220000000000,14220000000000,237,Ira,Banerjee,29,M,1997-02-25,Unknown,8105,Unknown,BLR - BOM,2026-02,2026-04-18
B1836,P1529,AI166,2025-09-23 11:37:36.952,PENDING,13A,Air India,BOM,CCU,2026-04-18 04:20:41.703,2026-04-18 07:23:41.703,10980000000000,10980000000000,183,Kavya,Singh,86,M,1940-06-13,Unknown,8105,Unknown,BOM - CCU,2025-09,2026-04-18
B1837,P1072,SJ056,2025-10-31 11:37:36.952,PENDING,22F,SpiceJet,HYD,DEL,2026-04-18 06:11:41.701,2026-04-18 07:10:41.701,3540000000000,3540000000000,59,Krishna,Banerjee,18,M,2008-02-22,PAY1697,14270,UPI,HYD - DEL,2025-10,2026-04-18
B1837,P1072,SJ056,2025-10-31 11:37:36.952,PENDING,22F,SpiceJet,HYD,DEL,2026-04-18 06:11:41.701,2026-04-18 07:10:41.701,3540000000000,3540000000000,59,Krishna,Banerjee,18,M,2008-02-22,PAY1772,14270,NETBANKING,HYD - DEL,2025-10,2026-04-18
B1837,P1072,SJ056,2025-10-31 11:37:36.952,PENDING,22F,SpiceJet,HYD,DEL,2026-04-18 06:11:41.701,2026-04-18 07:10:41.701,3540000000000,3540000000000,59,Krishna,Banerjee,18,M,2008-02-22,PAY1996,10803,NETBANKING,HYD - DEL,2025-10,2026-04-18
B1838,P1928,SJ101,2025-06-12 11:37:36.952,PENDING,18F,SpiceJet,CCU,DEL,2026-04-18 05:17:41.702,2026-04-18 06:57:41.702,6000000000000,6000000000000,100,Shaurya,Agarwal,12,M,2014-03-13,Unknown,8105,Unknown,CCU - DEL,2025-06,2026-04-18
B1839,P1927,SJ065,2025-05-09 11:37:36.952,PENDING,9C,SpiceJet,MAA,BLR,2026-04-18 04:10:41.701,2026-04-18 06:54:41.701,9840000000000,9840000000000,164,Sai,Reddy,20,F,2006-03-17,PAY1041,11812,UPI,MAA - BLR,2025-05,2026-04-18
B1839,P1927,SJ065,2025-05-09 11:37:36.952,PENDING,9C,SpiceJet,MAA,BLR,2026-04-18 04:10:41.701,2026-04-18 06:54:41.701,9840000000000,9840000000000,164,Sai,Reddy,20,F,2006-03-17,PAY1304,4985,CARD,MAA - BLR,2025-05,2026-04-18
B1840,P1700,SJ100,2025-04-19 11:37:36.952,PENDING,34A,SpiceJet,MAA,BLR,2026-04-18 03:28:41.702,2026-04-18 06:50:41.702,12120000000000,12120000000000,202,Kavya,Pillai,1,F,2025-06-09,PAY1042,7085,CARD,MAA - BLR,2025-04,2026-04-18
B1841,P1949,UK011,2025-10-24 11:37:36.952,CANCELLED,1E,Vistara,CCU,DEL,2026-04-18 04:41:41.701,2026-04-18 06:25:41.701,6240000000000,6240000000000,104,Saanvi,Ghosh,2,M,2024-04-06,Unknown,8105,Unknown,CCU - DEL,2025-10,2026-04-18
B1842,P1016,6F062,2026-02-17 11:37:36.952,PENDING,3B,IndiGo,CCU,DEL,2026-04-18 04:55:41.701,2026-04-18 06:22:41.701,5220000000000,5220000000000,87,Vivaan,Naidu,30,M,1996-01-19,PAY1319,1999,UPI,CCU - DEL,2026-02,2026-04-18
B1842,P1016,6F062,2026-02-17 11:37:36.952,PENDING,3B,IndiGo,CCU,DEL,2026-04-18 04:55:41.701,2026-04-18 06:22:41.701,5220000000000,5220000000000,87,Vivaan,Naidu,30,M,1996-01-19,PAY1873,7815,NETBANKING,CCU - DEL,2026-02,2026-04-18
B1843,P1530,SJ176,2025-08-15 11:37:36.952,CANCELLED,23E,SpiceJet,DEL,BOM,2026-04-18 04:15:41.703,2026-04-18 06:17:41.703,7320000000000,7320000000000,122,Riya,Patel,13,M,2013-11-10,PAY1314,4160,CARD,DEL - BOM,2025-08,2026-04-18
B1843,P1530,SJ176,2025-08-15 11:37:36.952,CANCELLED,23E,SpiceJet,DEL,BOM,2026-04-18 04:15:41.703,2026-04-18 06:17:41.703,7320000000000,7320000000000,122,Riya,Patel,13,M,2013-11-10,PAY1558,1488,UPI,DEL - BOM,2025-08,2026-04-18
B1844,P1730,6F120,2025-11-26 11:37:36.952,CONFIRMED,3B,IndiGo,BLR,BOM,2026-04-18 05:14:41.702,2026-04-18 06:14:41.702,3600000000000,3600000000000,60,Myra,Patel,26,M,2000-09-10,PAY1244,8105,CARD,BLR - BOM,2025-11,2026-04-18
B1844,P1730,6F120,2025-11-26 11:37:36.952,CONFIRMED,3B,IndiGo,BLR,BOM,2026-04-18 05:14:41.702,2026-04-18 06:14:41.702,3600000000000,3600000000000,60,Myra,Patel,26,M,2000-09-10,PAY1938,7079,NETBANKING,BLR - BOM,2025-11,2026-04-18
B1845,P1325,AI121,2026-03-05 11:37:36.952,PENDING,24A,Air India,HYD,MAA,2026-04-18 02:42:41.702,2026-04-18 06:11:41.702,12540000000000,12540000000000,209,Ananya,Banerjee,46,M,1980-01-16,PAY1364,3148,UPI,HYD - MAA,2026-03,2026-04-18
B1846,P1994,UK072,2025-08-30 11:37:36.952,CONFIRMED,34F,Vistara,BOM,BLR,2026-04-18 02:55:41.702,2026-04-18 05:55:42.000,10800298000000,10800298000000,180,Diya,Kulkarni,89,F,1937-03-18,PAY1338,8100,UPI,BOM - BLR,2025-08,2026-04-18
B1846,P1994,UK072,2025-08-30 11:37:36.952,CONFIRMED,34F,Vistara,BOM,BLR,2026-04-18 02:55:41.702,2026-04-18 05:55:42.000,10800298000000,10800298000000,180,DiyaKulkarni,Unknown,89,F,1937-09-17,PAY1338,8100,UPI,BOM - BLR,2025-08,2026-04-18
B1847,P1631,AI006,2026-04-06 11:37:36.952,CANCELLED,11B,Air India,BOM,BLR,2026-04-18 03:04:41.701,2026-04-18 05:54:41.701,10200000000000,10200000000000,170,Muhammad,Das,36,F,1990-04-23,PAY1222,10999,UPI,BOM - BLR,2026-04,2026-04-18
B1848,P1612,SJ231,2025-05-19 11:37:36.952,CANCELLED,30D,SpiceJet,DEL,BLR,2026-04-18 04:23:41.704,2026-04-18 05:48:41.704,5100000000000,5100000000000,85,Ananya,Pillai,77,F,1949-07-13,PAY1014,1779,UPI,DEL - BLR,2025-05,2026-04-18
B1848,P1612,SJ231,2025-05-19 11:37:36.952,CANCELLED,30D,SpiceJet,DEL,BLR,2026-04-18 04:23:41.704,2026-04-18 05:48:41.704,5100000000000,5100000000000,85,Ananya,Pillai,77,F,1949-07-13,PAY1401,4903,UPI,DEL - BLR,2025-05,2026-04-18
B1849,P1545,SJ129,2025-06-24 11:37:36.952,INVALID,12E,SpiceJet,CCU,BOM,2026-04-18 01:48:41.702,2026-04-18 05:48:41.702,14400000000000,14400000000000,240,Saanvi,Reddy,69,M,1957-01-27,Unknown,8105,Unknown,CCU - BOM,2025-06,2026-04-18
B1850,P1595,6F110,2025-04-21 11:37:36.952,PENDING,33B,IndiGo,HYD,DEL,2026-04-18 02:27:41.702,2026-04-18 05:48:41.702,12060000000000,12060000000000,201,Reyansh,Mishra,19,M,2007-02-26,PAY1072,7542,CARD,HYD - DEL,2025-04,2026-04-18
B1850,P1595,6F110,2025-04-21 11:37:36.952,PENDING,33B,IndiGo,HYD,DEL,2026-04-18 02:27:41.702,2026-04-18 05:48:41.702,12060000000000,12060000000000,201,Reyansh,Mishra,19,M,2007-02-26,PAY1995,14671,NETBANKING,HYD - DEL,2025-04,2026-04-18
B1851,P1920,6F231,2025-11-26 11:37:36.952,PENDING,2D,IndiGo,HYD,MAA,2026-04-18 01:16:41.704,2026-04-18 05:43:41.704,16020000000000,16020000000000,267,Reyansh,Agarwal,44,F,1982-08-01,Unknown,8105,Unknown,HYD - MAA,2025-11,2026-04-18
B1852,P1707,6F095,2025-08-09 11:37:36.952,CONFIRMED,33E,IndiGo,BLR,MAA,2026-04-18 01:53:41.702,2026-04-18 05:34:41.702,13260000000000,13260000000000,221,Saanvi,Das,3,M,2023-09-09,PAY1560,2492,CARD,BLR - MAA,2025-08,2026-04-18
B1853,P1841,UK054,2025-05-05 11:37:36.952,CONFIRMED,18F,Vistara,BLR,BOM,2026-04-18 00:37:41.701,2026-04-18 05:30:41.701,17580000000000,17580000000000,293,Diya,Das,2,M,2024-04-19,PAY1711,8949,NETBANKING,BLR - BOM,2025-05,2026-04-18
B1854,P1201,SJ123,2025-08-10 11:37:36.952,CONFIRMED,29D,SpiceJet,BOM,CCU,2026-04-18 03:57:41.702,2026-04-18 05:25:41.702,5280000000000,5280000000000,88,Myra,Reddy,2,F,2024-04-05,PAY1309,6005,NETBANKING,BOM - CCU,2025-08,2026-04-18
B1854,P1201,SJ123,2025-08-10 11:37:36.952,CONFIRMED,29D,SpiceJet,BOM,CCU,2026-04-18 03:57:41.702,2026-04-18 05:25:41.702,5280000000000,5280000000000,88,Myra,Reddy,2,F,2024-04-05,PAY1486,14522,UPI,BOM - CCU,2025-08,2026-04-18
B1854,P1201,SJ123,2025-08-10 11:37:36.952,CONFIRMED,29D,SpiceJet,BOM,CCU,2026-04-18 03:57:41.702,2026-04-18 05:25:41.702,5280000000000,5280000000000,88,Myra,Reddy,2,F,2024-04-05,PAY1554,10538,NETBANKING,BOM - CCU,2025-08,2026-04-18
B1854,P1201,SJ123,2025-08-10 11:37:36.952,CONFIRMED,29D,SpiceJet,BOM,CCU,2026-04-18 03:57:41.702,2026-04-18 05:25:41.702,5280000000000,5280000000000,88,Myra,Reddy,2,F,2024-04-05,PAY1725,2279,UPI,BOM - CCU,2025-08,2026-04-18
B1855,P1343,6F006,2026-01-04 11:37:36.952,PENDING,3D,IndiGo,BOM,BLR,2026-04-18 03:06:41.701,2026-04-18 05:06:42.000,7200299000000,7200299000000,120,Ira,Das,46,F,1980-05-06,PAY1015,12165,CARD,BOM - BLR,2026-01,2026-04-18
B1855,P1343,6F006,2026-01-04 11:37:36.952,PENDING,3D,IndiGo,BOM,BLR,2026-04-18 03:06:41.701,2026-04-18 05:06:42.000,7200299000000,7200299000000,120,Ira,Das,46,F,1980-05-06,PAY1795,9744,UPI,BOM - BLR,2026-01,2026-04-18
B1856,P1852,UK226,2025-05-04 11:37:36.952,PENDING,4E,Vistara,MAA,HYD,2026-04-18 03:58:41.704,2026-04-18 05:01:41.704,3780000000000,3780000000000,63,Sai,Gupta,64,F,1962-01-01,PAY1012,11604,CARD,MAA - HYD,2025-05,2026-04-18
B1856,P1852,UK226,2025-05-04 11:37:36.952,PENDING,4E,Vistara,MAA,HYD,2026-04-18 03:58:41.704,2026-04-18 05:01:41.704,3780000000000,3780000000000,63,Sai,Gupta,64,F,1962-01-01,PAY1334,14056,NETBANKING,MAA - HYD,2025-05,2026-04-18
B1857,P1522,AI065,2026-03-07 11:37:36.952,PENDING,17E,Unknown,MAA,BLR,2026-04-18 00:09:41.701,2026-04-18 05:00:41.701,17460000000000,17460000000000,291,Reyansh,Singh,23,F,2003-07-27,PAY1125,4516,NETBANKING,MAA - BLR,2026-03,2026-04-18
B1857,P1522,AI065,2026-03-07 11:37:36.952,PENDING,17E,Unknown,MAA,BLR,2026-04-18 00:09:41.701,2026-04-18 05:00:41.701,17460000000000,17460000000000,291,Reyansh,Singh,23,F,2003-07-27,PAY1819,13135,CARD,MAA - BLR,2026-03,2026-04-18
B1858,P1858,6F008,2025-11-25 11:37:36.952,Unknown,10B,IndiGo,DEL,BOM,2026-04-18 00:14:41.701,2026-04-18 04:59:41.701,17100000000000,17100000000000,285,Myra,Gupta,17,F,2009-04-23,Unknown,8105,Unknown,DEL - BOM,2025-11,2026-04-18
B1858,P1858,6F008,2025-11-25 11:37:36.952,Unknown,10B,IndiGo,DEL,BOM,2026-04-18 00:14:41.701,2026-04-18 04:59:41.701,17100000000000,17100000000000,285,myra,Gupta,17,F,2009-03-23,Unknown,8105,Unknown,DEL - BOM,2025-11,2026-04-18
B1859,P1399,AI195,2025-11-11 11:37:36.952,PENDING,7B,Air India,CCU,MAA,2026-04-18 02:58:41.703,2026-04-18 04:57:41.703,7140000000000,7140000000000,119,Ananya,Das,53,F,1973-05-06,Unknown,8105,Unknown,CCU - MAA,2025-11,2026-04-18
B1860,P1217,UK043,2025-08-01 11:37:36.952,Unknown,3A,Unknown,DEL,HYD,2026-04-18 00:48:41.701,2026-04-18 04:52:41.701,14640000000000,14640000000000,244,Krishna,Iyer,17,M,2009-03-02,PAY1471,2532,UPI,DEL - HYD,2025-08,2026-04-18
B1860,P1217,UK043,2025-08-01 11:37:36.952,Unknown,3A,Unknown,DEL,HYD,2026-04-18 00:48:41.701,2026-04-18 04:52:41.701,14640000000000,14640000000000,244,Krishna,Iyer,17,M,2009-03-02,PAY1515,7000,NETBANKING,DEL - HYD,2025-08,2026-04-18
B1861,P1444,AI125,2025-10-15 11:37:36.952,CONFIRMED,25E,Unknown,CCU,DEL,2026-04-18 01:12:41.702,2026-04-18 04:51:41.702,13140000000000,13140000000000,219,Sai,Gupta,47,M,1979-02-27,PAY1660,9044,UPI,CCU - DEL,2025-10,2026-04-18
B1862,P1764,AI089,2025-10-05 11:37:36.952,PENDING,21A,Air India,CCU,BOM,2026-04-18 04:05:41.702,2026-04-18 04:47:41.702,2520000000000,2520000000000,42,Myra,Gupta,81,F,1945-08-27,Unknown,8105,Unknown,CCU - BOM,2025-10,2026-04-18
B1863,P1221,UK019,2026-02-12 11:37:36.952,CONFIRMED,22C,Vistara,BOM,HYD,2026-04-18 03:41:41.701,2026-04-18 04:35:41.701,3240000000000,3240000000000,54,Diya,Nair,70,M,1956-10-08,PAY1151,9858,NETBANKING,BOM - HYD,2026-02,2026-04-18
B1863,P1221,UK019,2026-02-12 11:37:36.952,CONFIRMED,22C,Vistara,BOM,HYD,2026-04-18 03:41:41.701,2026-04-18 04:35:41.701,3240000000000,3240000000000,54,Diya,Nair,70,M,1956-10-08,PAY1679,13071,CARD,BOM - HYD,2026-02,2026-04-18
B1864,P1382,UK078,2025-09-27 11:37:36.952,CANCELLED,22C,Vistara,BOM,HYD,2026-04-18 01:03:41.702,2026-04-18 04:32:41.702,12540000000000,12540000000000,209,Anika,Iyer,51,F,1975-04-07,PAY1600,10081,UPI,BOM - HYD,2025-09,2026-04-18
B1865,P1880,SJ009,2025-07-28 11:37:36.952,CANCELLED,15E,SpiceJet,CCU,BLR,2026-04-18 02:48:41.701,2026-04-18 04:23:41.701,5700000000000,5700000000000,95,Reyansh,Khan,64,M,1962-06-20,PAY1474,11741,NETBANKING,CCU - BLR,2025-07,2026-04-18
B1866,P1591,UK178,2026-01-28 11:37:36.952,CONFIRMED,7A,Vistara,DEL,BLR,2026-04-17 23:41:41.703,2026-04-18 04:09:41.703,16080000000000,16080000000000,268,Krishna,Mehta,4,M,2022-05-23,PAY1892,4988,NETBANKING,DEL - BLR,2026-01,2026-04-17
B1867,P1006,UK018,2025-11-23 11:37:36.952,CONFIRMED,13D,Vistara,BOM,CCU,2026-04-18 02:15:41.701,2026-04-18 04:08:41.701,6780000000000,6780000000000,113,Kavya,Nair,87,M,1939-02-25,PAY1431,8158,NETBANKING,BOM - CCU,2025-11,2026-04-18
B1868,P1271,SJ059,2026-04-10 11:37:36.952,CANCELLED,29E,SpiceJet,CCU,DEL,2026-04-18 02:50:41.701,2026-04-18 04:06:41.701,4560000000000,4560000000000,76,Muhammad,Pillai,75,F,1951-11-10,Unknown,8105,Unknown,CCU - DEL,2026-04,2026-04-18
B1869,P1738,UK108,2026-02-04 11:37:36.952,CONFIRMED,19C,Vistara,DEL,BLR,2026-04-18 00:28:41.702,2026-04-18 03:46:41.702,11880000000000,11880000000000,198,Ananya,Pillai,5,M,2021-09-08,PAY1157,10155,CARD,DEL - BLR,2026-02,2026-04-18
B1869,P1738,UK108,2026-02-04 11:37:36.952,CONFIRMED,19C,Vistara,DEL,BLR,2026-04-18 00:28:41.702,2026-04-18 03:46:41.702,11880000000000,11880000000000,198,Ananya,Pillai,5,M,2021-09-08,PAY1680,11398,NETBANKING,DEL - BLR,2026-02,2026-04-18
B1870,P1015,6F045,2025-04-25 11:37:36.952,CANCELLED,5D,IndiGo,BOM,HYD,2026-04-17 23:04:41.701,2026-04-18 03:38:41.701,16440000000000,16440000000000,274,Aadhya,Verma,88,F,1938-05-26,Unknown,8105,Unknown,BOM - HYD,2025-04,2026-04-17
B1871,P1423,AI144,2025-10-04 11:37:36.952,CANCELLED,23E,Air India,MAA,BOM,2026-04-18 00:43:41.702,2026-04-18 03:36:41.702,10380000000000,10380000000000,173,Aditya,Gupta,1,M,2025-07-22,Unknown,8105,Unknown,MAA - BOM,2025-10,2026-04-18
B1872,P1523,AI244,2025-07-09 11:37:36.952,PENDING,26E,Air India,BLR,BOM,2026-04-18 02:50:41.704,2026-04-18 03:25:41.704,2100000000000,2100000000000,35,Krishna,Verma,89,F,1937-08-18,PAY1362,5721,CARD,BLR - BOM,2025-07,2026-04-18
B1872,P1523,AI244,2025-07-09 11:37:36.952,PENDING,26E,Air India,BLR,BOM,2026-04-18 02:50:41.704,2026-04-18 03:25:41.704,2100000000000,2100000000000,35,Krishna,Verma,89,F,1937-08-18,PAY1858,9096,UPI,BLR - BOM,2025-07,2026-04-18
B1872,P1523,AI244,2025-07-09 11:37:36.952,PENDING,26E,Air India,BLR,BOM,2026-04-18 02:50:41.704,2026-04-18 03:25:41.704,2100000000000,2100000000000,35,Krishna,Verma,89,F,1937-08-18,PAY1925,8105,NETBANKING,BLR - BOM,2025-07,2026-04-18
B1873,P1802,6F265,2025-04-25 11:37:36.952,CONFIRMED,11B,Unknown,DEL,HYD,2026-04-18 02:27:41.703,2026-04-18 03:24:41.703,3420000000000,3420000000000,57,Myra,Gupta,5,M,2021-07-14,PAY1002,6495,UPI,DEL - HYD,2025-04,2026-04-18
B1873,P1802,6F265,2025-04-25 11:37:36.952,CONFIRMED,11B,Unknown,DEL,HYD,2026-04-18 02:27:41.703,2026-04-18 03:24:41.703,3420000000000,3420000000000,57,Myra,Gupta,5,M,2021-07-14,PAY1133,12511,CARD,DEL - HYD,2025-04,2026-04-18
B1873,P1802,6F265,2025-04-25 11:37:36.952,CONFIRMED,11B,Unknown,DEL,HYD,2026-04-18 02:27:41.703,2026-04-18 03:24:41.703,3420000000000,3420000000000,57,Myra,Gupta,5,M,2021-07-14,PAY1847,13283,CARD,DEL - HYD,2025-04,2026-04-18
B1874,P1752,6F108,2026-01-26 11:37:36.952,CONFIRMED,16E,IndiGo,DEL,HYD,2026-04-17 23:41:41.702,2026-04-18 03:23:41.702,13320000000000,13320000000000,222,Ira,Singh,50,M,1976-11-16,PAY1506,5715,NETBANKING,DEL - HYD,2026-01,2026-04-17
B1874,P1752,6F108,2026-01-26 11:37:36.952,CONFIRMED,16E,IndiGo,DEL,HYD,2026-04-17 23:41:41.702,2026-04-18 03:23:41.702,13320000000000,13320000000000,222,Ira,Singh,50,M,1976-11-16,PAY1528,9994,NETBANKING,DEL - HYD,2026-01,2026-04-17
B1874,P1752,6F108,2026-01-26 11:37:36.952,CONFIRMED,16E,IndiGo,DEL,HYD,2026-04-17 23:41:41.702,2026-04-18 03:23:41.702,13320000000000,13320000000000,222,Ira,Singh,50,M,1976-11-16,PAY1669,8735,NETBANKING,DEL - HYD,2026-01,2026-04-17
B1875,P1020,6F069,2025-06-17 11:37:36.952,PENDING,17D,IndiGo,MAA,BLR,2026-04-17 23:44:41.701,2026-04-18 03:17:41.701,12780000000000,12780000000000,213,Ananya,Khan,60,M,1966-12-18,PAY1019,8105,NETBANKING,MAA - BLR,2025-06,2026-04-17
B1876,P1689,6F072,2025-06-14 11:37:36.952,CANCELLED,18F,IndiGo,BLR,CCU,2026-04-18 02:14:41.702,2026-04-18 03:11:41.702,3420000000000,3420000000000,57,Ira,Patel,11,F,2015-03-25,PAY1139,11290,NETBANKING,BLR - CCU,2025-06,2026-04-18
B1877,P1938,6F096,2025-11-09 11:37:36.952,CONFIRMED,33F,IndiGo,MAA,BLR,2026-04-17 22:45:41.702,2026-04-18 02:58:41.702,15180000000000,15180000000000,253,Reyansh,Joshi,33,F,1993-04-26,Unknown,8105,Unknown,MAA - BLR,2025-11,2026-04-17
B1878,P1227,SJ233,2025-12-31 11:37:36.952,PENDING,31D,SpiceJet,DEL,HYD,2026-04-18 01:18:41.704,2026-04-18 02:56:41.704,5880000000000,5880000000000,98,Aadhya,Reddy,70,M,1956-12-14,PAY1204,14779,CARD,DEL - HYD,2025-12,2026-04-18
B1879,P1784,AI203,2025-12-03 11:37:36.952,PENDING,9E,Air India,BOM,CCU,2026-04-18 00:09:41.703,2026-04-18 02:56:41.703,10020000000000,10020000000000,167,Ira,Kulkarni,55,F,1971-09-21,PAY1215,4683,UPI,BOM - CCU,2025-12,2026-04-18
B1880,P1287,UK147,2026-03-08 11:37:36.952,CONFIRMED,2E,Vistara,CCU,DEL,2026-04-17 23:35:41.703,2026-04-18 02:55:41.703,12000000000000,12000000000000,200,Ishaan,Kulkarni,68,F,1958-02-01,PAY1864,11737,UPI,CCU - DEL,2026-03,2026-04-17
B1881,P1808,UK039,2025-08-26 11:37:36.952,PENDING,8E,Vistara,HYD,BOM,2026-04-18 01:40:41.701,2026-04-18 02:53:41.701,4380000000000,4380000000000,73,Aditya,Joshi,70,M,1956-11-24,Unknown,8105,Unknown,HYD - BOM,2025-08,2026-04-18
B1882,P1133,6F216,2025-10-17 11:37:36.952,CANCELLED,18B,IndiGo,BLR,DEL,2026-04-17 21:58:41.704,2026-04-18 02:51:41.704,17580000000000,17580000000000,293,Sai,Banerjee,1,F,2025-12-15,Unknown,8105,Unknown,BLR - DEL,2025-10,2026-04-17
B1883,P1983,AI214,2025-11-17 11:37:36.952,PENDING,5B,Air India,CCU,DEL,2026-04-17 22:23:41.703,2026-04-18 02:49:41.703,15960000000000,15960000000000,266,Muhammad,Khan,35,M,1991-05-17,PAY1100,4498,CARD,CCU - DEL,2025-11,2026-04-17
B1883,P1983,AI214,2025-11-17 11:37:36.952,PENDING,5B,Air India,CCU,DEL,2026-04-17 22:23:41.703,2026-04-18 02:49:41.703,15960000000000,15960000000000,266,Muhammad,Khan,35,M,1991-05-17,PAY1359,3193,CARD,CCU - DEL,2025-11,2026-04-17
B1884,P1282,UK025,2025-08-31 11:37:36.952,CANCELLED,31D,Vistara,DEL,BOM,2026-04-17 22:55:41.701,2026-04-18 02:47:41.701,13920000000000,13920000000000,232,Kavya,Chatterjee,35,M,1991-09-09,Unknown,8105,Unknown,DEL - BOM,2025-08,2026-04-17
B1885,P1403,UK053,2025-08-10 11:37:36.952,CANCELLED,11B,Vistara,BLR,BOM,2026-04-17 23:56:41.701,2026-04-18 02:46:41.701,10200000000000,10200000000000,170,Myra,Ghosh,6,M,2020-09-02,PAY1297,9992,NETBANKING,BLR - BOM,2025-08,2026-04-17
B1886,P1664,6F130,2026-02-12 11:37:36.952,INVALID,9D,IndiGo,DEL,HYD,2026-04-18 01:27:41.702,2026-04-18 02:45:41.702,4680000000000,4680000000000,78,Myra,Naidu,27,M,1999-12-27,Unknown,8105,Unknown,DEL - HYD,2026-02,2026-04-18
B1887,P1065,6F247,2026-03-09 11:37:36.952,PENDING,23F,IndiGo,DEL,HYD,2026-04-18 01:27:41.702,2026-04-18 02:45:41.702,4680000000000,4680000000000,78,Ishaan,Kulkarni,4,F,2022-10-10,PAY1588,9313,UPI,DEL - HYD,2026-03,2026-04-18
B1888,P1648,6F159,2025-12-25 11:37:36.952,CANCELLED,25C,IndiGo,CCU,BOM,2026-04-18 02:08:41.703,2026-04-18 02:43:41.703,2100000000000,2100000000000,35,Arjun,Agarwal,12,M,2014-07-16,PAY1047,8932,UPI,CCU - BOM,2025-12,2026-04-18
B1888,P1648,6F159,2025-12-25 11:37:36.952,CANCELLED,25C,IndiGo,CCU,BOM,2026-04-18 02:08:41.703,2026-04-18 02:43:41.703,2100000000000,2100000000000,35,Arjun,Agarwal,12,M,2014-07-16,PAY1099,5982,CARD,CCU - BOM,2025-12,2026-04-18
B1889,P1603,UK086,2026-02-24 11:37:36.952,CANCELLED,22C,Vistara,CCU,BLR,2026-04-17 23:55:41.702,2026-04-18 02:27:41.702,9120000000000,9120000000000,152,Ananya,Gupta,45,M,1981-03-02,Unknown,8105,Unknown,CCU - BLR,2026-02,2026-04-17
B1890,P1436,6F102,2025-08-30 11:37:36.952,PENDING,12E,IndiGo,HYD,MAA,2026-04-18 01:10:41.702,2026-04-18 02:24:41.702,4440000000000,4440000000000,74,Myra,Reddy,26,F,2000-06-17,PAY1380,13732,UPI,HYD - MAA,2025-08,2026-04-18
B1891,P1828,UK186,2026-01-26 11:37:36.952,CANCELLED,18D,Vistara,BOM,BLR,2026-04-17 23:05:41.703,2026-04-18 02:22:41.703,11820000000000,11820000000000,197,Reyansh,Banerjee,36,F,1990-08-23,PAY1190,2216,UPI,BOM - BLR,2026-01,2026-04-17
B1891,P1828,UK186,2026-01-26 11:37:36.952,CANCELLED,18D,Vistara,BOM,BLR,2026-04-17 23:05:41.703,2026-04-18 02:22:41.703,11820000000000,11820000000000,197,Reyansh,Banerjee,36,F,1990-08-23,PAY1538,1978,UPI,BOM - BLR,2026-01,2026-04-17
B1892,P1933,6F032,2025-08-24 11:37:36.952,PENDING,17F,IndiGo,DEL,BOM,2026-04-17 23:43:41.701,2026-04-18 02:22:41.701,9540000000000,9540000000000,159,Ira,Khan,38,F,1988-12-16,Unknown,8105,Unknown,DEL - BOM,2025-08,2026-04-17
B1893,P1258,6F186,2025-08-02 11:37:36.952,CONFIRMED,19A,IndiGo,HYD,BOM,2026-04-17 21:48:41.703,2026-04-18 02:02:41.703,15240000000000,15240000000000,254,Diya,Pillai,69,M,1957-10-23,Unknown,8105,Unknown,HYD - BOM,2025-08,2026-04-17
B1894,P1979,6F106,2026-02-24 11:37:36.952,CANCELLED,4F,IndiGo,BOM,CCU,2026-04-18 00:10:41.702,2026-04-18 01:52:41.702,6120000000000,6120000000000,102,Kavya,Gupta,11,M,2015-08-13,Unknown,8105,Unknown,BOM - CCU,2026-02,2026-04-18
B1895,P1965,AI021,2025-10-05 11:37:36.952,CANCELLED,14E,Air India,DEL,HYD,2026-04-17 21:39:41.701,2026-04-18 01:38:41.701,14340000000000,14340000000000,239,Aarav,Banerjee,50,F,1976-09-25,PAY1231,13426,CARD,DEL - HYD,2025-10,2026-04-17
B1895,P1965,AI021,2025-10-05 11:37:36.952,CANCELLED,14E,Air India,DEL,HYD,2026-04-17 21:39:41.701,2026-04-18 01:38:41.701,14340000000000,14340000000000,239,Aarav,Banerjee,50,F,1976-09-25,PAY1259,6231,NETBANKING,DEL - HYD,2025-10,2026-04-17
B1895,P1965,AI021,2025-10-05 11:37:36.952,CANCELLED,14E,Air India,DEL,HYD,2026-04-17 21:39:41.701,2026-04-18 01:38:41.701,14340000000000,14340000000000,239,Aarav,Banerjee,50,F,1976-09-25,PAY1437,13630,CARD,DEL - HYD,2025-10,2026-04-17
B1895,P1965,AI021,2025-10-05 11:37:36.952,CANCELLED,14E,Air India,DEL,HYD,2026-04-17 21:39:41.701,2026-04-18 01:38:41.701,14340000000000,14340000000000,239,Aarav,Banerjee,50,F,1976-09-25,PAY1759,9625,CARD,DEL - HYD,2025-10,2026-04-17
B1895,P1965,AI021,2025-10-05 11:37:36.952,CANCELLED,14E,Air India,DEL,HYD,2026-04-17 21:39:41.701,2026-04-18 01:38:41.701,14340000000000,14340000000000,239,Aarav,Banerjee,50,F,1976-09-25,PAY1986,11121,NETBANKING,DEL - HYD,2025-10,2026-04-17
B1896,P1102,AI157,2025-11-30 11:37:36.952,PENDING,11F,Air India,BLR,CCU,2026-04-17 22:45:41.703,2026-04-18 01:33:41.703,10080000000000,10080000000000,168,Myra,Kulkarni,1,F,2025-02-27,PAY1548,8105,CARD,BLR - CCU,2025-11,2026-04-17
B1896,P1102,AI157,2025-11-30 11:37:36.952,PENDING,11F,Air India,BLR,CCU,2026-04-17 22:45:41.703,2026-04-18 01:33:41.703,10080000000000,10080000000000,168,Myra,Kulkarni,1,F,2025-03-18,PAY1548,8105,CARD,BLR - CCU,2025-11,2026-04-17
B1897,P1992,6F054,2025-11-01 11:37:36.952,PENDING,26F,IndiGo,HYD,BLR,2026-04-17 22:00:41.701,2026-04-18 01:25:41.701,12300000000000,12300000000000,205,Diya,Singh,89,F,1937-09-09,PAY1017,9752,CARD,HYD - BLR,2025-11,2026-04-17
B1897,P1992,6F054,2025-11-01 11:37:36.952,PENDING,26F,IndiGo,HYD,BLR,2026-04-17 22:00:41.701,2026-04-18 01:25:41.701,12300000000000,12300000000000,205,Diya,Singh,89,F,1937-09-09,PAY1371,7243,NETBANKING,HYD - BLR,2025-11,2026-04-17
B1898,P1566,AI187,2025-10-03 11:37:36.952,PENDING,10D,Air India,BLR,HYD,2026-04-17 23:32:41.703,2026-04-18 01:16:41.703,6240000000000,6240000000000,104,Vivaan,Singh,9,F,2017-02-03,PAY1854,5718,CARD,BLR - HYD,2025-10,2026-04-17
B1899,P1768,SJ124,2025-09-28 11:37:36.952,PENDING,4B,SpiceJet,HYD,DEL,2026-04-17 21:05:41.702,2026-04-18 01:12:41.702,14820000000000,14820000000000,247,Krishna,Ghosh,10,M,2016-05-17,PAY1375,3146,UPI,HYD - DEL,2025-09,2026-04-17
B1900,P1100,SJ223,2025-10-06 11:37:36.952,CANCELLED,11C,SpiceJet,HYD,MAA,2026-04-17 23:54:41.703,2026-04-18 01:08:41.703,4440000000000,4440000000000,74,Muhammad,Joshi,9,M,2017-05-02,PAY1904,1213,UPI,HYD - MAA,2025-10,2026-04-17
B1901,P1197,UK103,2025-04-25 11:37:36.952,CONFIRMED,21A,Vistara,MAA,DEL,2026-04-17 21:52:41.702,2026-04-18 01:06:41.702,11640000000000,11640000000000,194,Krishna,Nair,3,M,2023-06-07,PAY1434,10787,CARD,MAA - DEL,2025-04,2026-04-17
B1902,P1812,SJ157,2026-02-08 11:37:36.952,CONFIRMED,14F,SpiceJet,DEL,HYD,2026-04-17 22:11:41.703,2026-04-18 01:05:41.703,10440000000000,10440000000000,174,Muhammad,Patel,46,F,1980-01-05,Unknown,8105,Unknown,DEL - HYD,2026-02,2026-04-17
B1903,P1225,6F242,2025-11-06 11:37:36.952,CONFIRMED,9B,IndiGo,BLR,MAA,2026-04-17 21:10:41.704,2026-04-18 01:04:41.704,14040000000000,14040000000000,234,Muhammad,Gupta,73,M,1953-07-21,Unknown,8105,Unknown,BLR - MAA,2025-11,2026-04-17
B1904,P1942,UK213,2025-07-01 11:37:36.952,CONFIRMED,8B,Vistara,BOM,CCU,2026-04-17 23:21:41.704,2026-04-18 01:01:41.704,6000000000000,6000000000000,100,Riya,Pillai,5,M,2021-06-01,PAY1110,5769,NETBANKING,BOM - CCU,2025-07,2026-04-17
B1905,P1462,SJ120,2026-02-13 11:37:36.952,PENDING,24B,SpiceJet,MAA,BLR,2026-04-17 21:19:41.702,2026-04-18 00:56:41.702,13020000000000,13020000000000,217,Reyansh,Kulkarni,69,F,1957-09-07,Unknown,8105,Unknown,MAA - BLR,2026-02,2026-04-17
B1906,P1236,AI035,2025-08-11 11:37:36.952,CANCELLED,22B,Air India,DEL,MAA,2026-04-17 23:17:41.701,2026-04-18 00:48:41.701,5460000000000,5460000000000,91,Myra,Sharma,20,F,2006-03-22,PAY1032,11038,UPI,DEL - MAA,2025-08,2026-04-17
B1906,P1236,AI035,2025-08-11 11:37:36.952,CANCELLED,22B,Air India,DEL,MAA,2026-04-17 23:17:41.701,2026-04-18 00:48:41.701,5460000000000,5460000000000,91,MyraSharma,Unknown,20,F,2006-01-28,PAY1032,11038,UPI,DEL - MAA,2025-08,2026-04-17
B1907,P1025,6F147,2026-01-14 11:37:36.952,CANCELLED,1B,IndiGo,HYD,MAA,2026-04-17 19:57:41.703,2026-04-18 00:31:41.703,16440000000000,16440000000000,274,Aarav,Chatterjee,22,M,2004-07-22,PAY1429,5451,CARD,HYD - MAA,2026-01,2026-04-17
B1908,P1120,SJ229,2025-08-09 11:37:36.952,CANCELLED,23B,SpiceJet,CCU,DEL,2026-04-17 22:25:41.704,2026-04-18 00:27:41.704,7320000000000,7320000000000,122,Aarav,Ghosh,33,M,1993-12-12,PAY1642,8834,CARD,CCU - DEL,2025-08,2026-04-17
B1908,P1120,SJ229,2025-08-09 11:37:36.952,CANCELLED,23B,SpiceJet,CCU,DEL,2026-04-17 22:25:41.704,2026-04-18 00:27:41.704,7320000000000,7320000000000,122,Aarav,Ghosh,33,M,1993-12-12,PAY1919,1913,CARD,CCU - DEL,2025-08,2026-04-17
B1909,P1909,AI230,2025-11-14 11:37:36.952,PENDING,31B,Unknown,CCU,BLR,2026-04-17 20:37:41.704,2026-04-18 00:22:41.704,13500000000000,13500000000000,225,Ananya,Chatterjee,6,M,2020-07-25,Unknown,8105,Unknown,CCU - BLR,2025-11,2026-04-17
B1910,P1505,UK162,2025-06-10 11:37:36.952,CANCELLED,5C,Vistara,BOM,CCU,2026-04-17 22:47:41.703,2026-04-18 00:21:41.703,5640000000000,5640000000000,94,Myra,Mehta,89,F,1937-03-25,PAY1687,13744,UPI,BOM - CCU,2025-06,2026-04-17
B1910,P1505,UK162,2025-06-10 11:37:36.952,CANCELLED,5C,Vistara,BOM,CCU,2026-04-17 22:47:41.703,2026-04-18 00:21:41.703,5640000000000,5640000000000,94,Myra,Mehta,89,F,1937-03-25,PAY1915,7810,CARD,BOM - CCU,2025-06,2026-04-17
B1911,P1181,AI066,2025-05-29 11:37:36.952,PENDING,27C,Air India,HYD,MAA,2026-04-17 21:51:41.701,2026-04-18 00:11:41.701,8400000000000,8400000000000,140,Shaurya,Chatterjee,62,M,1964-08-09,Unknown,8105,Unknown,HYD - MAA,2025-05,2026-04-17
B1912,P1710,6F205,2025-09-09 11:37:36.952,CANCELLED,19D,IndiGo,HYD,BOM,2026-04-17 22:16:41.703,2026-04-18 00:02:41.703,6360000000000,6360000000000,106,Vivaan,Verma,53,M,1973-09-23,PAY1111,6280,NETBANKING,HYD - BOM,2025-09,2026-04-17
B1913,P1813,AI124,2025-05-24 11:37:36.952,CONFIRMED,27B,Air India,CCU,HYD,2026-04-17 20:28:41.702,2026-04-18 00:00:41.702,12720000000000,12720000000000,212,Kavya,Joshi,34,M,1992-04-19,PAY1310,11212,NETBANKING,CCU - HYD,2025-05,2026-04-17
B1913,P1813,AI124,2025-05-24 11:37:36.952,CONFIRMED,27B,Air India,CCU,HYD,2026-04-17 20:28:41.702,2026-04-18 00:00:41.702,12720000000000,12720000000000,212,Kavya,Joshi,34,M,1992-04-19,PAY1678,4083,CARD,CCU - HYD,2025-05,2026-04-17
B1914,P1766,UK114,2025-10-19 11:37:36.952,PENDING,20A,Vistara,HYD,CCU,2026-04-17 22:10:41.702,2026-04-17 23:58:41.702,6480000000000,6480000000000,108,Ira,Banerjee,29,F,1997-11-16,PAY1003,5079,NETBANKING,HYD - CCU,2025-10,2026-04-17
B1915,P1633,AI231,2025-06-03 11:37:36.952,CANCELLED,18B,Air India,DEL,HYD,2026-04-17 21:52:41.704,2026-04-17 23:51:41.704,7140000000000,7140000000000,119,Sara,Verma,20,F,2006-12-05,PAY1822,1162,CARD,DEL - HYD,2025-06,2026-04-17
B1916,P1542,AI113,2025-10-30 11:37:36.952,CONFIRMED,7D,Air India,CCU,HYD,2026-04-17 21:21:41.702,2026-04-17 23:51:41.702,9000000000000,9000000000000,150,Sai, Kulkarni,52,M,1974-11-07,PAY1016,3157,CARD,CCU - HYD,2025-10,2026-04-17
B1916,P1542,AI113,2025-10-30 11:37:36.952,CONFIRMED,7D,Air India,CCU,HYD,2026-04-17 21:21:41.702,2026-04-17 23:51:41.702,9000000000000,9000000000000,150,Sai,Kulkarni,52,M,1974-02-15,PAY1016,3157,CARD,CCU - HYD,2025-10,2026-04-17
B1917,P1983,UK180,2025-08-03 11:37:36.952,INVALID,27A,Vistara,CCU,MAA,2026-04-17 21:18:41.703,2026-04-17 23:29:41.703,7860000000000,7860000000000,131,Muhammad,Khan,35,M,1991-05-17,Unknown,8105,Unknown,CCU - MAA,2025-08,2026-04-17
B1918,P1314,UK180,2025-10-07 11:37:36.952,CONFIRMED,2B,Vistara,CCU,MAA,2026-04-17 21:18:41.703,2026-04-17 23:29:41.703,7860000000000,7860000000000,131,Anika,Joshi,69,M,1957-10-15,PAY1760,2739,NETBANKING,CCU - MAA,2025-10,2026-04-17
B1918,P1314,UK180,2025-10-07 11:37:36.952,CONFIRMED,2B,Vistara,CCU,MAA,2026-04-17 21:18:41.703,2026-04-17 23:29:41.703,7860000000000,7860000000000,131,Anika,Joshi,69,M,1957-10-15,PAY1828,1356,NETBANKING,CCU - MAA,2025-10,2026-04-17
B1919,P1990,6F080,2026-03-17 11:37:36.952,PENDING,7C,IndiGo,HYD,MAA,2026-04-17 19:47:41.702,2026-04-17 23:13:41.702,12360000000000,12360000000000,206,Arjun,Agarwal,62,F,1964-07-20,Unknown,8105,Unknown,HYD - MAA,2026-03,2026-04-17
B1920,P1796,SJ095,2025-05-11 11:37:36.952,PENDING,14A,SpiceJet,DEL,MAA,2026-04-17 20:09:41.702,2026-04-17 23:13:41.702,11040000000000,11040000000000,184,Diya,Agarwal,32,M,1994-12-10,Unknown,8105,Unknown,DEL - MAA,2025-05,2026-04-17
B1921,P1617,SJ115,2025-04-24 11:37:36.952,CANCELLED,21F,SpiceJet,BOM,HYD,2026-04-17 21:05:41.702,2026-04-17 23:10:41.702,7500000000000,7500000000000,125,Reyansh,Ghosh,33,F,1993-12-05,PAY1101,9627,CARD,BOM - HYD,2025-04,2026-04-17
B1922,P1735,AI142,2025-05-14 11:37:36.952,CONFIRMED,7D,Air India,BOM,DEL,2026-04-17 20:49:41.702,2026-04-17 23:03:41.702,8040000000000,8040000000000,134,Aarav,Kulkarni,12,F,2014-10-02,PAY1596,11708,CARD,BOM - DEL,2025-05,2026-04-17
B1922,P1735,AI142,2025-05-14 11:37:36.952,CONFIRMED,7D,Air India,BOM,DEL,2026-04-17 20:49:41.702,2026-04-17 23:03:41.702,8040000000000,8040000000000,134,Aarav,Kulkarni,12,F,2014-10-02,PAY1793,7859,CARD,BOM - DEL,2025-05,2026-04-17
B1923,P1272,UK169,2025-11-28 11:37:36.952,CANCELLED,33F,Vistara,HYD,DEL,2026-04-17 18:12:41.703,2026-04-17 23:01:41.703,17340000000000,17340000000000,289,Sai,Chatterjee,72,F,1954-11-05,PAY1555,8468,NETBANKING,HYD - DEL,2025-11,2026-04-17
B1923,P1272,UK169,2025-11-28 11:37:36.952,CANCELLED,33F,Vistara,HYD,DEL,2026-04-17 18:12:41.703,2026-04-17 23:01:41.703,17340000000000,17340000000000,289,Sai,Chatterjee,72,F,1954-11-05,PAY1766,8105,UPI,HYD - DEL,2025-11,2026-04-17
B1924,P1909,SJ041,2025-05-04 11:37:36.952,CANCELLED,27D,SpiceJet,CCU,HYD,2026-04-17 18:24:41.701,2026-04-17 22:59:41.701,16500000000000,16500000000000,275,Ananya,Chatterjee,6,M,2020-07-25,PAY1549,4739,CARD,CCU - HYD,2025-05,2026-04-17
B1925,P1231,UK171,2025-04-20 11:37:36.952,CONFIRMED,7D,Vistara,HYD,CCU,2026-04-17 19:59:41.703,2026-04-17 22:53:41.703,10440000000000,10440000000000,174,Riya,Das,59,M,1967-11-01,PAY1247,11102,UPI,HYD - CCU,2025-04,2026-04-17
B1925,P1231,UK171,2025-04-20 11:37:36.952,CONFIRMED,7D,Vistara,HYD,CCU,2026-04-17 19:59:41.703,2026-04-17 22:53:41.703,10440000000000,10440000000000,174,Riya,Das,59,M,1967-11-01,PAY1514,12742,CARD,HYD - CCU,2025-04,2026-04-17
B1925,P1231,UK171,2025-04-20 11:37:36.952,CONFIRMED,7D,Vistara,HYD,CCU,2026-04-17 19:59:41.703,2026-04-17 22:53:41.703,10440000000000,10440000000000,174,Riya,Das,59,M,1967-11-01,PAY1647,5691,UPI,HYD - CCU,2025-04,2026-04-17
B1926,P1419,AI081,2025-11-27 11:37:36.952,CANCELLED,18F,Air India,CCU,BOM,2026-04-17 21:03:41.702,2026-04-17 22:51:41.702,6480000000000,6480000000000,108,Krishna,Iyer,9,F,2017-09-22,Unknown,8105,Unknown,CCU - BOM,2025-11,2026-04-17
B1927,P1767,AI162,2026-01-28 11:37:36.952,PENDING,27D,Air India,MAA,DEL,2026-04-17 19:20:41.703,2026-04-17 22:40:41.703,12000000000000,12000000000000,200,Sai,Singh,4,M,2022-11-14,Unknown,8105,Unknown,MAA - DEL,2026-01,2026-04-17
B1928,P1441,SJ037,2026-01-23 11:37:36.952,CANCELLED,6F,SpiceJet,BLR,BOM,2026-04-17 19:14:41.701,2026-04-17 22:31:41.701,11820000000000,11820000000000,197,Arjun,Khan,29,M,1997-04-05,PAY1984,6984,NETBANKING,BLR - BOM,2026-01,2026-04-17
B1929,P1495,SJ037,2025-11-05 11:37:36.952,CONFIRMED,6A,SpiceJet,BLR,BOM,2026-04-17 19:14:41.701,2026-04-17 22:31:41.701,11820000000000,11820000000000,197,Arjun,Nair,8,F,2018-07-02,Unknown,8105,Unknown,BLR - BOM,2025-11,2026-04-17
B1930,P1023,UK080,2025-12-16 11:37:36.952,PENDING,3B,Vistara,BLR,MAA,2026-04-17 21:09:41.702,2026-04-17 22:29:41.702,4800000000000,4800000000000,80,Aditya,Patel,76,F,1950-10-24,PAY1311,8105,UPI,BLR - MAA,2025-12,2026-04-17
B1930,P1023,UK080,2025-12-16 11:37:36.952,PENDING,3B,Vistara,BLR,MAA,2026-04-17 21:09:41.702,2026-04-17 22:29:41.702,4800000000000,4800000000000,80,Aditya,Patel,76,F,1950-10-24,PAY1547,1626,CARD,BLR - MAA,2025-12,2026-04-17
B1931,P1108,SJ031,2025-09-26 11:37:36.952,PENDING,16C,SpiceJet,DEL,BOM,2026-04-17 21:20:41.701,2026-04-17 22:29:41.701,4140000000000,4140000000000,69,Ishaan,Kulkarni,8,M,2018-02-08,PAY1066,10012,CARD,DEL - BOM,2025-09,2026-04-17
B1931,P1108,SJ031,2025-09-26 11:37:36.952,PENDING,16C,SpiceJet,DEL,BOM,2026-04-17 21:20:41.701,2026-04-17 22:29:41.701,4140000000000,4140000000000,69,IshaanKulkarni,Unknown,8,M,2018-06-13,PAY1066,10012,CARD,DEL - BOM,2025-09,2026-04-17
B1932,P1702,AI199,2025-12-28 11:37:36.952,CANCELLED,4B,Air India,HYD,DEL,2026-04-17 18:47:41.703,2026-04-17 22:26:41.703,13140000000000,13140000000000,219,Aadhya,Mehta,55,M,1971-11-02,PAY1284,8636,CARD,HYD - DEL,2025-12,2026-04-17
B1932,P1702,AI199,2025-12-28 11:37:36.952,CANCELLED,4B,Air India,HYD,DEL,2026-04-17 18:47:41.703,2026-04-17 22:26:41.703,13140000000000,13140000000000,219,Aadhya,Mehta,55,M,1971-11-02,PAY1568,8105,UPI,HYD - DEL,2025-12,2026-04-17
B1933,P1501,6F082,2025-05-28 11:37:36.952,CANCELLED,7B,IndiGo,BOM,BLR,2026-04-17 20:26:41.702,2026-04-17 22:26:41.702,7200000000000,7200000000000,120,Sai,Joshi,58,M,1968-06-25,Unknown,8105,Unknown,BOM - BLR,2025-05,2026-04-17
B1934,P1858,UK217,2026-04-12 11:37:36.952,PENDING,9F,Vistara,MAA,CCU,2026-04-17 21:19:41.704,2026-04-17 22:14:41.704,3300000000000,3300000000000,55,Myra,Gupta,17,F,2009-04-23,PAY1092,10979,UPI,MAA - CCU,2026-04,2026-04-17
B1934,P1858,UK217,2026-04-12 11:37:36.952,PENDING,9F,Vistara,MAA,CCU,2026-04-17 21:19:41.704,2026-04-17 22:14:41.704,3300000000000,3300000000000,55,myra,Gupta,17,F,2009-03-23,PAY1092,10979,UPI,MAA - CCU,2026-04,2026-04-17
B1935,P1024,UK014,2026-04-13 11:37:36.952,CANCELLED,6C,Vistara,HYD,MAA,2026-04-17 20:41:41.701,2026-04-17 22:06:41.701,5100000000000,5100000000000,85,Vivaan,Sharma,58,M,1968-08-08,Unknown,8105,Unknown,HYD - MAA,2026-04,2026-04-17
B1936,P1186,SJ180,2026-01-11 11:37:36.952,CONFIRMED,14D,SpiceJet,HYD,CCU,2026-04-17 17:12:41.703,2026-04-17 22:00:41.703,17280000000000,17280000000000,288,Sara,Mishra,79,F,1947-04-03,PAY1187,5159,UPI,HYD - CCU,2026-01,2026-04-17
B1936,P1186,SJ180,2026-01-11 11:37:36.952,CONFIRMED,14D,SpiceJet,HYD,CCU,2026-04-17 17:12:41.703,2026-04-17 22:00:41.703,17280000000000,17280000000000,288,Sara,Mishra,79,F,1947-04-03,PAY1937,6127,UPI,HYD - CCU,2026-01,2026-04-17
B1937,P1287,6F268,2026-02-19 11:37:36.952,CANCELLED,16E,Unknown,DEL,MAA,2026-04-17 20:29:41.701,2026-04-17 21:58:41.701,5340000000000,5340000000000,89,Ishaan,Kulkarni,68,F,1958-02-01,PAY1865,6826,CARD,DEL - MAA,2026-02,2026-04-17
B1938,P1627,UK205,2026-04-07 11:37:36.952,CANCELLED,19B,Vistara,HYD,MAA,2026-04-17 18:57:41.703,2026-04-17 21:46:41.703,10140000000000,10140000000000,169,Aditya,Iyer,21,M,2005-10-06,PAY1419,12243,UPI,HYD - MAA,2026-04,2026-04-17
B1939,P1337,SJ212,2025-07-22 11:37:36.952,PENDING,22B,UNKNOWN,MAA,BLR,2026-04-17 19:49:41.703,2026-04-17 21:44:41.703,6900000000000,6900000000000,115,Vivaan,Chatterjee,67,F,1959-03-02,PAY1131,8851,UPI,MAA - BLR,2025-07,2026-04-17
B1939,P1337,SJ212,2025-07-22 11:37:36.952,PENDING,22B,UNKNOWN,MAA,BLR,2026-04-17 19:49:41.703,2026-04-17 21:44:41.703,6900000000000,6900000000000,115,Vivaan,Chatterjee,67,F,1959-03-02,PAY1174,9873,UPI,MAA - BLR,2025-07,2026-04-17
B1939,P1337,SJ212,2025-07-22 11:37:36.952,PENDING,22B,UNKNOWN,MAA,BLR,2026-04-17 19:49:41.703,2026-04-17 21:44:41.703,6900000000000,6900000000000,115,Vivaan,Chatterjee,67,F,1959-03-02,PAY1279,7506,NETBANKING,MAA - BLR,2025-07,2026-04-17
B1939,P1337,SJ212,2025-07-22 11:37:36.952,PENDING,22B,UNKNOWN,MAA,BLR,2026-04-17 19:49:41.703,2026-04-17 21:44:41.703,6900000000000,6900000000000,115,Vivaan,Chatterjee,67,F,1959-03-02,PAY1409,14923,UPI,MAA - BLR,2025-07,2026-04-17
B1940,P1877,UK052,2025-06-25 11:37:36.952,CANCELLED,17C,Vistara,BLR,CCU,2026-04-17 20:48:41.701,2026-04-17 21:40:41.701,3120000000000,3120000000000,52,Ananya,Khan,6,F,2020-02-04,PAY1728,13791,CARD,BLR - CCU,2025-06,2026-04-17
B1940,P1877,UK052,2025-06-25 11:37:36.952,CANCELLED,17C,Vistara,BLR,CCU,2026-04-17 20:48:41.701,2026-04-17 21:40:41.701,3120000000000,3120000000000,52,Ananya,Khan,6,F,2020-02-04,PAY1810,4783,NETBANKING,BLR - CCU,2025-06,2026-04-17
B1941,P1913,UK230,2025-06-13 11:37:36.952,CANCELLED,19D,Vistara,BLR,BOM,2026-04-17 20:02:41.704,2026-04-17 21:35:41.704,5580000000000,5580000000000,93,Ananya,Nair,66,F,1960-10-14,PAY1288,1552,CARD,BLR - BOM,2025-06,2026-04-17
B1942,P1036,AI145,2025-07-18 11:37:36.952,CANCELLED,23D,Unknown,DEL,BOM,2026-04-17 17:06:41.702,2026-04-17 21:31:41.702,15900000000000,15900000000000,265,Riya,Reddy,62,F,1964-07-09,PAY1789,1756,UPI,DEL - BOM,2025-07,2026-04-17
B1943,P1793,SJ035,2026-03-13 11:37:36.952,CONFIRMED,7E,SpiceJet,CCU,DEL,2026-04-17 20:15:41.701,2026-04-17 21:15:42.000,3600299000000,3600299000000,60,Anika,Joshi,67,M,1959-02-07,PAY1653,9117,NETBANKING,CCU - DEL,2026-03,2026-04-17
B1943,P1793,SJ035,2026-03-13 11:37:36.952,CONFIRMED,7E,SpiceJet,CCU,DEL,2026-04-17 20:15:41.701,2026-04-17 21:15:42.000,3600299000000,3600299000000,60,Anika,Joshi,67,M,1959-02-07,PAY1920,5304,UPI,CCU - DEL,2026-03,2026-04-17
B1944,P1136,SJ184,2025-07-20 11:37:36.952,CANCELLED,10B,SpiceJet,CCU,DEL,2026-04-17 16:32:41.703,2026-04-17 21:00:41.703,16080000000000,16080000000000,268,Aadhya,Verma,27,M,1999-04-05,PAY1027,3644,UPI,CCU - DEL,2025-07,2026-04-17
B1944,P1136,SJ184,2025-07-20 11:37:36.952,CANCELLED,10B,SpiceJet,CCU,DEL,2026-04-17 16:32:41.703,2026-04-17 21:00:41.703,16080000000000,16080000000000,268,Aadhya,Verma,27,M,1999-04-05,PAY1508,9054,NETBANKING,CCU - DEL,2025-07,2026-04-17
B1945,P1507,6F207,2025-11-03 11:37:36.952,CONFIRMED,24A,IndiGo,BOM,HYD,2026-04-17 16:59:41.703,2026-04-17 21:00:41.703,14460000000000,14460000000000,241,Ananya,Khan,36,F,1990-10-21,Unknown,8105,Unknown,BOM - HYD,2025-11,2026-04-17
B1946,P1226,UK144,2026-03-30 11:37:36.952,CONFIRMED,15A,Vistara,BOM,CCU,2026-04-17 18:07:41.703,2026-04-17 20:59:41.703,10320000000000,10320000000000,172,Kavya,Chatterjee,59,F,1967-12-16,PAY1988,11197,UPI,BOM - CCU,2026-03,2026-04-17
B1947,P1319,AI126,2025-10-22 11:37:36.952,CONFIRMED,1A,Air India,MAA,HYD,2026-04-17 17:26:41.702,2026-04-17 20:48:41.702,12120000000000,12120000000000,202,Kavya,Chatterjee,35,M,1991-12-01,PAY1627,2186,NETBANKING,MAA - HYD,2025-10,2026-04-17
B1948,P1839,SJ145,2025-05-19 11:37:36.952,CONFIRMED,10A,SpiceJet,BLR,HYD,2026-04-17 17:41:41.702,2026-04-17 20:38:41.702,10620000000000,10620000000000,177,Ishaan,Nair,78,M,1948-11-15,PAY1495,7706,CARD,BLR - HYD,2025-05,2026-04-17
B1948,P1839,SJ145,2025-05-19 11:37:36.952,CONFIRMED,10A,SpiceJet,BLR,HYD,2026-04-17 17:41:41.702,2026-04-17 20:38:41.702,10620000000000,10620000000000,177,Ishaan,Nair,78,M,1948-11-15,PAY1559,6744,NETBANKING,BLR - HYD,2025-05,2026-04-17
B1949,P1915,6F040,2025-05-16 11:37:36.952,PENDING,15B,IndiGo,HYD,CCU,2026-04-17 15:52:41.701,2026-04-17 20:33:41.701,16860000000000,16860000000000,281,Sai,Patel,75,M,1951-10-17,PAY1980,11032,UPI,HYD - CCU,2025-05,2026-04-17
B1949,P1915,6F040,2025-05-16 11:37:36.952,PENDING,15B,IndiGo,HYD,CCU,2026-04-17 15:52:41.701,2026-04-17 20:33:41.701,16860000000000,16860000000000,281,Sai,Patel,75,M,1951-10-17,PAY1998,3328,CARD,HYD - CCU,2025-05,2026-04-17
B1950,P1181,UK049,2025-06-15 11:37:36.952,CONFIRMED,21B,Vistara,HYD,BOM,2026-04-17 19:47:41.701,2026-04-17 20:32:41.701,2700000000000,2700000000000,45,Shaurya,Chatterjee,62,M,1964-08-09,Unknown,8105,Unknown,HYD - BOM,2025-06,2026-04-17
B1951,P1873,UK049,2026-03-18 11:37:36.952,CANCELLED,3F,Vistara,HYD,BOM,2026-04-17 19:47:41.701,2026-04-17 20:32:41.701,2700000000000,2700000000000,45,Shaurya,Reddy,40,M,1986-11-09,PAY1929,12831,NETBANKING,HYD - BOM,2026-03,2026-04-17
B1952,P1085,AI087,2025-10-18 11:37:36.952,CONFIRMED,2C,Air India,MAA,DEL,2026-04-17 16:32:41.702,2026-04-17 20:30:41.702,14280000000000,14280000000000,238,Diya,Naidu,85,M,1941-06-14,PAY1370,10237,NETBANKING,MAA - DEL,2025-10,2026-04-17
B1953,P1466,AI152,2025-05-24 11:37:36.952,CANCELLED,19A,Air India,BLR,CCU,2026-04-17 19:21:41.703,2026-04-17 20:26:41.703,3900000000000,3900000000000,65,Aditya,Reddy,80,F,1946-08-03,PAY1341,12742,CARD,BLR - CCU,2025-05,2026-04-17
B1954,P1925,SJ240,2025-11-06 11:37:36.952,CONFIRMED,2A,SpiceJet,BOM,HYD,2026-04-17 16:42:41.704,2026-04-17 20:21:41.704,13140000000000,13140000000000,219,Diya,Naidu,19,M,2007-11-28,PAY1799,14525,NETBANKING,BOM - HYD,2025-11,2026-04-17
B1955,P1052,AI212,2025-09-14 11:37:36.952,PENDING,22B,Air India,DEL,CCU,2026-04-17 15:31:41.703,2026-04-17 20:13:41.703,16920000000000,16920000000000,282,Sai,Khan,53,F,1973-10-09,Unknown,8105,Unknown,DEL - CCU,2025-09,2026-04-17
B1956,P1859,AI064,2025-09-21 11:37:36.952,CONFIRMED,3B,Air India,BLR,MAA,2026-04-17 18:24:41.701,2026-04-17 20:07:41.701,6180000000000,6180000000000,103,Shaurya,Khan,86,F,1940-12-26,Unknown,8105,Unknown,BLR - MAA,2025-09,2026-04-17
B1957,P1866,6F093,2025-06-07 11:37:36.952,CONFIRMED,32E,IndiGo,CCU,DEL,2026-04-17 16:09:41.702,2026-04-17 20:00:41.702,13860000000000,13860000000000,231,Ishaan,Gupta,68,F,1958-08-04,PAY1337,4852,CARD,CCU - DEL,2025-06,2026-04-17
B1958,P1234,AI118,2025-04-28 11:37:36.952,PENDING,29C,Air India,HYD,MAA,2026-04-17 17:50:41.702,2026-04-17 19:59:41.702,7740000000000,7740000000000,129,Ananya,Banerjee,67,M,1959-07-22,PAY1691,1257,CARD,HYD - MAA,2025-04,2026-04-17
B1958,P1234,AI118,2025-04-28 11:37:36.952,PENDING,29C,Air India,HYD,MAA,2026-04-17 17:50:41.702,2026-04-17 19:59:41.702,7740000000000,7740000000000,129,Ananya,Banerjee,67,M,1959-07-22,PAY1945,1471,NETBANKING,HYD - MAA,2025-04,2026-04-17
B1959,P1958,AI172,2025-12-19 11:37:36.952,CONFIRMED,23D,Air India,BOM,CCU,2026-04-17 19:08:41.703,2026-04-17 19:53:41.703,2700000000000,2700000000000,45,Arjun,Ghosh,24,M,2002-06-25,PAY1076,9819,UPI,BOM - CCU,2025-12,2026-04-17
B1959,P1958,AI172,2025-12-19 11:37:36.952,CONFIRMED,23D,Air India,BOM,CCU,2026-04-17 19:08:41.703,2026-04-17 19:53:41.703,2700000000000,2700000000000,45,Arjun,Ghosh,24,M,2002-06-25,PAY1242,7275,NETBANKING,BOM - CCU,2025-12,2026-04-17
B1960,P1778,6F183,2026-01-30 11:37:36.952,CANCELLED,27E,IndiGo,MAA,HYD,2026-04-17 17:08:41.703,2026-04-17 19:52:41.703,9840000000000,9840000000000,164,Krishna,Verma,53,F,1973-04-02,PAY1812,14658,CARD,MAA - HYD,2026-01,2026-04-17
B1961,P1798,6F200,2025-07-15 11:37:36.952,CONFIRMED,28A,IndiGo,HYD,DEL,2026-04-17 14:54:41.703,2026-04-17 19:41:41.703,17220000000000,17220000000000,287,Aarav,Mishra,61,F,1965-11-26,Unknown,8105,Unknown,HYD - DEL,2025-07,2026-04-17
B1962,P1432,SJ077,2025-12-23 11:37:36.952,CONFIRMED,18C,SpiceJet,BLR,MAA,2026-04-17 17:32:41.701,2026-04-17 19:40:41.701,7680000000000,7680000000000,128,Sai,Chatterjee,69,F,1957-12-14,PAY1067,9530,CARD,BLR - MAA,2025-12,2026-04-17
B1962,P1432,SJ077,2025-12-23 11:37:36.952,CONFIRMED,18C,SpiceJet,BLR,MAA,2026-04-17 17:32:41.701,2026-04-17 19:40:41.701,7680000000000,7680000000000,128,Sai,Chatterjee,69,F,1957-12-14,PAY1209,1833,UPI,BLR - MAA,2025-12,2026-04-17
B1962,P1432,SJ077,2025-12-23 11:37:36.952,CONFIRMED,18C,SpiceJet,BLR,MAA,2026-04-17 17:32:41.701,2026-04-17 19:40:41.701,7680000000000,7680000000000,128,Sai,Chatterjee,69,F,1957-12-14,PAY1656,7948,CARD,BLR - MAA,2025-12,2026-04-17
B1962,P1432,SJ077,2025-12-23 11:37:36.952,CONFIRMED,18C,SpiceJet,BLR,MAA,2026-04-17 17:32:41.701,2026-04-17 19:40:41.701,7680000000000,7680000000000,128,Sai,Chatterjee,69,F,1957-12-14,PAY1790,11682,UPI,BLR - MAA,2025-12,2026-04-17
B1963,P1495,UK030,2026-02-24 11:37:36.952,CONFIRMED,27F,Vistara,CCU,DEL,2026-04-17 15:11:41.701,2026-04-17 19:38:41.701,16020000000000,16020000000000,267,Arjun,Nair,8,F,2018-07-02,Unknown,8105,Unknown,CCU - DEL,2026-02,2026-04-17
B1964,P1998,SJ232,2025-05-21 11:37:36.952,PENDING,18B,SpiceJet,MAA,BLR,2026-04-17 15:02:41.704,2026-04-17 19:22:41.704,15600000000000,15600000000000,260,Shaurya,Kulkarni,39,F,1987-04-14,Unknown,8105,Unknown,MAA - BLR,2025-05,2026-04-17
B1965,P1099,6F090,2026-01-29 11:37:36.952,CONFIRMED,20D,IndiGo,HYD,BLR,2026-04-17 15:10:41.702,2026-04-17 19:22:41.702,15120000000000,15120000000000,252,Vivaan,Agarwal,71,F,1955-05-26,Unknown,8105,Unknown,HYD - BLR,2026-01,2026-04-17
B1966,P1989,UK002,2025-11-06 11:37:36.952,CONFIRMED,12B,Vistara,CCU,MAA,2026-04-17 14:28:41.700,2026-04-17 19:20:41.700,17520000000000,17520000000000,292,Reyansh,Chatterjee,26,M,2000-04-12,PAY1291,14420,UPI,CCU - MAA,2025-11,2026-04-17
B1966,P1989,UK002,2025-11-06 11:37:36.952,CONFIRMED,12B,Vistara,CCU,MAA,2026-04-17 14:28:41.700,2026-04-17 19:20:41.700,17520000000000,17520000000000,292,Reyansh,Chatterjee,26,M,2000-04-12,PAY1715,6406,UPI,CCU - MAA,2025-11,2026-04-17
B1966,P1989,UK002,2025-11-06 11:37:36.952,CONFIRMED,12B,Vistara,CCU,MAA,2026-04-17 14:28:41.700,2026-04-17 19:20:41.700,17520000000000,17520000000000,292,Reyansh,Chatterjee,26,M,2000-04-12,PAY1964,13475,CARD,CCU - MAA,2025-11,2026-04-17
B1967,P1598,AI154,2025-07-03 11:37:36.952,CANCELLED,22C,Air India,HYD,MAA,2026-04-17 15:25:41.703,2026-04-17 19:16:41.703,13860000000000,13860000000000,231,Aadhya,Gupta,39,M,1987-06-05,PAY1004,12518,CARD,HYD - MAA,2025-07,2026-04-17
B1968,P1402,6F089,2025-10-11 11:37:36.952,CONFIRMED,2D,IndiGo,DEL,HYD,2026-04-17 17:06:41.702,2026-04-17 19:10:41.702,7440000000000,7440000000000,124,Riya,Khan,68,F,1958-02-19,PAY1582,14601,NETBANKING,DEL - HYD,2025-10,2026-04-17
B1969,P1395,6F218,2026-04-08 11:37:36.952,CONFIRMED,29A,IndiGo,BLR,BOM,2026-04-17 15:16:41.704,2026-04-17 19:03:41.704,13620000000000,13620000000000,227,Riya,Iyer,15,F,2011-05-09,PAY1849,13598,UPI,BLR - BOM,2026-04,2026-04-17
B1970,P1526,6F241,2025-11-26 11:37:36.952,CONFIRMED,12B,IndiGo,DEL,HYD,2026-04-17 18:27:41.704,2026-04-17 19:02:41.704,2100000000000,2100000000000,35,Saanvi,Singh,62,M,1964-05-02,PAY1300,4558,NETBANKING,DEL - HYD,2025-11,2026-04-17
B1971,P1414,6F116,2025-08-20 11:37:36.952,CONFIRMED,2B,IndiGo,MAA,CCU,2026-04-17 16:43:41.702,2026-04-17 19:02:41.702,8340000000000,8340000000000,139,Muhammad,Singh,19,M,2007-03-19,Unknown,8105,Unknown,MAA - CCU,2025-08,2026-04-17
B1972,P1938,UK199,2025-04-18 11:37:36.952,CANCELLED,19B,Vistara,BOM,CCU,2026-04-17 15:24:41.703,2026-04-17 18:55:41.703,12660000000000,12660000000000,211,Reyansh,Joshi,33,F,1993-04-26,PAY1736,5459,UPI,BOM - CCU,2025-04,2026-04-17
B1973,P1612,SJ033,2025-04-28 11:37:36.952,CANCELLED,8C,SpiceJet,HYD,DEL,2026-04-17 17:26:41.701,2026-04-17 18:51:41.701,5100000000000,5100000000000,85,Ananya,Pillai,77,F,1949-07-13,Unknown,8105,Unknown,HYD - DEL,2025-04,2026-04-17
B1974,P1676,AI210,2025-08-03 11:37:36.952,PENDING,15B,Air India,BLR,BOM,2026-04-17 16:13:41.703,2026-04-17 18:50:41.703,9420000000000,9420000000000,157,Reyansh,Reddy,82,F,1944-06-26,Unknown,8105,Unknown,BLR - BOM,2025-08,2026-04-17
B1975,P1462,UK148,2025-08-26 11:37:36.952,Unknown,20E,Vistara,HYD,BOM,2026-04-17 16:31:41.703,2026-04-17 18:43:41.703,7920000000000,7920000000000,132,Reyansh,Kulkarni,69,F,1957-09-07,PAY1773,7791,CARD,HYD - BOM,2025-08,2026-04-17
B1976,P1540,AI229,2025-08-27 11:37:36.952,PENDING,16F,Air India,HYD,MAA,2026-04-17 16:48:41.703,2026-04-17 18:40:41.703,6720000000000,6720000000000,112,Kavya,Khan,28,F,1998-03-26,PAY1078,8576,NETBANKING,HYD - MAA,2025-08,2026-04-17
B1977,P1625,UK005,2026-01-01 11:37:36.952,PENDING,4A,Vistara,BOM,MAA,2026-04-17 14:02:41.701,2026-04-17 18:14:41.701,15120000000000,15120000000000,252,Riya,Patel,61,F,1965-03-05,Unknown,8105,Unknown,BOM - MAA,2026-01,2026-04-17
B1978,P1618,SJ080,2025-12-07 11:37:36.952,CONFIRMED,12C,SpiceJet,CCU,MAA,2026-04-17 16:04:41.702,2026-04-17 17:59:41.702,6900000000000,6900000000000,115,Ishaan,Sharma,38,F,1988-11-20,PAY1613,9451,UPI,CCU - MAA,2025-12,2026-04-17
B1979,P1921,SJ092,2025-12-02 11:37:36.952,CANCELLED,1F,SpiceJet,BLR,MAA,2026-04-17 13:19:41.702,2026-04-17 17:56:41.702,16620000000000,16620000000000,277,Ishaan,Chatterjee,5,M,2021-12-10,Unknown,8105,Unknown,BLR - MAA,2025-12,2026-04-17
B1980,P1363,SJ055,2025-12-04 11:37:36.952,CANCELLED,15A,SpiceJet,HYD,MAA,2026-04-17 14:17:41.701,2026-04-17 17:56:41.701,13140000000000,13140000000000,219,Sara,Iyer,13,F,2013-02-16,PAY1500,12102,CARD,HYD - MAA,2025-12,2026-04-17
B1981,P1129,AI239,2025-05-17 11:37:36.952,CONFIRMED,19D,Air India,BOM,HYD,2026-04-17 14:33:41.704,2026-04-17 17:47:41.704,11640000000000,11640000000000,194,Vivaan,Joshi,65,F,1961-09-09,PAY1090,4762,CARD,BOM - HYD,2025-05,2026-04-17
B1981,P1129,AI239,2025-05-17 11:37:36.952,CONFIRMED,19D,Air India,BOM,HYD,2026-04-17 14:33:41.704,2026-04-17 17:47:41.704,11640000000000,11640000000000,194,Vivaan,Joshi,65,F,1961-09-09,PAY1522,7404,UPI,BOM - HYD,2025-05,2026-04-17
B1982,P1083,6F162,2025-06-17 11:37:36.952,Unknown,7A,IndiGo,CCU,BOM,2026-04-17 14:50:41.703,2026-04-17 17:44:41.703,10440000000000,10440000000000,174,Arjun,Banerjee,62,F,1964-02-24,Unknown,8105,Unknown,CCU - BOM,2025-06,2026-04-17
B1983,P1270,UK101,2025-06-28 11:37:36.952,Unknown,27A,Vistara,DEL,HYD,2026-04-17 15:00:41.702,2026-04-17 17:43:41.702,9780000000000,9780000000000,163,Reyansh,Nair,24,M,2002-07-11,PAY1689,9118,CARD,DEL - HYD,2025-06,2026-04-17
B1984,P1243,6F198,2025-04-25 11:37:36.952,CONFIRMED,27F,IndiGo,HYD,BLR,2026-04-17 12:40:41.703,2026-04-17 17:39:41.703,17940000000000,17940000000000,299,Aadhya,Chatterjee,1,M,2025-07-04,PAY1424,8110,UPI,HYD - BLR,2025-04,2026-04-17
B1984,P1243,6F198,2025-04-25 11:37:36.952,CONFIRMED,27F,IndiGo,HYD,BLR,2026-04-17 12:40:41.703,2026-04-17 17:39:41.703,17940000000000,17940000000000,299,Aadhya,Chatterjee,1,M,2025-07-04,PAY1754,11501,UPI,HYD - BLR,2025-04,2026-04-17
B1985,P1387,6F239,2025-09-28 11:37:36.952,CONFIRMED,31F,IndiGo,CCU,BOM,2026-04-17 15:24:41.704,2026-04-17 17:37:41.704,7980000000000,7980000000000,133,Anika,Sharma,22,F,2004-09-19,Unknown,8105,Unknown,CCU - BOM,2025-09,2026-04-17
B1986,P1213,SJ177,2025-10-07 11:37:36.952,CONFIRMED,13F,SpiceJet,BOM,CCU,2026-04-17 13:04:41.703,2026-04-17 17:37:41.703,16380000000000,16380000000000,273,Sai,Pillai,68,F,1958-12-18,Unknown,8105,Unknown,BOM - CCU,2025-10,2026-04-17
B1987,P1817,6F044,2026-03-12 11:37:36.952,CANCELLED,19F,IndiGo,DEL,HYD,2026-04-17 13:25:41.701,2026-04-17 17:36:41.701,15060000000000,15060000000000,251,Reyansh,Patel,27,M,1999-07-02,PAY1009,4585,CARD,DEL - HYD,2026-03,2026-04-17
B1987,P1817,6F044,2026-03-12 11:37:36.952,CANCELLED,19F,IndiGo,DEL,HYD,2026-04-17 13:25:41.701,2026-04-17 17:36:41.701,15060000000000,15060000000000,251,Reyansh,Patel,27,M,1999-07-02,PAY1053,4149,CARD,DEL - HYD,2026-03,2026-04-17
B1988,P1165,6F248,2026-02-17 11:37:36.952,PENDING,13A,IndiGo,DEL,HYD,2026-04-17 13:25:41.701,2026-04-17 17:36:41.701,15060000000000,15060000000000,251,Ira,Singh,44,M,1982-07-22,PAY1211,13945,UPI,DEL - HYD,2026-02,2026-04-17
B1989,P1790,6F002,2025-12-10 11:37:36.952,Unknown,16F,IndiGo,BLR,MAA,2026-04-17 14:11:41.700,2026-04-17 17:34:41.700,12180000000000,12180000000000,203,Sai,Banerjee,4,F,2022-01-20,Unknown,8105,Unknown,BLR - MAA,2025-12,2026-04-17
B1990,P1058,SJ197,2026-03-31 11:37:36.952,CONFIRMED,14B,SpiceJet,HYD,BLR,2026-04-17 14:49:41.703,2026-04-17 17:33:41.703,9840000000000,9840000000000,164,Diya,Mehta,8,F,2018-01-10,PAY1148,4434,NETBANKING,HYD - BLR,2026-03,2026-04-17
B1990,P1058,SJ197,2026-03-31 11:37:36.952,CONFIRMED,14B,SpiceJet,HYD,BLR,2026-04-17 14:49:41.703,2026-04-17 17:33:41.703,9840000000000,9840000000000,164,Diya,Mehta,8,F,2018-01-10,PAY1328,8105,UPI,HYD - BLR,2026-03,2026-04-17
B1990,P1058,SJ197,2026-03-31 11:37:36.952,CONFIRMED,14B,SpiceJet,HYD,BLR,2026-04-17 14:49:41.703,2026-04-17 17:33:41.703,9840000000000,9840000000000,164,Diya,Mehta,8,F,2018-01-10,PAY1539,9960,NETBANKING,HYD - BLR,2026-03,2026-04-17
B1991,P1601,UK091,2026-01-14 11:37:36.952,CANCELLED,22E,Vistara,CCU,BOM,2026-04-17 13:37:41.702,2026-04-17 17:31:41.702,14040000000000,14040000000000,234,Krishna,Naidu,39,M,1987-12-28,Unknown,8105,Unknown,CCU - BOM,2026-01,2026-04-17
B1992,P1882,6F215,2025-04-25 11:37:36.952,CONFIRMED,25C,IndiGo,DEL,BLR,2026-04-17 13:00:41.703,2026-04-17 17:30:41.703,16200000000000,16200000000000,270,Krishna,Ghosh,56,F,1970-09-06,PAY1468,4590,CARD,DEL - BLR,2025-04,2026-04-17
B1992,P1882,6F215,2025-04-25 11:37:36.952,CONFIRMED,25C,IndiGo,DEL,BLR,2026-04-17 13:00:41.703,2026-04-17 17:30:41.703,16200000000000,16200000000000,270,Krishna,Ghosh,56,F,1970-09-06,PAY1593,2165,NETBANKING,DEL - BLR,2025-04,2026-04-17
B1992,P1882,6F215,2025-04-25 11:37:36.952,CONFIRMED,25C,IndiGo,DEL,BLR,2026-04-17 13:00:41.703,2026-04-17 17:30:41.703,16200000000000,16200000000000,270,Krishna,Ghosh,56,F,1970-09-06,PAY1960,7248,UPI,DEL - BLR,2025-04,2026-04-17
B1993,P1842,AI093,2026-03-11 11:37:36.952,CANCELLED,5B,Air India,BOM,BLR,2026-04-17 12:35:41.702,2026-04-17 17:28:41.702,17580000000000,17580000000000,293,Ira,Banerjee,26,F,2000-04-09,Unknown,8105,Unknown,BOM - BLR,2026-03,2026-04-17
B1994,P1923,UK090,2026-03-31 11:37:36.952,CONFIRMED,21D,Vistara,HYD,MAA,2026-04-17 14:44:41.702,2026-04-17 17:24:41.702,9600000000000,9600000000000,160,Sai,Gupta,26,M,2000-06-24,Unknown,8105,Unknown,HYD - MAA,2026-03,2026-04-17
B1995,P1503,SJ005,2025-11-20 11:37:36.952,CANCELLED,11C,SpiceJet,DEL,MAA,2026-04-17 16:03:41.701,2026-04-17 17:24:41.701,4860000000000,4860000000000,81,Riya,Verma,29,F,1997-03-04,Unknown,8105,Unknown,DEL - MAA,2025-11,2026-04-17
B1996,P1705,UK106,2025-08-08 11:37:36.952,CANCELLED,27E,Vistara,BOM,CCU,2026-04-17 15:12:41.702,2026-04-17 17:23:41.702,7860000000000,7860000000000,131,Saanvi,Sharma,69,M,1957-07-11,PAY1075,10359,UPI,BOM - CCU,2025-08,2026-04-17
B1997,P1122,6F223,2025-05-03 11:37:36.952,PENDING,27B,IndiGo,MAA,BLR,2026-04-17 16:47:41.704,2026-04-17 17:21:41.704,2040000000000,2040000000000,34,Ananya,Verma,23,M,2003-01-02,PAY1387,8105,UPI,MAA - BLR,2025-05,2026-04-17
B1997,P1122,6F223,2025-05-03 11:37:36.952,PENDING,27B,IndiGo,MAA,BLR,2026-04-17 16:47:41.704,2026-04-17 17:21:41.704,2040000000000,2040000000000,34,Ananya,Verma,23,M,2003-01-02,PAY1992,8105,CARD,MAA - BLR,2025-05,2026-04-17
B1998,P1647,6F011,2025-10-23 11:37:36.952,CONFIRMED,14C,IndiGo,MAA,BLR,2026-04-17 15:16:41.701,2026-04-17 17:16:42.000,7200299000000,7200299000000,120,Anika,Nair,75,M,1951-12-26,PAY1005,7320,CARD,MAA - BLR,2025-10,2026-04-17
B1998,P1647,6F011,2025-10-23 11:37:36.952,CONFIRMED,14C,IndiGo,MAA,BLR,2026-04-17 15:16:41.701,2026-04-17 17:16:42.000,7200299000000,7200299000000,120,Anika,Nair,75,M,1951-12-26,PAY1863,11066,NETBANKING,MAA - BLR,2025-10,2026-04-17
B1999,P1412,UK124,2025-08-08 11:37:36.952,INVALID,12B,Vistara,MAA,BLR,2026-04-17 14:35:41.702,2026-04-17 17:09:41.702,9240000000000,9240000000000,154,Riya,Iyer,17,F,2009-12-22,PAY1855,2806,NETBANKING,MAA - BLR,2025-08,2026-04-17
