flight_id,airline,source,destination,departure_time,arrival_time,duration,calculated_duration,duration_minutes
SJ010,SpiceJet,CCU,MAA,2026-04-20 23:38:41.701,2026-04-21 02:32:41.701,0 days 02:54:00,0 days 02:54:00,174.0
AI155,Air India,BOM,CCU,2026-04-20 23:35:41.703,2026-04-21 01:23:41.703,0 days 01:48:00,0 days 01:48:00,108.0
UK094,Vistara,BOM,CCU,2026-04-20 23:26:41.702,2026-04-21 01:11:41.702,0 days 01:45:00,0 days 01:45:00,105.0
AI245,Air India,BOM,CCU,2026-04-20 23:07:41.704,2026-04-21 01:43:41.704,0 days 02:36:00,0 days 02:36:00,156.0
AI192,Air India,MAA,BOM,2026-04-20 23:05:41.703,2026-04-21 04:04:41.703,0 days 04:59:00,0 days 04:59:00,299.0
SJ158,SpiceJet,DEL,HYD,2026-04-20 23:05:41.703,2026-04-21 01:24:41.703,0 days 02:19:00,0 days 02:19:00,139.0
6F196,IndiGo,CCU,MAA,2026-04-20 23:04:41.703,2026-04-21 00:47:41.703,0 days 01:43:00,0 days 01:43:00,103.0
AI080,Air India,BOM,HYD,2026-04-20 23:03:41.702,2026-04-21 00:35:41.702,0 days 01:32:00,0 days 01:32:00,92.0
6F025,IndiGo,BLR,BOM,2026-04-20 23:02:41.701,2026-04-20 23:57:41.701,0 days 00:55:00,0 days 00:55:00,55.0
6F251,UNKNOWN,DEL,BLR,2026-04-20 22:56:41.703,2026-04-20 23:37:41.703,0 days 00:41:00,0 days 00:41:00,41.0
AI137,Air India,BOM,DEL,2026-04-20 22:49:41.702,2026-04-21 01:17:41.702,0 days 02:28:00,0 days 02:28:00,148.0
6F026,IndiGo,BOM,CCU,2026-04-20 22:46:42.000,2026-04-21 03:13:42.000,0 days 04:27:00,0 days 04:27:00,267.0
UK167,Vistara,DEL,MAA,2026-04-20 22:45:41.703,2026-04-21 01:46:41.703,0 days 03:01:00,0 days 03:01:00,181.0
UK027,Vistara,BOM,CCU,2026-04-20 22:44:41.701,2026-04-21 01:05:41.701,0 days 02:21:00,0 days 02:21:00,141.0
AI069,UNKNOWN,DEL,BOM,2026-04-20 22:43:41.702,2026-04-21 02:29:41.702,0 days 03:46:00,0 days 03:46:00,226.0
AI058,Air India,BOM,CCU,2026-04-20 22:40:41.701,2026-04-21 00:18:41.701,0 days 01:38:00,0 days 01:38:00,98.0
AI140,Air India,BOM,DEL,2026-04-20 22:25:41.702,2026-04-21 02:08:41.702,0 days 03:43:00,0 days 03:43:00,223.0
SJ239,SpiceJet,BOM,CCU,2026-04-20 22:24:41.704,2026-04-21 00:10:41.704,0 days 01:46:00,0 days 01:46:00,106.0
6F099,IndiGo,MAA,DEL,2026-04-20 22:24:41.702,2026-04-20 22:59:41.702,0 days 00:35:00,0 days 00:35:00,35.0
AI048,Air India,CCU,DEL,2026-04-20 22:23:41.701,2026-04-21 02:15:41.701,0 days 03:52:00,0 days 03:52:00,232.0
SJ112,SpiceJet,HYD,DEL,2026-04-20 22:20:41.702,2026-04-21 00:40:41.702,0 days 02:20:00,0 days 02:20:00,140.0
6F164,IndiGo,BLR,BOM,2026-04-20 22:18:41.703,2026-04-21 00:45:41.703,0 days 02:27:00,0 days 02:27:00,147.0
UK021,Vistara,HYD,MAA,2026-04-20 22:00:41.701,2026-04-20 23:50:41.701,0 days 01:50:00,0 days 01:50:00,110.0
SJ172,SpiceJet,CCU,DEL,2026-04-20 21:58:41.703,2026-04-21 01:14:41.703,0 days 03:16:00,0 days 03:16:00,196.0
AI060,Air India,DEL,HYD,2026-04-20 21:58:41.701,2026-04-20 23:51:41.701,0 days 01:53:00,0 days 01:53:00,113.0
SJ205,SpiceJet,HYD,CCU,2026-04-20 21:56:41.703,2026-04-20 23:00:41.703,0 days 01:04:00,0 days 01:04:00,64.0
SJ093,SpiceJet,BLR,BOM,2026-04-20 21:55:41.702,2026-04-20 23:01:41.702,0 days 01:06:00,0 days 01:06:00,66.0
6F195,IndiGo,CCU,DEL,2026-04-20 21:44:41.703,2026-04-20 22:39:41.703,0 days 00:55:00,0 days 00:55:00,55.0
UK003,UNKNOWN,HYD,DEL,2026-04-20 21:41:41.700,2026-04-21 02:19:41.700,0 days 04:38:00,0 days 04:38:00,278.0
UK026,Vistara,HYD,MAA,2026-04-20 21:38:41.701,2026-04-20 23:44:41.701,0 days 02:06:00,0 days 02:06:00,126.0
6F174,IndiGo,DEL,HYD,2026-04-20 21:36:41.703,2026-04-20 22:16:41.703,0 days 00:40:00,0 days 00:40:00,40.0
UK067,Vistara,BOM,CCU,2026-04-20 21:36:41.701,2026-04-21 01:02:41.701,0 days 03:26:00,0 days 03:26:00,206.0
SJ149,SpiceJet,HYD,MAA,2026-04-20 21:20:41.702,2026-04-20 23:20:42.000,0 days 02:00:00.298000,0 days 02:00:00.298000,120.00496666666666
6F213,IndiGo,BLR,BOM,2026-04-20 21:05:41.703,2026-04-21 00:32:41.703,0 days 03:27:00,0 days 03:27:00,207.0
UK200,Vistara,CCU,DEL,2026-04-20 20:54:41.703,2026-04-20 22:45:41.703,0 days 01:51:00,0 days 01:51:00,111.0
SJ214,SpiceJet,BOM,MAA,2026-04-20 20:54:41.703,2026-04-20 22:10:41.703,0 days 01:16:00,0 days 01:16:00,76.0
SJ047,SpiceJet,HYD,BOM,2026-04-20 20:44:41.701,2026-04-20 21:21:41.701,0 days 00:37:00,0 days 00:37:00,37.0
AI179,Air India,HYD,BOM,2026-04-20 20:41:41.703,2026-04-21 01:19:41.703,0 days 04:38:00,0 days 04:38:00,278.0
SJ153,SpiceJet,DEL,CCU,2026-04-20 20:37:41.702,2026-04-20 22:00:41.702,0 days 01:23:00,0 days 01:23:00,83.0
6F236,IndiGo,BOM,DEL,2026-04-20 20:35:41.704,2026-04-20 23:54:41.704,0 days 03:19:00,0 days 03:19:00,199.0
UK059,Vistara,HYD,MAA,2026-04-20 20:33:41.701,2026-04-20 22:10:41.701,0 days 01:37:00,0 days 01:37:00,97.0
SJ001,SpiceJet,BOM,MAA,2026-04-20 20:28:41.700,2026-04-21 01:15:41.700,0 days 04:47:00,0 days 04:47:00,287.0
SJ049,SpiceJet,CCU,DEL,2026-04-20 20:26:41.701,2026-04-21 00:26:41.701,0 days 04:00:00,0 days 04:00:00,240.0
6F086,IndiGo,MAA,HYD,2026-04-20 20:23:41.702,2026-04-20 21:00:41.702,0 days 00:37:00,0 days 00:37:00,37.0
AI220,Air India,BOM,DEL,2026-04-20 20:19:41.703,2026-04-20 21:57:41.703,0 days 01:38:00,0 days 01:38:00,98.0
AI188,Air India,CCU,HYD,2026-04-20 20:16:41.703,2026-04-20 23:02:41.703,0 days 02:46:00,0 days 02:46:00,166.0
6F114,IndiGo,BOM,MAA,2026-04-20 20:10:41.702,2026-04-20 21:00:41.702,0 days 00:50:00,0 days 00:50:00,50.0
SJ179,SpiceJet,DEL,HYD,2026-04-20 20:09:41.703,2026-04-20 23:39:41.703,0 days 03:30:00,0 days 03:30:00,210.0
6F190,IndiGo,DEL,MAA,2026-04-20 20:02:41.703,2026-04-21 00:36:41.703,0 days 04:34:00,0 days 04:34:00,274.0
SJ003,SpiceJet,MAA,CCU,2026-04-20 19:50:41.701,2026-04-20 20:32:41.701,0 days 00:42:00,0 days 00:42:00,42.0
6F028,IndiGo,HYD,CCU,2026-04-20 19:49:41.701,2026-04-20 21:49:41.701,0 days 02:00:00,0 days 02:00:00,120.0
UK036,Vistara,CCU,BLR,2026-04-20 19:48:41.701,2026-04-21 00:12:41.701,0 days 04:24:00,0 days 04:24:00,264.0
SJ160,SpiceJet,MAA,BLR,2026-04-20 19:45:41.703,2026-04-20 20:30:41.703,0 days 00:45:00,0 days 00:45:00,45.0
6F151,IndiGo,CCU,HYD,2026-04-20 19:44:41.703,2026-04-20 22:04:41.703,0 days 02:20:00,0 days 02:20:00,140.0
UK140,Vistara,MAA,BLR,2026-04-20 19:37:41.703,2026-04-20 21:00:41.703,0 days 01:23:00,0 days 01:23:00,83.0
AI115,Air India,MAA,BLR,2026-04-20 19:37:41.702,2026-04-21 00:26:41.702,0 days 04:49:00,0 days 04:49:00,289.0
AI132,Air India,BLR,BOM,2026-04-20 19:32:41.702,2026-04-20 21:41:41.702,0 days 02:09:00,0 days 02:09:00,129.0
UK209,,MAA,BLR,2026-04-20 19:02:41.704,2026-04-20 21:47:41.704,0 days 02:45:00,0 days 02:45:00,165.0
SJ043,UNKNOWN,MAA,DEL,2026-04-20 18:59:41.701,2026-04-20 21:08:41.701,0 days 02:09:00,0 days 02:09:00,129.0
UK176,Vistara,HYD,BLR,2026-04-20 18:41:41.703,2026-04-20 22:49:41.703,0 days 04:08:00,0 days 04:08:00,248.0
UK216,Vistara,MAA,HYD,2026-04-20 18:33:41.704,2026-04-20 21:47:41.704,0 days 03:14:00,0 days 03:14:00,194.0
UK150,Vistara,DEL,CCU,2026-04-20 18:31:41.703,2026-04-20 19:01:41.703,0 days 00:30:00,0 days 00:30:00,30.0
UK145,Vistara,BOM,HYD,2026-04-20 18:30:41.703,2026-04-20 20:41:41.703,0 days 02:11:00,0 days 02:11:00,131.0
6F270,,HYD,MAA,2026-04-20 18:14:41.701,2026-04-20 19:02:41.701,0 days 00:48:00,0 days 00:48:00,48.0
6F012,IndiGo,CCU,HYD,2026-04-20 18:06:41.701,2026-04-20 21:31:41.701,0 days 03:25:00,0 days 03:25:00,205.0
SJ236,SpiceJet,MAA,BOM,2026-04-20 18:03:41.704,2026-04-20 22:02:41.704,0 days 03:59:00,0 days 03:59:00,239.0
6F149,IndiGo,BLR,CCU,2026-04-20 17:57:41.703,2026-04-20 20:42:41.703,0 days 02:45:00,0 days 02:45:00,165.0
UK004,Vistara,BOM,CCU,2026-04-20 17:56:41.700,2026-04-20 18:30:41.700,0 days 00:34:00,0 days 00:34:00,34.0
UK010,Vistara,MAA,HYD,2026-04-20 17:53:41.701,2026-04-20 20:40:41.701,0 days 02:47:00,0 days 02:47:00,167.0
UK215,Vistara,BOM,DEL,2026-04-20 17:38:41.704,2026-04-20 19:50:41.704,0 days 02:12:00,0 days 02:12:00,132.0
SJ116,SpiceJet,HYD,CCU,2026-04-20 17:33:41.702,2026-04-20 19:02:41.702,0 days 01:29:00,0 days 01:29:00,89.0
SJ023,SpiceJet,HYD,MAA,2026-04-20 17:27:41.701,2026-04-20 19:09:41.701,0 days 01:42:00,0 days 01:42:00,102.0
UK152,Vistara,BOM,CCU,2026-04-20 17:24:41.703,2026-04-20 20:13:41.703,0 days 02:49:00,0 days 02:49:00,169.0
SJ202,SpiceJet,CCU,HYD,2026-04-20 17:21:41.703,2026-04-20 19:08:41.703,0 days 01:47:00,0 days 01:47:00,107.0
6F043,IndiGo,BOM,HYD,2026-04-20 17:17:41.701,2026-04-20 18:43:41.701,0 days 01:26:00,0 days 01:26:00,86.0
UK173,Vistara,MAA,BLR,2026-04-20 17:06:41.703,2026-04-20 21:22:41.703,0 days 04:16:00,0 days 04:16:00,256.0
SJ081,SpiceJet,BOM,BLR,2026-04-20 17:04:41.702,2026-04-20 18:53:41.702,0 days 01:49:00,0 days 01:49:00,109.0
UK153,Vistara,CCU,HYD,2026-04-20 16:52:41.703,2026-04-20 20:53:41.703,0 days 04:01:00,0 days 04:01:00,241.0
UK187,Vistara,BLR,BOM,2026-04-20 16:52:41.703,2026-04-20 18:42:41.703,0 days 01:50:00,0 days 01:50:00,110.0
UK055,Vistara,HYD,DEL,2026-04-20 16:48:41.701,2026-04-20 19:31:41.701,0 days 02:43:00,0 days 02:43:00,163.0
UK181,Vistara,MAA,DEL,2026-04-20 16:44:41.703,2026-04-20 19:26:41.703,0 days 02:42:00,0 days 02:42:00,162.0
UK074,Vistara,BOM,DEL,2026-04-20 16:44:41.702,2026-04-20 18:41:41.702,0 days 01:57:00,0 days 01:57:00,117.0
SJ068,SpiceJet,BLR,BOM,2026-04-20 16:44:41.701,2026-04-20 18:48:41.701,0 days 02:04:00,0 days 02:04:00,124.0
AI242,UNKNOWN,BLR,CCU,2026-04-20 16:41:41.704,2026-04-20 17:43:41.704,0 days 01:02:00,0 days 01:02:00,62.0
SJ237,SpiceJet,BOM,CCU,2026-04-20 16:32:41.704,2026-04-20 19:00:41.704,0 days 02:28:00,0 days 02:28:00,148.0
6F194,IndiGo,BOM,CCU,2026-04-20 16:29:41.703,2026-04-20 18:27:41.703,0 days 01:58:00,0 days 01:58:00,118.0
UK063,Vistara,DEL,BOM,2026-04-20 16:29:41.701,2026-04-20 17:41:41.701,0 days 01:12:00,0 days 01:12:00,72.0
UK068,Vistara,BLR,MAA,2026-04-20 16:28:41.701,2026-04-20 18:09:41.701,0 days 01:41:00,0 days 01:41:00,101.0
UK224,,CCU,MAA,2026-04-20 16:25:41.704,2026-04-20 20:24:41.704,0 days 03:59:00,0 days 03:59:00,239.0
UK077,UNKNOWN,HYD,BOM,2026-04-20 16:22:41.702,2026-04-20 18:00:41.702,0 days 01:38:00,0 days 01:38:00,98.0
UK207,Vistara,MAA,CCU,2026-04-20 16:21:41.703,2026-04-20 17:36:41.703,0 days 01:15:00,0 days 01:15:00,75.0
AI221,Air India,MAA,HYD,2026-04-20 16:18:41.703,2026-04-20 18:54:41.703,0 days 02:36:00,0 days 02:36:00,156.0
UK109,Vistara,BLR,BOM,2026-04-20 16:06:41.702,2026-04-20 17:06:42.000,0 days 01:00:00.298000,0 days 01:00:00.298000,60.00496666666666
UK089,Vistara,BOM,HYD,2026-04-20 15:38:41.702,2026-04-20 19:50:41.702,0 days 04:12:00,0 days 04:12:00,252.0
AI072,Air India,BLR,CCU,2026-04-20 15:34:41.702,2026-04-20 16:32:41.702,0 days 00:58:00,0 days 00:58:00,58.0
UK131,Vistara,BOM,DEL,2026-04-20 15:33:41.702,2026-04-20 19:39:41.702,0 days 04:06:00,0 days 04:06:00,246.0
SJ150,SpiceJet,BOM,HYD,2026-04-20 15:33:41.702,2026-04-20 19:03:41.702,0 days 03:30:00,0 days 03:30:00,210.0
6F097,IndiGo,BLR,BOM,2026-04-20 15:32:41.702,2026-04-20 16:49:41.702,0 days 01:17:00,0 days 01:17:00,77.0
6F123,IndiGo,DEL,HYD,2026-04-20 15:26:41.702,2026-04-20 17:12:41.702,0 days 01:46:00,0 days 01:46:00,106.0
6F017,IndiGo,CCU,BOM,2026-04-20 15:25:41.701,2026-04-20 18:06:41.701,0 days 02:41:00,0 days 02:41:00,161.0
6F245,IndiGo,CCU,BOM,2026-04-20 15:25:41.701,2026-04-20 18:06:41.701,0 days 02:41:00,0 days 02:41:00,161.0
6F180,IndiGo,MAA,BLR,2026-04-20 15:24:41.703,2026-04-20 19:48:41.703,0 days 04:24:00,0 days 04:24:00,264.0
6F152,IndiGo,CCU,DEL,2026-04-20 15:21:41.703,2026-04-20 17:25:41.703,0 days 02:04:00,0 days 02:04:00,124.0
SJ034,SpiceJet,MAA,BOM,2026-04-20 15:20:41.701,2026-04-20 20:11:41.701,0 days 04:51:00,0 days 04:51:00,291.0
SJ142,SpiceJet,CCU,BOM,2026-04-20 15:14:41.702,2026-04-20 16:56:41.702,0 days 01:42:00,0 days 01:42:00,102.0
UK189,Vistara,BLR,MAA,2026-04-20 15:07:41.703,2026-04-20 18:51:41.703,0 days 03:44:00,0 days 03:44:00,224.0
SJ044,SpiceJet,DEL,CCU,2026-04-20 15:06:41.701,2026-04-20 17:43:41.701,0 days 02:37:00,0 days 02:37:00,157.0
SJ196,SpiceJet,DEL,HYD,2026-04-20 14:58:41.703,2026-04-20 17:44:41.703,0 days 02:46:00,0 days 02:46:00,166.0
6F188,IndiGo,DEL,HYD,2026-04-20 14:57:41.703,2026-04-20 19:39:41.703,0 days 04:42:00,0 days 04:42:00,282.0
6F181,IndiGo,BOM,MAA,2026-04-20 14:55:41.703,2026-04-20 16:43:41.703,0 days 01:48:00,0 days 01:48:00,108.0
6F077,IndiGo,CCU,DEL,2026-04-20 14:55:41.702,2026-04-20 19:13:41.702,0 days 04:18:00,0 days 04:18:00,258.0
SJ154,SpiceJet,BLR,HYD,2026-04-20 14:47:41.702,2026-04-20 16:26:41.702,0 days 01:39:00,0 days 01:39:00,99.0
AI025,Air India,HYD,DEL,2026-04-20 14:46:41.701,2026-04-20 17:11:41.701,0 days 02:25:00,0 days 02:25:00,145.0
AI094,Air India,DEL,BLR,2026-04-20 14:44:41.702,2026-04-20 15:44:42.000,0 days 01:00:00.298000,0 days 01:00:00.298000,60.00496666666666
6F191,IndiGo,BLR,DEL,2026-04-20 14:41:41.703,2026-04-20 15:11:41.703,0 days 00:30:00,0 days 00:30:00,30.0
SJ085,SpiceJet,BLR,MAA,2026-04-20 14:41:41.702,2026-04-20 19:11:41.702,0 days 04:30:00,0 days 04:30:00,270.0
6F261,,CCU,DEL,2026-04-20 14:31:41.703,2026-04-20 17:29:41.703,0 days 02:58:00,0 days 02:58:00,178.0
6F129,IndiGo,DEL,CCU,2026-04-20 14:28:41.702,2026-04-20 16:47:41.702,0 days 02:19:00,0 days 02:19:00,139.0
6F254,,MAA,BLR,2026-04-20 14:26:41.703,2026-04-20 18:01:41.703,0 days 03:35:00,0 days 03:35:00,215.0
SJ185,SpiceJet,BOM,CCU,2026-04-20 14:21:41.703,2026-04-20 15:21:41.703,0 days 01:00:00,0 days 01:00:00,60.0
6F030,IndiGo,BOM,DEL,2026-04-20 14:20:41.701,2026-04-20 17:10:41.701,0 days 02:50:00,0 days 02:50:00,170.0
SJ222,SpiceJet,BOM,DEL,2026-04-20 14:15:41.703,2026-04-20 17:09:41.703,0 days 02:54:00,0 days 02:54:00,174.0
6F259,,BOM,DEL,2026-04-20 14:10:41.703,2026-04-20 15:21:41.703,0 days 01:11:00,0 days 01:11:00,71.0
UK083,Vistara,DEL,HYD,2026-04-20 14:10:41.702,2026-04-20 14:59:41.702,0 days 00:49:00,0 days 00:49:00,49.0
6F051,IndiGo,BLR,BOM,2026-04-20 13:58:41.701,2026-04-20 15:58:41.701,0 days 02:00:00,0 days 02:00:00,120.0
SJ088,SpiceJet,CCU,MAA,2026-04-20 13:54:41.702,2026-04-20 14:26:41.702,0 days 00:32:00,0 days 00:32:00,32.0
6F146,IndiGo,HYD,MAA,2026-04-20 13:51:41.703,2026-04-20 15:07:41.703,0 days 01:16:00,0 days 01:16:00,76.0
6F047,IndiGo,MAA,DEL,2026-04-20 13:50:41.701,2026-04-20 15:55:41.701,0 days 02:05:00,0 days 02:05:00,125.0
AI077,Air India,CCU,HYD,2026-04-20 13:45:41.702,2026-04-20 14:51:41.702,0 days 01:06:00,0 days 01:06:00,66.0
UK134,Vistara,HYD,CCU,2026-04-20 13:44:41.702,2026-04-20 17:26:41.702,0 days 03:42:00,0 days 03:42:00,222.0
AI056,Air India,DEL,MAA,2026-04-20 13:44:41.701,2026-04-20 17:39:41.701,0 days 03:55:00,0 days 03:55:00,235.0
UK141,,HYD,MAA,2026-04-20 13:38:41.703,2026-04-20 15:59:41.703,0 days 02:21:00,0 days 02:21:00,141.0
AI030,Air India,CCU,HYD,2026-04-20 13:33:41.701,2026-04-20 16:52:41.701,0 days 03:19:00,0 days 03:19:00,199.0
AI029,Air India,MAA,DEL,2026-04-20 13:29:41.701,2026-04-20 17:53:41.701,0 days 04:24:00,0 days 04:24:00,264.0
SJ167,SpiceJet,MAA,CCU,2026-04-20 13:18:41.703,2026-04-20 14:12:41.703,0 days 00:54:00,0 days 00:54:00,54.0
UK017,Vistara,BLR,HYD,2026-04-20 13:14:41.701,2026-04-20 14:49:41.701,0 days 01:35:00,0 days 01:35:00,95.0
6F229,IndiGo,MAA,DEL,2026-04-20 13:10:41.704,2026-04-20 14:30:41.704,0 days 01:20:00,0 days 01:20:00,80.0
SJ117,SpiceJet,MAA,BLR,2026-04-20 13:10:41.702,2026-04-20 17:06:41.702,0 days 03:56:00,0 days 03:56:00,236.0
6F184,IndiGo,MAA,BOM,2026-04-20 13:05:41.703,2026-04-20 16:04:41.703,0 days 02:59:00,0 days 02:59:00,179.0
AI031,Air India,DEL,MAA,2026-04-20 13:05:41.701,2026-04-20 16:11:41.701,0 days 03:06:00,0 days 03:06:00,186.0
AI178,Air India,CCU,BLR,2026-04-20 13:04:41.703,2026-04-20 14:03:41.703,0 days 00:59:00,0 days 00:59:00,59.0
SJ089,SpiceJet,HYD,CCU,2026-04-20 12:42:41.702,2026-04-20 17:15:41.702,0 days 04:33:00,0 days 04:33:00,273.0
UK166,Vistara,HYD,MAA,2026-04-20 12:39:41.703,2026-04-20 17:32:41.703,0 days 04:53:00,0 days 04:53:00,293.0
UK104,Vistara,DEL,BOM,2026-04-20 12:30:41.702,2026-04-20 13:52:41.702,0 days 01:22:00,0 days 01:22:00,82.0
6F168,IndiGo,HYD,DEL,2026-04-20 12:18:41.703,2026-04-20 15:58:41.703,0 days 03:40:00,0 days 03:40:00,220.0
AI222,UNKNOWN,BOM,DEL,2026-04-20 12:10:41.703,2026-04-20 13:14:41.703,0 days 01:04:00,0 days 01:04:00,64.0
SJ025,SpiceJet,BOM,CCU,2026-04-20 12:02:41.701,2026-04-20 15:29:41.701,0 days 03:27:00,0 days 03:27:00,207.0
6F255,,DEL,BOM,2026-04-20 11:59:41.703,2026-04-20 15:33:41.703,0 days 03:34:00,0 days 03:34:00,214.0
UK228,Vistara,DEL,MAA,2026-04-20 11:58:41.704,2026-04-20 15:08:41.704,0 days 03:10:00,0 days 03:10:00,190.0
6F158,IndiGo,CCU,MAA,2026-04-20 11:58:41.703,2026-04-20 16:04:41.703,0 days 04:06:00,0 days 04:06:00,246.0
SJ218,SpiceJet,DEL,HYD,2026-04-20 11:58:41.703,2026-04-20 15:03:41.703,0 days 03:05:00,0 days 03:05:00,185.0
6F034,IndiGo,BOM,DEL,2026-04-20 11:53:41.701,2026-04-20 12:49:41.701,0 days 00:56:00,0 days 00:56:00,56.0
UK156,Vistara,MAA,BLR,2026-04-20 11:50:41.703,2026-04-20 15:54:41.703,0 days 04:04:00,0 days 04:04:00,244.0
6F105,IndiGo,BLR,BOM,2026-04-20 11:46:41.702,2026-04-20 12:58:41.702,0 days 01:12:00,0 days 01:12:00,72.0
6F073,IndiGo,DEL,CCU,2026-04-20 11:38:41.702,2026-04-20 15:18:41.702,0 days 03:40:00,0 days 03:40:00,220.0
SJ074,SpiceJet,DEL,CCU,2026-04-20 11:21:41.701,2026-04-20 12:02:41.701,0 days 00:41:00,0 days 00:41:00,41.0
6F234,IndiGo,BOM,DEL,2026-04-20 11:20:41.704,2026-04-20 14:11:41.704,0 days 02:51:00,0 days 02:51:00,171.0
6F068,IndiGo,BLR,HYD,2026-04-20 11:17:41.701,2026-04-20 15:06:41.701,0 days 03:49:00,0 days 03:49:00,229.0
6F074,IndiGo,HYD,BOM,2026-04-20 11:09:41.702,2026-04-20 14:29:41.702,0 days 03:20:00,0 days 03:20:00,200.0
AI038,Air India,HYD,MAA,2026-04-20 11:05:41.701,2026-04-20 15:44:41.701,0 days 04:39:00,0 days 04:39:00,279.0
AI079,Air India,CCU,BLR,2026-04-20 11:04:41.702,2026-04-20 13:19:41.702,0 days 02:15:00,0 days 02:15:00,135.0
SJ018,SpiceJet,BOM,CCU,2026-04-20 10:58:41.701,2026-04-20 13:31:41.701,0 days 02:33:00,0 days 02:33:00,153.0
6F018,IndiGo,DEL,BLR,2026-04-20 10:57:41.701,2026-04-20 11:43:41.701,0 days 00:46:00,0 days 00:46:00,46.0
AI091,Air India,CCU,MAA,2026-04-20 10:52:41.702,2026-04-20 15:15:41.702,0 days 04:23:00,0 days 04:23:00,263.0
UK071,Vistara,DEL,HYD,2026-04-20 10:50:41.701,2026-04-20 14:06:41.701,0 days 03:16:00,0 days 03:16:00,196.0
AI019,Air India,BOM,CCU,2026-04-20 10:49:41.701,2026-04-20 11:51:41.701,0 days 01:02:00,0 days 01:02:00,62.0
UK212,Vistara,HYD,MAA,2026-04-20 10:46:41.704,2026-04-20 11:31:41.704,0 days 00:45:00,0 days 00:45:00,45.0
AI146,Air India,BLR,DEL,2026-04-20 10:40:41.702,2026-04-20 13:46:41.702,0 days 03:06:00,0 days 03:06:00,186.0
6F232,IndiGo,MAA,BLR,2026-04-20 10:39:41.704,2026-04-20 12:22:41.704,0 days 01:43:00,0 days 01:43:00,103.0
6F084,IndiGo,CCU,HYD,2026-04-20 10:34:41.702,2026-04-20 11:34:42.000,0 days 01:00:00.298000,0 days 01:00:00.298000,60.00496666666666
AI129,Air India,BOM,CCU,2026-04-20 10:29:41.702,2026-04-20 13:38:41.702,0 days 03:09:00,0 days 03:09:00,189.0
AI240,Air India,MAA,DEL,2026-04-20 10:19:41.704,2026-04-20 12:46:41.704,0 days 02:27:00,0 days 02:27:00,147.0
6F091,IndiGo,BLR,CCU,2026-04-20 10:10:41.702,2026-04-20 11:36:41.702,0 days 01:26:00,0 days 01:26:00,86.0
UK133,Vistara,BOM,DEL,2026-04-20 10:04:41.702,2026-04-20 13:16:41.702,0 days 03:12:00,0 days 03:12:00,192.0
SJ007,SpiceJet,BOM,CCU,2026-04-20 10:03:41.701,2026-04-20 14:53:41.701,0 days 04:50:00,0 days 04:50:00,290.0
SJ141,SpiceJet,CCU,DEL,2026-04-20 10:00:41.702,2026-04-20 13:37:41.702,0 days 03:37:00,0 days 03:37:00,217.0
6F049,IndiGo,HYD,DEL,2026-04-20 10:00:41.701,2026-04-20 13:13:41.701,0 days 03:13:00,0 days 03:13:00,193.0
SJ235,SpiceJet,BOM,DEL,2026-04-20 09:57:41.704,2026-04-20 13:45:41.704,0 days 03:48:00,0 days 03:48:00,228.0
UK087,Vistara,HYD,MAA,2026-04-20 09:49:41.702,2026-04-20 13:17:41.702,0 days 03:28:00,0 days 03:28:00,208.0
UK170,Vistara,BOM,BLR,2026-04-20 09:42:41.703,2026-04-20 11:32:41.703,0 days 01:50:00,0 days 01:50:00,110.0
SJ078,SpiceJet,DEL,HYD,2026-04-20 09:41:41.701,2026-04-20 12:49:41.701,0 days 03:08:00,0 days 03:08:00,188.0
SJ075,SpiceJet,MAA,BLR,2026-04-20 09:26:41.701,2026-04-20 11:03:41.701,0 days 01:37:00,0 days 01:37:00,97.0
AI159,Air India,HYD,BLR,2026-04-20 09:23:41.703,2026-04-20 11:36:41.703,0 days 02:13:00,0 days 02:13:00,133.0
UK120,Vistara,HYD,DEL,2026-04-20 09:19:41.702,2026-04-20 13:30:41.702,0 days 04:11:00,0 days 04:11:00,251.0
AI059,Air India,CCU,DEL,2026-04-20 09:16:41.701,2026-04-20 11:43:41.701,0 days 02:27:00,0 days 02:27:00,147.0
UK040,Vistara,HYD,CCU,2026-04-20 09:15:41.701,2026-04-20 10:32:41.701,0 days 01:17:00,0 days 01:17:00,77.0
AI044,UNKNOWN,MAA,BLR,2026-04-20 09:03:41.701,2026-04-20 12:36:41.701,0 days 03:33:00,0 days 03:33:00,213.0
AI078,Air India,DEL,BOM,2026-04-20 08:58:41.702,2026-04-20 13:28:41.702,0 days 04:30:00,0 days 04:30:00,270.0
SJ226,SpiceJet,HYD,BOM,2026-04-20 08:47:41.704,2026-04-20 12:54:41.704,0 days 04:07:00,0 days 04:07:00,247.0
6F209,IndiGo,MAA,CCU,2026-04-20 08:40:41.703,2026-04-20 13:40:41.703,0 days 05:00:00,0 days 05:00:00,300.0
UK193,Vistara,HYD,DEL,2026-04-20 08:39:41.703,2026-04-20 09:14:41.703,0 days 00:35:00,0 days 00:35:00,35.0
6F092,IndiGo,MAA,BLR,2026-04-20 08:39:41.702,2026-04-20 09:15:41.702,0 days 00:36:00,0 days 00:36:00,36.0
AI208,Air India,BLR,BOM,2026-04-20 08:38:41.703,2026-04-20 11:52:41.703,0 days 03:14:00,0 days 03:14:00,194.0
SJ227,SpiceJet,BOM,CCU,2026-04-20 08:32:41.704,2026-04-20 12:53:41.704,0 days 04:21:00,0 days 04:21:00,261.0
6F238,IndiGo,BOM,DEL,2026-04-20 08:31:41.704,2026-04-20 09:19:41.704,0 days 00:48:00,0 days 00:48:00,48.0
AI084,Air India,BOM,HYD,2026-04-20 08:31:41.702,2026-04-20 09:46:41.702,0 days 01:15:00,0 days 01:15:00,75.0
SJ228,SpiceJet,BOM,CCU,2026-04-20 08:29:41.704,2026-04-20 12:16:41.704,0 days 03:47:00,0 days 03:47:00,227.0
UK194,Vistara,CCU,BOM,2026-04-20 08:26:41.703,2026-04-20 09:26:42.000,0 days 01:00:00.297000,0 days 01:00:00.297000,60.00495
6F126,IndiGo,CCU,MAA,2026-04-20 08:21:41.702,2026-04-20 09:39:41.702,0 days 01:18:00,0 days 01:18:00,78.0
SJ052,SpiceJet,MAA,BLR,2026-04-20 08:20:41.701,2026-04-20 09:57:41.701,0 days 01:37:00,0 days 01:37:00,97.0
AI233,Air India,BLR,BOM,2026-04-20 08:04:41.704,2026-04-20 09:52:41.704,0 days 01:48:00,0 days 01:48:00,108.0
AI213,Air India,HYD,CCU,2026-04-20 08:03:41.703,2026-04-20 09:14:41.703,0 days 01:11:00,0 days 01:11:00,71.0
UK076,Vistara,MAA,CCU,2026-04-20 08:03:41.702,2026-04-20 12:26:41.702,0 days 04:23:00,0 days 04:23:00,263.0
SJ022,SpiceJet,DEL,BLR,2026-04-20 07:56:41.701,2026-04-20 11:07:41.701,0 days 03:11:00,0 days 03:11:00,191.0
SJ002,SpiceJet,DEL,BOM,2026-04-20 07:54:41.701,2026-04-20 12:40:41.701,0 days 04:46:00,0 days 04:46:00,286.0
AI163,Air India,HYD,MAA,2026-04-20 07:45:41.703,2026-04-20 08:46:41.703,0 days 01:01:00,0 days 01:01:00,61.0
UK229,UNKNOWN,HYD,DEL,2026-04-20 07:40:41.704,2026-04-20 11:57:41.704,0 days 04:17:00,0 days 04:17:00,257.0
UK185,Vistara,DEL,MAA,2026-04-20 07:31:41.703,2026-04-20 08:48:41.703,0 days 01:17:00,0 days 01:17:00,77.0
6F029,IndiGo,BOM,BLR,2026-04-20 07:31:41.701,2026-04-20 11:45:41.701,0 days 04:14:00,0 days 04:14:00,254.0
6F056,IndiGo,BOM,MAA,2026-04-20 07:00:41.701,2026-04-20 08:49:41.701,0 days 01:49:00,0 days 01:49:00,109.0
AI062,Air India,MAA,DEL,2026-04-20 06:49:41.701,2026-04-20 07:25:41.701,0 days 00:36:00,0 days 00:36:00,36.0
UK034,Vistara,DEL,BLR,2026-04-20 06:47:41.701,2026-04-20 10:11:41.701,0 days 03:24:00,0 days 03:24:00,204.0
UK079,Vistara,DEL,BLR,2026-04-20 06:43:41.702,2026-04-20 10:34:41.702,0 days 03:51:00,0 days 03:51:00,231.0
AI135,Air India,BLR,BOM,2026-04-20 06:40:41.702,2026-04-20 09:21:41.702,0 days 02:41:00,0 days 02:41:00,161.0
SJ061,SpiceJet,MAA,BLR,2026-04-20 06:38:41.701,2026-04-20 09:35:41.701,0 days 02:57:00,0 days 02:57:00,177.0
AI047,,CCU,MAA,2026-04-20 06:36:41.701,2026-04-20 07:23:41.701,0 days 00:47:00,0 days 00:47:00,47.0
UK210,Vistara,DEL,CCU,2026-04-20 06:35:41.704,2026-04-20 07:30:41.704,0 days 00:55:00,0 days 00:55:00,55.0
AI088,UNKNOWN,MAA,DEL,2026-04-20 06:34:41.702,2026-04-20 10:10:41.702,0 days 03:36:00,0 days 03:36:00,216.0
UK177,Vistara,DEL,HYD,2026-04-20 06:21:41.703,2026-04-20 10:50:41.703,0 days 04:29:00,0 days 04:29:00,269.0
AI128,,BOM,CCU,2026-04-20 06:07:41.702,2026-04-20 10:03:41.702,0 days 03:56:00,0 days 03:56:00,236.0
AI158,Air India,CCU,DEL,2026-04-20 06:04:41.703,2026-04-20 09:01:41.703,0 days 02:57:00,0 days 02:57:00,177.0
UK206,Vistara,MAA,BLR,2026-04-20 06:01:41.703,2026-04-20 10:34:41.703,0 days 04:33:00,0 days 04:33:00,273.0
SJ138,,BLR,BOM,2026-04-20 05:55:41.702,2026-04-20 06:43:41.702,0 days 00:48:00,0 days 00:48:00,48.0
AI034,Air India,DEL,BOM,2026-04-20 05:48:41.701,2026-04-20 10:31:41.701,0 days 04:43:00,0 days 04:43:00,283.0
AI012,Air India,BOM,CCU,2026-04-20 05:44:41.701,2026-04-20 09:47:41.701,0 days 04:03:00,0 days 04:03:00,243.0
6F083,IndiGo,BLR,DEL,2026-04-20 05:24:41.702,2026-04-20 06:03:41.702,0 days 00:39:00,0 days 00:39:00,39.0
SJ083,SpiceJet,MAA,BLR,2026-04-20 05:13:41.702,2026-04-20 08:17:41.702,0 days 03:04:00,0 days 03:04:00,184.0
SJ186,SpiceJet,CCU,DEL,2026-04-20 05:11:41.703,2026-04-20 07:22:41.703,0 days 02:11:00,0 days 02:11:00,131.0
UK001,Vistara,CCU,DEL,2026-04-20 05:06:41.700,2026-04-20 06:31:41.700,0 days 01:25:00,0 days 01:25:00,85.0
AI217,Air India,CCU,BLR,2026-04-20 04:57:41.703,2026-04-20 07:14:41.703,0 days 02:17:00,0 days 02:17:00,137.0
6F178,IndiGo,BOM,CCU,2026-04-20 04:48:41.703,2026-04-20 09:11:41.703,0 days 04:23:00,0 days 04:23:00,263.0
UK015,Vistara,BLR,BOM,2026-04-20 04:46:41.701,2026-04-20 06:33:41.701,0 days 01:47:00,0 days 01:47:00,107.0
AI112,Air India,DEL,BLR,2026-04-20 04:41:41.702,2026-04-20 08:24:41.702,0 days 03:43:00,0 days 03:43:00,223.0
UK100,Vistara,CCU,BLR,2026-04-20 04:40:41.702,2026-04-20 07:12:41.702,0 days 02:32:00,0 days 02:32:00,152.0
6F133,IndiGo,MAA,BLR,2026-04-20 04:38:41.702,2026-04-20 06:25:41.702,0 days 01:47:00,0 days 01:47:00,107.0
AI227,Air India,BLR,MAA,2026-04-20 04:31:41.703,2026-04-20 08:17:41.703,0 days 03:46:00,0 days 03:46:00,226.0
UK093,Vistara,HYD,CCU,2026-04-20 04:31:41.702,2026-04-20 05:21:41.702,0 days 00:50:00,0 days 00:50:00,50.0
UK203,Vistara,BLR,HYD,2026-04-20 04:12:41.703,2026-04-20 05:24:41.703,0 days 01:12:00,0 days 01:12:00,72.0
UK154,Vistara,MAA,HYD,2026-04-20 04:00:41.703,2026-04-20 07:57:41.703,0 days 03:57:00,0 days 03:57:00,237.0
UK073,Vistara,BLR,CCU,2026-04-20 03:59:41.702,2026-04-20 08:09:41.702,0 days 04:10:00,0 days 04:10:00,250.0
AI164,Air India,DEL,BLR,2026-04-20 03:57:41.703,2026-04-20 05:45:41.703,0 days 01:48:00,0 days 01:48:00,108.0
UK008,Vistara,CCU,BLR,2026-04-20 03:57:41.701,2026-04-20 04:34:41.701,0 days 00:37:00,0 days 00:37:00,37.0
UK051,Vistara,HYD,DEL,2026-04-20 03:55:41.701,2026-04-20 06:55:41.701,0 days 03:00:00,0 days 03:00:00,180.0
UK208,Vistara,DEL,CCU,2026-04-20 03:54:41.704,2026-04-20 08:51:41.704,0 days 04:57:00,0 days 04:57:00,297.0
AI150,Air India,BOM,DEL,2026-04-20 03:51:41.703,2026-04-20 04:38:41.703,0 days 00:47:00,0 days 00:47:00,47.0
AI189,Air India,CCU,DEL,2026-04-20 03:44:41.703,2026-04-20 05:32:41.703,0 days 01:48:00,0 days 01:48:00,108.0
6F230,IndiGo,CCU,BLR,2026-04-20 03:34:41.704,2026-04-20 06:47:41.704,0 days 03:13:00,0 days 03:13:00,193.0
6F169,IndiGo,BOM,DEL,2026-04-20 03:27:41.703,2026-04-20 08:06:41.703,0 days 04:39:00,0 days 04:39:00,279.0
AI205,Air India,BLR,BOM,2026-04-20 03:26:41.703,2026-04-20 05:14:41.703,0 days 01:48:00,0 days 01:48:00,108.0
AI103,Air India,BLR,BOM,2026-04-20 03:26:41.702,2026-04-20 04:04:41.702,0 days 00:38:00,0 days 00:38:00,38.0
6F250,UNKNOWN,DEL,BLR,2026-04-20 03:26:41.701,2026-04-20 07:30:41.701,0 days 04:04:00,0 days 04:04:00,244.0
AI246,Air India,BOM,BLR,2026-04-20 03:22:41.704,2026-04-20 06:41:41.704,0 days 03:19:00,0 days 03:19:00,199.0
6F187,IndiGo,BOM,MAA,2026-04-20 03:19:41.703,2026-04-20 07:37:41.703,0 days 04:18:00,0 days 04:18:00,258.0
AI082,Air India,DEL,CCU,2026-04-20 03:19:41.702,2026-04-20 06:01:41.702,0 days 02:42:00,0 days 02:42:00,162.0
UK116,Vistara,CCU,BOM,2026-04-20 03:18:41.702,2026-04-20 07:06:41.702,0 days 03:48:00,0 days 03:48:00,228.0
SJ169,SpiceJet,BOM,MAA,2026-04-20 03:10:41.703,2026-04-20 07:56:41.703,0 days 04:46:00,0 days 04:46:00,286.0
AI175,Air India,BOM,HYD,2026-04-20 03:08:41.703,2026-04-20 06:55:41.703,0 days 03:47:00,0 days 03:47:00,227.0
SJ098,SpiceJet,HYD,MAA,2026-04-20 03:02:41.702,2026-04-20 03:37:41.702,0 days 00:35:00,0 days 00:35:00,35.0
SJ191,SpiceJet,BLR,BOM,2026-04-20 03:01:41.703,2026-04-20 04:23:41.703,0 days 01:22:00,0 days 01:22:00,82.0
SJ017,SpiceJet,DEL,MAA,2026-04-20 02:57:41.701,2026-04-20 05:00:41.701,0 days 02:03:00,0 days 02:03:00,123.0
UK188,Vistara,MAA,BLR,2026-04-20 02:55:41.703,2026-04-20 03:44:41.703,0 days 00:49:00,0 days 00:49:00,49.0
AI196,Air India,MAA,HYD,2026-04-20 02:52:41.703,2026-04-20 04:25:41.703,0 days 01:33:00,0 days 01:33:00,93.0
AI068,Air India,BOM,BLR,2026-04-20 02:48:41.702,2026-04-20 04:48:42.000,0 days 02:00:00.298000,0 days 02:00:00.298000,120.00496666666666
SJ097,SpiceJet,BOM,CCU,2026-04-20 02:37:41.702,2026-04-20 05:27:41.702,0 days 02:50:00,0 days 02:50:00,170.0
SJ030,SpiceJet,DEL,HYD,2026-04-20 02:36:41.701,2026-04-20 03:19:41.701,0 days 00:43:00,0 days 00:43:00,43.0
6F179,IndiGo,HYD,MAA,2026-04-20 02:25:41.703,2026-04-20 06:40:41.703,0 days 04:15:00,0 days 04:15:00,255.0
6F156,IndiGo,MAA,BOM,2026-04-20 02:23:41.703,2026-04-20 04:57:41.703,0 days 02:34:00,0 days 02:34:00,154.0
6F250,UNKNOWN,CCU,BLR,2026-04-20 02:23:41.702,2026-04-20 02:56:41.702,0 days 00:33:00,0 days 00:33:00,33.0
SJ057,SpiceJet,BOM,CCU,2026-04-20 02:17:41.701,2026-04-20 05:29:41.701,0 days 03:12:00,0 days 03:12:00,192.0
6F036,IndiGo,CCU,BLR,2026-04-20 02:14:41.701,2026-04-20 06:57:41.701,0 days 04:43:00,0 days 04:43:00,283.0
6F201,IndiGo,CCU,BOM,2026-04-20 02:09:41.703,2026-04-20 06:49:41.703,0 days 04:40:00,0 days 04:40:00,280.0
6F143,IndiGo,CCU,DEL,2026-04-20 02:09:41.702,2026-04-20 06:08:41.702,0 days 03:59:00,0 days 03:59:00,239.0
6F177,IndiGo,HYD,MAA,2026-04-20 02:03:41.703,2026-04-20 04:25:41.703,0 days 02:22:00,0 days 02:22:00,142.0
6F031,IndiGo,BOM,BLR,2026-04-20 02:00:41.701,2026-04-20 06:37:41.701,0 days 04:37:00,0 days 04:37:00,277.0
UK165,Vistara,DEL,BLR,2026-04-20 01:51:41.703,2026-04-20 06:04:41.703,0 days 04:13:00,0 days 04:13:00,253.0
6F122,IndiGo,DEL,BLR,2026-04-20 01:44:41.702,2026-04-20 05:28:41.702,0 days 03:44:00,0 days 03:44:00,224.0
AI009,,DEL,CCU,2026-04-20 01:31:41.701,2026-04-20 04:05:41.701,0 days 02:34:00,0 days 02:34:00,154.0
6F046,IndiGo,DEL,BLR,2026-04-20 01:27:41.701,2026-04-20 05:08:41.701,0 days 03:41:00,0 days 03:41:00,221.0
AI051,Air India,MAA,BLR,2026-04-20 01:27:41.701,2026-04-20 02:22:41.701,0 days 00:55:00,0 days 00:55:00,55.0
UK222,Vistara,BOM,CCU,2026-04-20 01:22:41.704,2026-04-20 02:57:41.704,0 days 01:35:00,0 days 01:35:00,95.0
SJ127,SpiceJet,BOM,DEL,2026-04-20 01:21:41.702,2026-04-20 03:58:41.702,0 days 02:37:00,0 days 02:37:00,157.0
AI226,,BLR,HYD,2026-04-20 01:19:41.703,2026-04-20 04:08:41.703,0 days 02:49:00,0 days 02:49:00,169.0
AI216,Air India,BOM,CCU,2026-04-20 01:10:41.703,2026-04-20 02:34:41.703,0 days 01:24:00,0 days 01:24:00,84.0
6F058,IndiGo,BOM,CCU,2026-04-20 01:04:41.701,2026-04-20 03:33:41.701,0 days 02:29:00,0 days 02:29:00,149.0
SJ207,SpiceJet,DEL,CCU,2026-04-20 00:52:41.703,2026-04-20 04:05:41.703,0 days 03:13:00,0 days 03:13:00,193.0
SJ198,SpiceJet,CCU,BOM,2026-04-20 00:47:41.703,2026-04-20 05:28:41.703,0 days 04:41:00,0 days 04:41:00,281.0
SJ108,SpiceJet,BLR,HYD,2026-04-20 00:40:41.702,2026-04-20 03:16:41.702,0 days 02:36:00,0 days 02:36:00,156.0
SJ155,SpiceJet,DEL,CCU,2026-04-20 00:38:41.702,2026-04-20 05:38:41.702,0 days 05:00:00,0 days 05:00:00,300.0
6F193,IndiGo,BOM,MAA,2026-04-20 00:34:41.703,2026-04-20 02:32:41.703,0 days 01:58:00,0 days 01:58:00,118.0
6F019,IndiGo,BLR,BOM,2026-04-20 00:19:41.701,2026-04-20 04:14:41.701,0 days 03:55:00,0 days 03:55:00,235.0
AI102,Air India,CCU,BLR,2026-04-20 00:17:41.702,2026-04-20 05:08:41.702,0 days 04:51:00,0 days 04:51:00,291.0
6F166,IndiGo,BOM,CCU,2026-04-20 00:03:41.703,2026-04-20 04:33:41.703,0 days 04:30:00,0 days 04:30:00,270.0
UK175,Vistara,BLR,BOM,2026-04-19 23:56:41.703,2026-04-20 03:18:41.703,0 days 03:22:00,0 days 03:22:00,202.0
6F010,IndiGo,DEL,BLR,2026-04-19 23:53:41.701,2026-04-20 03:44:41.701,0 days 03:51:00,0 days 03:51:00,231.0
AI234,Air India,BOM,MAA,2026-04-19 23:50:41.704,2026-04-20 01:34:41.704,0 days 01:44:00,0 days 01:44:00,104.0
UK135,Vistara,HYD,DEL,2026-04-19 23:50:41.702,2026-04-20 01:43:41.702,0 days 01:53:00,0 days 01:53:00,113.0
6F272,,HYD,MAA,2026-04-19 23:35:41.702,2026-04-20 00:22:41.702,0 days 00:47:00,0 days 00:47:00,47.0
AI061,Air India,BOM,CCU,2026-04-19 23:31:41.701,2026-04-20 01:02:41.701,0 days 01:31:00,0 days 01:31:00,91.0
6F070,IndiGo,HYD,DEL,2026-04-19 23:23:41.701,2026-04-20 02:24:41.701,0 days 03:01:00,0 days 03:01:00,181.0
AI015,Air India,BLR,CCU,2026-04-19 23:21:41.701,2026-04-20 01:15:41.701,0 days 01:54:00,0 days 01:54:00,114.0
SJ076,SpiceJet,DEL,MAA,2026-04-19 23:01:41.701,2026-04-20 02:02:41.701,0 days 03:01:00,0 days 03:01:00,181.0
SJ029,UNKNOWN,HYD,DEL,2026-04-19 22:55:41.701,2026-04-20 00:22:41.701,0 days 01:27:00,0 days 01:27:00,87.0
SJ194,SpiceJet,CCU,DEL,2026-04-19 22:46:41.703,2026-04-20 02:31:41.703,0 days 03:45:00,0 days 03:45:00,225.0
AI235,Air India,BLR,HYD,2026-04-19 22:45:41.704,2026-04-20 02:12:41.704,0 days 03:27:00,0 days 03:27:00,207.0
SJ048,SpiceJet,MAA,BLR,2026-04-19 22:43:41.701,2026-04-20 00:19:41.701,0 days 01:36:00,0 days 01:36:00,96.0
SJ114,SpiceJet,HYD,DEL,2026-04-19 22:42:41.702,2026-04-20 02:02:41.702,0 days 03:20:00,0 days 03:20:00,200.0
SJ146,SpiceJet,HYD,BLR,2026-04-19 22:37:41.702,2026-04-20 00:33:41.702,0 days 01:56:00,0 days 01:56:00,116.0
UK041,Vistara,HYD,MAA,2026-04-19 22:37:41.701,2026-04-19 23:44:41.701,0 days 01:07:00,0 days 01:07:00,67.0
6F075,IndiGo,BOM,CCU,2026-04-19 22:20:41.702,2026-04-20 03:02:41.702,0 days 04:42:00,0 days 04:42:00,282.0
SJ020,SpiceJet,BLR,BOM,2026-04-19 22:18:41.701,2026-04-20 02:27:41.701,0 days 04:09:00,0 days 04:09:00,249.0
SJ099,,MAA,BLR,2026-04-19 22:14:41.702,2026-04-20 00:34:41.702,0 days 02:20:00,0 days 02:20:00,140.0
6F078,IndiGo,BOM,CCU,2026-04-19 22:04:41.702,2026-04-19 23:37:41.702,0 days 01:33:00,0 days 01:33:00,93.0
UK219,Vistara,BOM,HYD,2026-04-19 22:03:41.704,2026-04-20 02:21:41.704,0 days 04:18:00,0 days 04:18:00,258.0
UK223,Vistara,CCU,DEL,2026-04-19 21:58:41.704,2026-04-19 22:30:41.704,0 days 00:32:00,0 days 00:32:00,32.0
UK227,Vistara,BOM,HYD,2026-04-19 21:57:41.704,2026-04-20 01:47:41.704,0 days 03:50:00,0 days 03:50:00,230.0
6F260,,CCU,DEL,2026-04-19 21:51:41.702,2026-04-20 01:14:41.702,0 days 03:23:00,0 days 03:23:00,203.0
AI096,Air India,CCU,DEL,2026-04-19 21:48:41.702,2026-04-20 02:46:41.702,0 days 04:58:00,0 days 04:58:00,298.0
6F022,IndiGo,MAA,BLR,2026-04-19 21:46:41.701,2026-04-20 02:05:41.701,0 days 04:19:00,0 days 04:19:00,259.0
6F237,IndiGo,HYD,MAA,2026-04-19 21:41:41.704,2026-04-20 00:44:41.704,0 days 03:03:00,0 days 03:03:00,183.0
UK146,Vistara,BOM,MAA,2026-04-19 21:40:41.703,2026-04-20 00:08:41.703,0 days 02:28:00,0 days 02:28:00,148.0
SJ015,SpiceJet,BOM,CCU,2026-04-19 21:40:41.701,2026-04-19 22:52:41.701,0 days 01:12:00,0 days 01:12:00,72.0
AI108,Air India,BLR,CCU,2026-04-19 21:32:41.702,2026-04-20 00:17:41.702,0 days 02:45:00,0 days 02:45:00,165.0
UK020,Vistara,MAA,BLR,2026-04-19 21:23:41.701,2026-04-19 22:38:41.701,0 days 01:15:00,0 days 01:15:00,75.0
6F113,IndiGo,BOM,CCU,2026-04-19 21:04:41.702,2026-04-20 01:30:41.702,0 days 04:26:00,0 days 04:26:00,266.0
6F112,IndiGo,HYD,DEL,2026-04-19 21:00:41.702,2026-04-19 23:16:41.702,0 days 02:16:00,0 days 02:16:00,136.0
6F246,IndiGo,HYD,DEL,2026-04-19 21:00:41.702,2026-04-19 23:16:41.702,0 days 02:16:00,0 days 02:16:00,136.0
UK158,Vistara,BOM,MAA,2026-04-19 20:49:41.703,2026-04-19 21:22:41.703,0 days 00:33:00,0 days 00:33:00,33.0
UK159,Vistara,CCU,BLR,2026-04-19 20:45:41.703,2026-04-19 23:32:41.703,0 days 02:47:00,0 days 02:47:00,167.0
UK084,Vistara,MAA,DEL,2026-04-19 20:44:41.702,2026-04-20 00:20:41.702,0 days 03:36:00,0 days 03:36:00,216.0
SJ206,SpiceJet,DEL,CCU,2026-04-19 20:43:41.703,2026-04-20 01:21:41.703,0 days 04:38:00,0 days 04:38:00,278.0
UK044,Vistara,BLR,BOM,2026-04-19 20:31:41.701,2026-04-19 23:29:41.701,0 days 02:58:00,0 days 02:58:00,178.0
SJ036,SpiceJet,DEL,HYD,2026-04-19 20:24:41.701,2026-04-19 23:54:41.701,0 days 03:30:00,0 days 03:30:00,210.0
6F176,IndiGo,CCU,DEL,2026-04-19 20:23:42.000,2026-04-19 23:23:42.000,0 days 03:00:00,0 days 03:00:00,180.0
6F148,IndiGo,CCU,BOM,2026-04-19 20:23:41.703,2026-04-19 22:30:41.703,0 days 02:07:00,0 days 02:07:00,127.0
6F202,IndiGo,HYD,BLR,2026-04-19 20:18:41.703,2026-04-19 23:48:41.703,0 days 03:30:00,0 days 03:30:00,210.0
6F071,IndiGo,DEL,CCU,2026-04-19 20:18:41.702,2026-04-20 00:31:41.702,0 days 04:13:00,0 days 04:13:00,253.0
AI105,Air India,CCU,DEL,2026-04-19 20:16:41.702,2026-04-19 22:03:41.702,0 days 01:47:00,0 days 01:47:00,107.0
AI241,Air India,HYD,BLR,2026-04-19 20:11:41.704,2026-04-19 22:18:41.704,0 days 02:07:00,0 days 02:07:00,127.0
SJ162,SpiceJet,DEL,HYD,2026-04-19 20:11:41.703,2026-04-19 22:30:41.703,0 days 02:19:00,0 days 02:19:00,139.0
6F003,IndiGo,HYD,BOM,2026-04-19 20:06:41.700,2026-04-19 23:13:41.700,0 days 03:07:00,0 days 03:07:00,187.0
6F249,IndiGo,HYD,BOM,2026-04-19 20:06:41.700,2026-04-19 23:13:41.700,0 days 03:07:00,0 days 03:07:00,187.0
AI237,Air India,BOM,CCU,2026-04-19 19:58:41.704,2026-04-19 23:13:41.704,0 days 03:15:00,0 days 03:15:00,195.0
SJ134,SpiceJet,BOM,CCU,2026-04-19 19:58:41.702,2026-04-20 00:15:41.702,0 days 04:17:00,0 days 04:17:00,257.0
AI071,Air India,BOM,MAA,2026-04-19 19:55:41.702,2026-04-19 22:58:41.702,0 days 03:03:00,0 days 03:03:00,183.0
6F118,IndiGo,CCU,HYD,2026-04-19 19:52:41.702,2026-04-19 21:01:41.702,0 days 01:09:00,0 days 01:09:00,69.0
6F014,IndiGo,DEL,MAA,2026-04-19 19:42:41.701,2026-04-19 23:15:41.701,0 days 03:33:00,0 days 03:33:00,213.0
6F065,IndiGo,MAA,BLR,2026-04-19 19:40:41.701,2026-04-19 22:23:41.701,0 days 02:43:00,0 days 02:43:00,163.0
6F271,,HYD,MAA,2026-04-19 19:33:41.702,2026-04-19 22:52:41.702,0 days 03:19:00,0 days 03:19:00,199.0
SJ070,SpiceJet,MAA,CCU,2026-04-19 18:55:41.701,2026-04-19 20:48:41.701,0 days 01:53:00,0 days 01:53:00,113.0
6F007,IndiGo,HYD,MAA,2026-04-19 18:55:41.701,2026-04-19 19:54:41.701,0 days 00:59:00,0 days 00:59:00,59.0
UK007,Vistara,DEL,HYD,2026-04-19 18:50:41.701,2026-04-19 21:04:41.701,0 days 02:14:00,0 days 02:14:00,134.0
SJ192,SpiceJet,HYD,BOM,2026-04-19 18:45:42.000,2026-04-18 23:45:42.000,,-1 days +05:00:00,-1140.0
AI097,Air India,HYD,MAA,2026-04-19 18:42:41.702,2026-04-19 23:34:41.702,0 days 04:52:00,0 days 04:52:00,292.0
6F256,,BOM,CCU,2026-04-19 18:40:41.702,2026-04-19 19:13:41.702,0 days 00:33:00,0 days 00:33:00,33.0
UK047,Vistara,BLR,HYD,2026-04-19 18:40:41.701,2026-04-19 22:45:41.701,0 days 04:05:00,0 days 04:05:00,245.0
AI024,Air India,MAA,BOM,2026-04-19 18:38:41.701,2026-04-19 19:45:41.701,0 days 01:07:00,0 days 01:07:00,67.0
UK113,Vistara,CCU,DEL,2026-04-19 18:34:41.702,2026-04-19 22:58:41.702,0 days 04:24:00,0 days 04:24:00,264.0
SJ163,SpiceJet,DEL,HYD,2026-04-19 18:32:41.703,2026-04-19 23:08:41.703,0 days 04:36:00,0 days 04:36:00,276.0
SJ208,SpiceJet,DEL,HYD,2026-04-19 18:32:41.703,2026-04-19 19:33:41.703,0 days 01:01:00,0 days 01:01:00,61.0
SJ221,SpiceJet,MAA,HYD,2026-04-19 18:31:41.703,2026-04-19 23:17:41.703,0 days 04:46:00,0 days 04:46:00,286.0
SJ084,SpiceJet,HYD,MAA,2026-04-19 18:31:41.702,2026-04-19 19:30:41.702,0 days 00:59:00,0 days 00:59:00,59.0
6F127,IndiGo,HYD,BOM,2026-04-19 18:27:41.702,2026-04-19 22:28:41.702,0 days 04:01:00,0 days 04:01:00,241.0
AI122,Air India,BOM,CCU,2026-04-19 18:25:41.702,2026-04-19 22:36:41.702,0 days 04:11:00,0 days 04:11:00,251.0
AI139,Air India,HYD,MAA,2026-04-19 18:23:41.702,2026-04-19 19:24:41.702,0 days 01:01:00,0 days 01:01:00,61.0
UK149,Vistara,MAA,DEL,2026-04-19 18:22:41.703,2026-04-19 23:08:41.703,0 days 04:46:00,0 days 04:46:00,286.0
AI149,Air India,BOM,HYD,2026-04-19 18:19:41.703,2026-04-19 21:36:41.703,0 days 03:17:00,0 days 03:17:00,197.0
SJ243,SpiceJet,BLR,DEL,2026-04-19 18:17:41.704,2026-04-19 23:03:41.704,0 days 04:46:00,0 days 04:46:00,286.0
AI053,Air India,CCU,DEL,2026-04-19 18:04:41.701,2026-04-19 22:19:41.701,0 days 04:15:00,0 days 04:15:00,255.0
UK061,Vistara,BLR,BOM,2026-04-19 17:58:41.701,2026-04-19 19:48:41.701,0 days 01:50:00,0 days 01:50:00,110.0
SJ004,SpiceJet,MAA,DEL,2026-04-19 17:52:41.701,2026-04-19 21:01:41.701,0 days 03:09:00,0 days 03:09:00,189.0
AI173,Air India,HYD,DEL,2026-04-19 17:36:41.703,2026-04-19 22:27:41.703,0 days 04:51:00,0 days 04:51:00,291.0
6F085,IndiGo,HYD,MAA,2026-04-19 17:32:41.702,2026-04-19 19:32:42.000,0 days 02:00:00.298000,0 days 02:00:00.298000,120.00496666666666
AI252,,HYD,DEL,2026-04-19 17:30:41.704,2026-04-19 21:54:41.704,0 days 04:24:00,0 days 04:24:00,264.0
SJ109,SpiceJet,BOM,DEL,2026-04-19 17:24:41.702,2026-04-19 20:28:41.702,0 days 03:04:00,0 days 03:04:00,184.0
UK123,Vistara,BOM,DEL,2026-04-19 17:24:41.702,2026-04-19 20:18:41.702,0 days 02:54:00,0 days 02:54:00,174.0
6F125,IndiGo,BOM,CCU,2026-04-19 17:09:41.702,2026-04-19 21:13:41.702,0 days 04:04:00,0 days 04:04:00,244.0
UK183,Vistara,BLR,CCU,2026-04-19 17:07:41.703,2026-04-19 18:30:41.703,0 days 01:23:00,0 days 01:23:00,83.0
AI110,Air India,BOM,CCU,2026-04-19 17:07:41.702,2026-04-19 22:00:41.702,0 days 04:53:00,0 days 04:53:00,293.0
UK105,Vistara,CCU,HYD,2026-04-19 17:04:41.702,2026-04-19 18:11:41.702,0 days 01:07:00,0 days 01:07:00,67.0
6F128,IndiGo,HYD,DEL,2026-04-19 16:56:41.702,2026-04-19 18:03:41.702,0 days 01:07:00,0 days 01:07:00,67.0
6F224,IndiGo,DEL,MAA,2026-04-19 16:53:41.704,2026-04-19 18:52:41.704,0 days 01:59:00,0 days 01:59:00,119.0
SJ130,SpiceJet,BOM,DEL,2026-04-19 16:53:41.702,2026-04-19 20:53:41.702,0 days 04:00:00,0 days 04:00:00,240.0
AI224,Air India,DEL,HYD,2026-04-19 16:51:41.703,2026-04-19 21:36:41.703,0 days 04:45:00,0 days 04:45:00,285.0
SJ182,SpiceJet,CCU,BOM,2026-04-19 16:48:41.703,2026-04-19 17:36:41.703,0 days 00:48:00,0 days 00:48:00,48.0
UK164,Vistara,BOM,HYD,2026-04-19 16:46:41.703,2026-04-19 21:10:41.703,0 days 04:24:00,0 days 04:24:00,264.0
AI161,Air India,CCU,BOM,2026-04-19 16:40:41.703,2026-04-19 19:40:41.703,0 days 03:00:00,0 days 03:00:00,180.0
6F206,IndiGo,DEL,BOM,2026-04-19 16:39:41.703,2026-04-19 20:59:41.703,0 days 04:20:00,0 days 04:20:00,260.0
SJ204,SpiceJet,CCU,DEL,2026-04-19 16:34:41.703,2026-04-19 18:15:41.703,0 days 01:41:00,0 days 01:41:00,101.0
AI206,Air India,CCU,MAA,2026-04-19 16:30:41.703,2026-04-19 20:01:41.703,0 days 03:31:00,0 days 03:31:00,211.0
6F140,IndiGo,CCU,HYD,2026-04-19 16:30:41.702,2026-04-19 18:21:41.702,0 days 01:51:00,0 days 01:51:00,111.0
6F253,UNKNOWN,MAA,BLR,2026-04-19 16:26:41.703,2026-04-19 18:24:41.703,0 days 01:58:00,0 days 01:58:00,118.0
SJ203,,DEL,HYD,2026-04-19 16:22:41.703,2026-04-19 18:27:41.703,0 days 02:05:00,0 days 02:05:00,125.0
SJ161,SpiceJet,MAA,BLR,2026-04-19 16:22:41.703,2026-04-19 17:04:41.703,0 days 00:42:00,0 days 00:42:00,42.0
AI098,Air India,HYD,MAA,2026-04-19 16:01:41.702,2026-04-19 18:11:41.702,0 days 02:10:00,0 days 02:10:00,130.0
AI168,,DEL,CCU,2026-04-19 15:50:41.703,2026-04-19 20:20:41.703,0 days 04:30:00,0 days 04:30:00,270.0
UK190,Vistara,DEL,BLR,2026-04-19 15:49:41.703,2026-04-19 18:53:41.703,0 days 03:04:00,0 days 03:04:00,184.0
AI085,Air India,DEL,HYD,2026-04-19 15:45:41.702,2026-04-19 20:33:41.702,0 days 04:48:00,0 days 04:48:00,288.0
AI076,Air India,BLR,BOM,2026-04-19 15:37:41.702,2026-04-19 16:12:41.702,0 days 00:35:00,0 days 00:35:00,35.0
UK130,Vistara,MAA,BLR,2026-04-19 15:36:41.702,2026-04-19 19:43:41.702,0 days 04:07:00,0 days 04:07:00,247.0
6F038,IndiGo,HYD,MAA,2026-04-19 15:36:41.701,2026-04-19 19:33:41.701,0 days 03:57:00,0 days 03:57:00,237.0
UK110,Vistara,HYD,DEL,2026-04-19 15:26:41.702,2026-04-19 20:13:41.702,0 days 04:47:00,0 days 04:47:00,287.0
SJ013,SpiceJet,DEL,MAA,2026-04-19 15:25:41.701,2026-04-19 19:54:41.701,0 days 04:29:00,0 days 04:29:00,269.0
AI039,Air India,MAA,BLR,2026-04-19 15:24:41.701,2026-04-19 18:56:41.701,0 days 03:32:00,0 days 03:32:00,212.0
AI248,Air India,CCU,DEL,2026-04-19 15:17:41.704,2026-04-19 16:35:41.704,0 days 01:18:00,0 days 01:18:00,78.0
6F199,IndiGo,DEL,MAA,2026-04-19 15:15:41.703,2026-04-19 17:32:41.703,0 days 02:17:00,0 days 02:17:00,137.0
AI225,Air India,BOM,BLR,2026-04-19 15:05:41.703,2026-04-19 16:01:41.703,0 days 00:56:00,0 days 00:56:00,56.0
SJ028,SpiceJet,CCU,BOM,2026-04-19 15:04:41.701,2026-04-19 19:32:41.701,0 days 04:28:00,0 days 04:28:00,268.0
SJ012,SpiceJet,HYD,BLR,2026-04-19 15:01:41.701,2026-04-19 16:12:41.701,0 days 01:11:00,0 days 01:11:00,71.0
SJ131,SpiceJet,MAA,HYD,2026-04-19 15:00:41.702,2026-04-19 16:07:41.702,0 days 01:07:00,0 days 01:07:00,67.0
AI010,Air India,BOM,HYD,2026-04-19 15:00:41.701,2026-04-19 19:48:41.701,0 days 04:48:00,0 days 04:48:00,288.0
6F020,IndiGo,BOM,HYD,2026-04-19 14:58:41.701,2026-04-19 16:43:41.701,0 days 01:45:00,0 days 01:45:00,105.0
SJ038,SpiceJet,BLR,DEL,2026-04-19 14:57:41.701,2026-04-19 17:46:41.701,0 days 02:49:00,0 days 02:49:00,169.0
UK204,Vistara,BLR,DEL,2026-04-19 14:46:41.703,2026-04-19 16:24:41.703,0 days 01:38:00,0 days 01:38:00,98.0
AI036,Air India,BOM,CCU,2026-04-19 14:45:41.701,2026-04-19 16:16:41.701,0 days 01:31:00,0 days 01:31:00,91.0
AI100,UNKNOWN,CCU,BOM,2026-04-19 14:42:41.702,2026-04-19 18:22:41.702,0 days 03:40:00,0 days 03:40:00,220.0
SJ215,SpiceJet,CCU,DEL,2026-04-19 14:37:41.703,2026-04-19 16:12:41.703,0 days 01:35:00,0 days 01:35:00,95.0
UK155,Vistara,MAA,HYD,2026-04-19 14:34:41.703,2026-04-19 18:37:41.703,0 days 04:03:00,0 days 04:03:00,243.0
SJ173,SpiceJet,CCU,HYD,2026-04-19 14:27:41.703,2026-04-19 16:09:41.703,0 days 01:42:00,0 days 01:42:00,102.0
UK179,Vistara,DEL,HYD,2026-04-19 14:25:41.703,2026-04-19 19:15:41.703,0 days 04:50:00,0 days 04:50:00,290.0
UK221,Vistara,CCU,DEL,2026-04-19 14:18:41.704,2026-04-19 18:44:41.704,0 days 04:26:00,0 days 04:26:00,266.0
UK023,Vistara,DEL,MAA,2026-04-19 14:15:41.701,2026-04-19 19:03:41.701,0 days 04:48:00,0 days 04:48:00,288.0
SJ107,SpiceJet,BOM,MAA,2026-04-19 14:10:41.702,2026-04-19 18:38:41.702,0 days 04:28:00,0 days 04:28:00,268.0
AI073,Air India,BOM,BLR,2026-04-19 14:08:41.702,2026-04-19 16:10:41.702,0 days 02:02:00,0 days 02:02:00,122.0
SJ187,SpiceJet,MAA,BLR,2026-04-19 14:07:41.703,2026-04-19 17:30:41.703,0 days 03:23:00,0 days 03:23:00,203.0
UK058,Vistara,MAA,BOM,2026-04-19 13:46:41.701,2026-04-19 17:04:41.701,0 days 03:18:00,0 days 03:18:00,198.0
SJ063,SpiceJet,MAA,BOM,2026-04-19 13:38:41.701,2026-04-19 15:23:41.701,0 days 01:45:00,0 days 01:45:00,105.0
SJ062,SpiceJet,BLR,HYD,2026-04-19 13:37:41.701,2026-04-19 17:06:41.701,0 days 03:29:00,0 days 03:29:00,209.0
UK048,Vistara,MAA,DEL,2026-04-19 13:36:41.701,2026-04-19 18:21:41.701,0 days 04:45:00,0 days 04:45:00,285.0
AI181,Air India,MAA,HYD,2026-04-19 13:29:41.703,2026-04-19 16:55:41.703,0 days 03:26:00,0 days 03:26:00,206.0
AI003,Air India,BLR,HYD,2026-04-19 13:27:41.701,2026-04-19 16:55:41.701,0 days 03:28:00,0 days 03:28:00,208.0
6F041,IndiGo,MAA,BOM,2026-04-19 13:19:41.701,2026-04-19 16:48:41.701,0 days 03:29:00,0 days 03:29:00,209.0
6F175,IndiGo,MAA,CCU,2026-04-19 13:18:41.703,2026-04-19 15:13:41.703,0 days 01:55:00,0 days 01:55:00,115.0
6F013,IndiGo,BOM,CCU,2026-04-19 13:15:41.701,2026-04-19 18:05:41.701,0 days 04:50:00,0 days 04:50:00,290.0
SJ040,SpiceJet,BOM,CCU,2026-04-19 13:12:41.701,2026-04-19 16:44:41.701,0 days 03:32:00,0 days 03:32:00,212.0
SJ016,SpiceJet,HYD,CCU,2026-04-19 13:01:41.701,2026-04-19 16:26:41.701,0 days 03:25:00,0 days 03:25:00,205.0
6F135,IndiGo,MAA,HYD,2026-04-19 12:59:41.702,2026-04-19 13:45:41.702,0 days 00:46:00,0 days 00:46:00,46.0
6F150,IndiGo,HYD,MAA,2026-04-19 12:55:41.703,2026-04-19 16:53:41.703,0 days 03:58:00,0 days 03:58:00,238.0
AI083,Air India,DEL,BOM,2026-04-19 12:54:41.702,2026-04-19 13:37:41.702,0 days 00:43:00,0 days 00:43:00,43.0
SJ166,SpiceJet,CCU,HYD,2026-04-19 12:51:41.703,2026-04-19 16:18:41.703,0 days 03:27:00,0 days 03:27:00,207.0
SJ027,UNKNOWN,BOM,MAA,2026-04-19 12:50:41.701,2026-04-19 17:13:41.701,0 days 04:23:00,0 days 04:23:00,263.0
6F134,IndiGo,BLR,MAA,2026-04-19 12:47:41.702,2026-04-19 14:06:41.702,0 days 01:19:00,0 days 01:19:00,79.0
UK225,Vistara,MAA,BLR,2026-04-19 12:46:41.704,2026-04-19 15:02:41.704,0 days 02:16:00,0 days 02:16:00,136.0
SJ175,SpiceJet,MAA,BLR,2026-04-19 12:46:41.703,2026-04-19 16:50:41.703,0 days 04:04:00,0 days 04:04:00,244.0
AI182,Air India,HYD,DEL,2026-04-19 12:41:41.703,2026-04-19 17:14:41.703,0 days 04:33:00,0 days 04:33:00,273.0
AI190,Air India,BOM,CCU,2026-04-19 12:38:41.703,2026-04-19 15:56:41.703,0 days 03:18:00,0 days 03:18:00,198.0
AI120,Air India,MAA,CCU,2026-04-19 12:12:41.702,2026-04-19 14:18:41.702,0 days 02:06:00,0 days 02:06:00,126.0
6F132,IndiGo,MAA,BOM,2026-04-19 12:00:41.702,2026-04-19 13:00:42.000,0 days 01:00:00.298000,0 days 01:00:00.298000,60.00496666666666
UK102,Vistara,HYD,CCU,2026-04-19 11:58:41.702,2026-04-19 14:01:41.702,0 days 02:03:00,0 days 02:03:00,123.0
AI045,Air India,HYD,MAA,2026-04-19 11:58:41.701,2026-04-19 14:37:41.701,0 days 02:39:00,0 days 02:39:00,159.0
UK136,Vistara,HYD,CCU,2026-04-19 11:43:41.703,2026-04-19 15:26:41.703,0 days 03:43:00,0 days 03:43:00,223.0
SJ238,SpiceJet,MAA,BLR,2026-04-19 11:41:41.704,2026-04-19 15:39:41.704,0 days 03:58:00,0 days 03:58:00,238.0
AI193,Air India,MAA,HYD,2026-04-19 11:33:41.703,2026-04-19 16:07:41.703,0 days 04:34:00,0 days 04:34:00,274.0
6F001,IndiGo,HYD,BOM,2026-04-19 11:33:41.700,2026-04-19 13:08:41.700,0 days 01:35:00,0 days 01:35:00,95.0
6F211,IndiGo,MAA,BLR,2026-04-19 11:29:41.703,2026-04-19 16:20:41.703,0 days 04:51:00,0 days 04:51:00,291.0
SJ199,SpiceJet,HYD,BOM,2026-04-19 11:29:41.703,2026-04-19 13:59:41.703,0 days 02:30:00,0 days 02:30:00,150.0
SJ050,SpiceJet,HYD,CCU,2026-04-19 11:24:41.701,2026-04-19 12:03:41.701,0 days 00:39:00,0 days 00:39:00,39.0
UK115,Vistara,BLR,BOM,2026-04-19 11:20:41.702,2026-04-19 13:20:42.000,0 days 02:00:00.298000,0 days 02:00:00.298000,120.00496666666666
AI037,,BOM,BLR,2026-04-19 11:14:41.701,2026-04-19 15:13:41.701,0 days 03:59:00,0 days 03:59:00,239.0
6F235,IndiGo,HYD,MAA,2026-04-19 11:06:41.704,2026-04-19 13:51:41.704,0 days 02:45:00,0 days 02:45:00,165.0
UK111,Vistara,MAA,BLR,2026-04-19 11:06:41.702,2026-04-19 12:20:41.702,0 days 01:14:00,0 days 01:14:00,74.0
6F005,IndiGo,BOM,MAA,2026-04-19 11:04:41.701,2026-04-19 15:27:41.701,0 days 04:23:00,0 days 04:23:00,263.0
AI198,Air India,CCU,MAA,2026-04-19 10:56:41.703,2026-04-19 14:19:41.703,0 days 03:23:00,0 days 03:23:00,203.0
UK184,Vistara,MAA,HYD,2026-04-19 10:49:41.703,2026-04-19 13:00:41.703,0 days 02:11:00,0 days 02:11:00,131.0
6F219,IndiGo,MAA,DEL,2026-04-19 10:32:41.704,2026-04-19 14:37:41.704,0 days 04:05:00,0 days 04:05:00,245.0
UK066,Vistara,BOM,CCU,2026-04-19 10:29:41.701,2026-04-19 12:07:41.701,0 days 01:38:00,0 days 01:38:00,98.0
6F220,IndiGo,HYD,BOM,2026-04-19 10:27:41.704,2026-04-19 11:25:41.704,0 days 00:58:00,0 days 00:58:00,58.0
AI180,Air India,BOM,CCU,2026-04-19 10:19:41.703,2026-04-19 11:00:41.703,0 days 00:41:00,0 days 00:41:00,41.0
6F098,IndiGo,BLR,MAA,2026-04-19 10:18:41.702,2026-04-19 12:49:41.702,0 days 02:31:00,0 days 02:31:00,151.0
AI141,Air India,BLR,DEL,2026-04-19 10:16:41.702,2026-04-19 14:53:41.702,0 days 04:37:00,0 days 04:37:00,277.0
SJ170,SpiceJet,BLR,BOM,2026-04-19 10:11:41.703,2026-04-19 11:56:41.703,0 days 01:45:00,0 days 01:45:00,105.0
SJ178,SpiceJet,BOM,HYD,2026-04-19 09:58:41.703,2026-04-19 12:27:41.703,0 days 02:29:00,0 days 02:29:00,149.0
6F172,IndiGo,BOM,BLR,2026-04-19 09:53:41.703,2026-04-19 14:46:41.703,0 days 04:53:00,0 days 04:53:00,293.0
UK220,Vistara,BLR,BOM,2026-04-19 09:51:41.704,2026-04-19 13:25:41.704,0 days 03:34:00,0 days 03:34:00,214.0
SJ148,SpiceJet,DEL,BLR,2026-04-19 09:51:41.702,2026-04-19 13:41:41.702,0 days 03:50:00,0 days 03:50:00,230.0
UK065,Vistara,BOM,CCU,2026-04-19 09:38:41.701,2026-04-19 13:46:41.701,0 days 04:08:00,0 days 04:08:00,248.0
6F243,IndiGo,BOM,HYD,2026-04-19 09:37:41.704,2026-04-19 10:33:41.704,0 days 00:56:00,0 days 00:56:00,56.0
SJ193,SpiceJet,CCU,DEL,2026-04-19 09:37:41.703,2026-04-19 12:16:41.703,0 days 02:39:00,0 days 02:39:00,159.0
UK056,Vistara,HYD,MAA,2026-04-19 09:29:41.701,2026-04-19 10:15:41.701,0 days 00:46:00,0 days 00:46:00,46.0
AI219,,BLR,DEL,2026-04-19 09:28:41.703,2026-04-19 11:27:41.703,0 days 01:59:00,0 days 01:59:00,119.0
SJ073,SpiceJet,CCU,BLR,2026-04-19 09:26:41.701,2026-04-19 11:14:41.701,0 days 01:48:00,0 days 01:48:00,108.0
6F052,IndiGo,BOM,CCU,2026-04-19 09:13:41.701,2026-04-19 12:02:41.701,0 days 02:49:00,0 days 02:49:00,169.0
SJ201,SpiceJet,BLR,DEL,2026-04-19 09:10:41.703,2026-04-19 11:12:41.703,0 days 02:02:00,0 days 02:02:00,122.0
UK028,Vistara,HYD,MAA,2026-04-19 09:02:41.701,2026-04-19 10:37:41.701,0 days 01:35:00,0 days 01:35:00,95.0
SJ119,SpiceJet,BOM,CCU,2026-04-19 08:53:41.702,2026-04-19 11:29:41.702,0 days 02:36:00,0 days 02:36:00,156.0
AI165,Air India,DEL,CCU,2026-04-19 08:51:41.703,2026-04-19 10:31:41.703,0 days 01:40:00,0 days 01:40:00,100.0
AI255,Air India,MAA,CCU,2026-04-19 08:45:41.704,2026-04-19 13:12:41.704,0 days 04:27:00,0 days 04:27:00,267.0
AI202,Air India,HYD,BLR,2026-04-19 08:44:41.703,2026-04-19 10:53:41.703,0 days 02:09:00,0 days 02:09:00,129.0
SJ039,SpiceJet,MAA,BOM,2026-04-19 08:41:41.701,2026-04-19 12:08:41.701,0 days 03:27:00,0 days 03:27:00,207.0
SJ051,,BOM,BLR,2026-04-19 08:40:41.701,2026-04-19 12:18:41.701,0 days 03:38:00,0 days 03:38:00,218.0
UK024,Vistara,MAA,BLR,2026-04-19 08:29:41.701,2026-04-19 13:29:41.701,0 days 05:00:00,0 days 05:00:00,300.0
SJ006,SpiceJet,HYD,BLR,2026-04-19 08:25:41.701,2026-04-19 08:57:41.701,0 days 00:32:00,0 days 00:32:00,32.0
AI207,Air India,BOM,MAA,2026-04-19 08:24:41.703,2026-04-19 11:23:41.703,0 days 02:59:00,0 days 02:59:00,179.0
SJ168,SpiceJet,CCU,BOM,2026-04-19 08:17:41.703,2026-04-19 12:29:41.703,0 days 04:12:00,0 days 04:12:00,252.0
AI028,Air India,HYD,BOM,2026-04-19 07:53:41.701,2026-04-19 08:35:41.701,0 days 00:42:00,0 days 00:42:00,42.0
6F094,IndiGo,BLR,BOM,2026-04-19 07:37:41.702,2026-04-19 09:06:41.702,0 days 01:29:00,0 days 01:29:00,89.0
6F024,IndiGo,BOM,DEL,2026-04-19 07:31:41.701,2026-04-19 11:17:41.701,0 days 03:46:00,0 days 03:46:00,226.0
6F061,IndiGo,MAA,BOM,2026-04-19 07:28:41.701,2026-04-19 08:09:41.701,0 days 00:41:00,0 days 00:41:00,41.0
AI032,Air India,MAA,BLR,2026-04-19 07:26:41.701,2026-04-19 09:26:42.000,0 days 02:00:00.299000,0 days 02:00:00.299000,120.00498333333333
UK163,Vistara,DEL,HYD,2026-04-19 07:22:41.703,2026-04-19 09:04:41.703,0 days 01:42:00,0 days 01:42:00,102.0
SJ067,SpiceJet,MAA,BLR,2026-04-19 07:17:41.701,2026-04-19 08:16:41.701,0 days 00:59:00,0 days 00:59:00,59.0
SJ106,SpiceJet,CCU,DEL,2026-04-19 07:16:41.702,2026-04-19 09:40:41.702,0 days 02:24:00,0 days 02:24:00,144.0
AI086,Air India,CCU,HYD,2026-04-19 07:13:41.702,2026-04-19 10:09:41.702,0 days 02:56:00,0 days 02:56:00,176.0
6F263,UNKNOWN,DEL,HYD,2026-04-19 07:07:41.703,2026-04-19 08:30:41.703,0 days 01:23:00,0 days 01:23:00,83.0
6F163,IndiGo,MAA,BOM,2026-04-19 06:49:41.703,2026-04-19 10:46:41.703,0 days 03:57:00,0 days 03:57:00,237.0
SJ064,SpiceJet,CCU,DEL,2026-04-19 06:29:41.701,2026-04-19 08:43:41.701,0 days 02:14:00,0 days 02:14:00,134.0
UK118,Vistara,HYD,BLR,2026-04-19 06:22:41.702,2026-04-19 07:22:42.000,0 days 01:00:00.298000,0 days 01:00:00.298000,60.00496666666666
UK022,Vistara,DEL,HYD,2026-04-19 06:22:41.701,2026-04-19 10:59:41.701,0 days 04:37:00,0 days 04:37:00,277.0
UK099,Vistara,BOM,MAA,2026-04-19 06:16:41.702,2026-04-19 10:24:41.702,0 days 04:08:00,0 days 04:08:00,248.0
6F212,IndiGo,BLR,CCU,2026-04-19 06:10:41.703,2026-04-19 10:52:41.703,0 days 04:42:00,0 days 04:42:00,282.0
AI023,Air India,HYD,BLR,2026-04-19 06:10:41.701,2026-04-19 09:35:41.701,0 days 03:25:00,0 days 03:25:00,205.0
SJ245,SpiceJet,BOM,DEL,2026-04-19 06:07:41.704,2026-04-19 09:39:41.704,0 days 03:32:00,0 days 03:32:00,212.0
6F066,IndiGo,BLR,HYD,2026-04-19 06:07:41.701,2026-04-19 07:43:41.701,0 days 01:36:00,0 days 01:36:00,96.0
AI138,Air India,DEL,CCU,2026-04-19 05:50:41.702,2026-04-19 06:40:41.702,0 days 00:50:00,0 days 00:50:00,50.0
SJ021,SpiceJet,HYD,BLR,2026-04-19 05:48:41.701,2026-04-19 09:46:41.701,0 days 03:58:00,0 days 03:58:00,238.0
SJ136,SpiceJet,HYD,BLR,2026-04-19 05:45:41.702,2026-04-19 08:04:41.702,0 days 02:19:00,0 days 02:19:00,139.0
AI148,Air India,HYD,MAA,2026-04-19 05:41:41.703,2026-04-19 08:32:41.703,0 days 02:51:00,0 days 02:51:00,171.0
SJ014,SpiceJet,BOM,HYD,2026-04-19 05:40:41.701,2026-04-19 06:39:41.701,0 days 00:59:00,0 days 00:59:00,59.0
6F104,IndiGo,CCU,BOM,2026-04-19 05:39:41.702,2026-04-19 06:14:41.702,0 days 00:35:00,0 days 00:35:00,35.0
SJ121,SpiceJet,CCU,DEL,2026-04-19 05:32:41.702,2026-04-19 06:47:41.702,0 days 01:15:00,0 days 01:15:00,75.0
UK174,Vistara,CCU,DEL,2026-04-19 05:27:41.703,2026-04-19 07:47:41.703,0 days 02:20:00,0 days 02:20:00,140.0
AI033,Air India,MAA,CCU,2026-04-19 05:25:41.701,2026-04-19 10:21:41.701,0 days 04:56:00,0 days 04:56:00,296.0
SJ122,SpiceJet,CCU,BOM,2026-04-19 05:22:41.702,2026-04-19 10:09:41.702,0 days 04:47:00,0 days 04:47:00,287.0
UK095,Vistara,BOM,MAA,2026-04-19 05:22:41.702,2026-04-19 07:36:41.702,0 days 02:14:00,0 days 02:14:00,134.0
SJ026,SpiceJet,CCU,MAA,2026-04-19 05:22:41.701,2026-04-19 09:40:41.701,0 days 04:18:00,0 days 04:18:00,258.0
6F221,IndiGo,MAA,DEL,2026-04-19 05:20:41.704,2026-04-19 08:52:41.704,0 days 03:32:00,0 days 03:32:00,212.0
SJ103,SpiceJet,MAA,BLR,2026-04-19 05:16:41.702,2026-04-19 08:56:41.702,0 days 03:40:00,0 days 03:40:00,220.0
SJ011,SpiceJet,BOM,MAA,2026-04-19 05:14:41.701,2026-04-19 09:59:41.701,0 days 04:45:00,0 days 04:45:00,285.0
AI002,Air India,HYD,BLR,2026-04-19 05:12:41.700,2026-04-19 07:12:41.700,0 days 02:00:00,0 days 02:00:00,120.0
AI046,UNKNOWN,DEL,BOM,2026-04-19 05:09:41.701,2026-04-19 08:00:41.701,0 days 02:51:00,0 days 02:51:00,171.0
SJ053,SpiceJet,CCU,DEL,2026-04-19 05:00:41.701,2026-04-19 06:38:41.701,0 days 01:38:00,0 days 01:38:00,98.0
AI236,Air India,DEL,BOM,2026-04-19 04:52:41.704,2026-04-19 09:11:41.704,0 days 04:19:00,0 days 04:19:00,259.0
AI254,Air India,CCU,HYD,2026-04-19 04:46:41.704,2026-04-19 08:06:41.704,0 days 03:20:00,0 days 03:20:00,200.0
6F063,IndiGo,DEL,HYD,2026-04-19 04:42:41.701,2026-04-19 07:31:41.701,0 days 02:49:00,0 days 02:49:00,169.0
6F115,IndiGo,MAA,BLR,2026-04-19 04:41:41.702,2026-04-19 06:23:41.702,0 days 01:42:00,0 days 01:42:00,102.0
UK070,Vistara,BOM,DEL,2026-04-19 04:36:41.701,2026-04-19 06:49:41.701,0 days 02:13:00,0 days 02:13:00,133.0
SJ147,SpiceJet,BLR,CCU,2026-04-19 04:30:41.702,2026-04-19 08:52:41.702,0 days 04:22:00,0 days 04:22:00,262.0
UK201,Vistara,HYD,BOM,2026-04-19 04:29:41.703,2026-04-19 06:42:41.703,0 days 02:13:00,0 days 02:13:00,133.0
SJ234,SpiceJet,BLR,CCU,2026-04-19 04:20:41.704,2026-04-19 06:23:41.704,0 days 02:03:00,0 days 02:03:00,123.0
AI176,Air India,BLR,DEL,2026-04-19 04:20:41.703,2026-04-19 06:25:41.703,0 days 02:05:00,0 days 02:05:00,125.0
SJ045,SpiceJet,DEL,MAA,2026-04-19 04:16:41.701,2026-04-19 09:03:41.701,0 days 04:47:00,0 days 04:47:00,287.0
SJ174,SpiceJet,CCU,DEL,2026-04-19 04:09:41.703,2026-04-19 05:04:41.703,0 days 00:55:00,0 days 00:55:00,55.0
AI007,Air India,MAA,DEL,2026-04-19 04:01:41.701,2026-04-19 06:01:42.000,0 days 02:00:00.299000,0 days 02:00:00.299000,120.00498333333333
AI143,Air India,CCU,DEL,2026-04-19 03:58:41.702,2026-04-19 04:36:41.702,0 days 00:38:00,0 days 00:38:00,38.0
SJ241,SpiceJet,DEL,HYD,2026-04-19 03:57:41.704,2026-04-19 06:36:41.704,0 days 02:39:00,0 days 02:39:00,159.0
AI020,,BOM,BLR,2026-04-19 03:53:41.701,2026-04-19 06:21:41.701,0 days 02:28:00,0 days 02:28:00,148.0
UK031,Vistara,CCU,DEL,2026-04-19 03:45:41.701,2026-04-19 07:20:41.701,0 days 03:35:00,0 days 03:35:00,215.0
AI013,Air India,HYD,BLR,2026-04-19 03:41:41.701,2026-04-19 04:58:41.701,0 days 01:17:00,0 days 01:17:00,77.0
AI249,Air India,BLR,HYD,2026-04-19 03:38:41.704,2026-04-19 06:27:41.704,0 days 02:49:00,0 days 02:49:00,169.0
UK046,Vistara,CCU,DEL,2026-04-19 03:37:41.701,2026-04-19 06:05:41.701,0 days 02:28:00,0 days 02:28:00,148.0
UK168,Vistara,BLR,CCU,2026-04-19 03:20:41.703,2026-04-19 04:09:41.703,0 days 00:49:00,0 days 00:49:00,49.0
AI022,Air India,BOM,MAA,2026-04-19 03:15:41.701,2026-04-19 05:10:41.701,0 days 01:55:00,0 days 01:55:00,115.0
UK218,Vistara,MAA,BLR,2026-04-19 03:12:41.704,2026-04-19 07:22:41.704,0 days 04:10:00,0 days 04:10:00,250.0
UK142,Vistara,BLR,DEL,2026-04-19 03:03:41.703,2026-04-19 07:13:41.703,0 days 04:10:00,0 days 04:10:00,250.0
6F067,IndiGo,MAA,BLR,2026-04-19 02:59:41.701,2026-04-19 06:02:41.701,0 days 03:03:00,0 days 03:03:00,183.0
SJ217,SpiceJet,BOM,CCU,2026-04-19 02:57:41.703,2026-04-19 06:04:41.703,0 days 03:07:00,0 days 03:07:00,187.0
SJ143,SpiceJet,DEL,BOM,2026-04-19 02:55:41.702,2026-04-19 03:52:41.702,0 days 00:57:00,0 days 00:57:00,57.0
AI243,,BLR,BOM,2026-04-19 02:50:41.704,2026-04-19 05:09:41.704,0 days 02:19:00,0 days 02:19:00,139.0
SJ246,SpiceJet,BOM,DEL,2026-04-19 02:47:41.704,2026-04-19 03:47:42.000,0 days 01:00:00.296000,0 days 01:00:00.296000,60.004933333333334
6F170,IndiGo,HYD,DEL,2026-04-19 02:44:41.703,2026-04-19 04:14:41.703,0 days 01:30:00,0 days 01:30:00,90.0
UK157,Vistara,CCU,BOM,2026-04-19 02:41:41.703,2026-04-19 03:41:42.000,0 days 01:00:00.297000,0 days 01:00:00.297000,60.00495
UK172,Vistara,DEL,BOM,2026-04-19 02:20:41.703,2026-04-19 05:21:41.703,0 days 03:01:00,0 days 03:01:00,181.0
SJ139,SpiceJet,DEL,BLR,2026-04-19 02:20:41.702,2026-04-19 06:02:41.702,0 days 03:42:00,0 days 03:42:00,222.0
UK085,Vistara,MAA,DEL,2026-04-19 02:15:41.702,2026-04-19 03:17:41.702,0 days 01:02:00,0 days 01:02:00,62.0
6F079,IndiGo,MAA,HYD,2026-04-19 02:14:41.702,2026-04-19 06:18:41.702,0 days 04:04:00,0 days 04:04:00,244.0
SJ032,SpiceJet,MAA,BOM,2026-04-19 02:11:41.701,2026-04-19 04:33:41.701,0 days 02:22:00,0 days 02:22:00,142.0
6F182,IndiGo,BOM,CCU,2026-04-19 02:10:41.703,2026-04-19 04:18:41.703,0 days 02:08:00,0 days 02:08:00,128.0
AI106,Air India,HYD,BLR,2026-04-19 02:07:41.702,2026-04-19 03:20:41.702,0 days 01:13:00,0 days 01:13:00,73.0
AI200,Air India,HYD,MAA,2026-04-19 02:05:41.703,2026-04-19 05:29:41.703,0 days 03:24:00,0 days 03:24:00,204.0
6F142,IndiGo,CCU,MAA,2026-04-19 02:05:41.702,2026-04-19 06:04:41.702,0 days 03:59:00,0 days 03:59:00,239.0
SJ079,SpiceJet,HYD,DEL,2026-04-19 01:58:41.702,2026-04-19 05:02:41.702,0 days 03:04:00,0 days 03:04:00,184.0
SJ082,SpiceJet,BOM,DEL,2026-04-19 01:54:41.702,2026-04-19 02:33:41.702,0 days 00:39:00,0 days 00:39:00,39.0
SJ110,SpiceJet,CCU,DEL,2026-04-19 01:47:41.702,2026-04-19 02:20:41.702,0 days 00:33:00,0 days 00:33:00,33.0
6F262,UNKNOWN,MAA,DEL,2026-04-19 01:44:41.702,2026-04-19 02:47:41.702,0 days 01:03:00,0 days 01:03:00,63.0
UK143,Vistara,BLR,BOM,2026-04-19 01:34:41.703,2026-04-19 02:48:41.703,0 days 01:14:00,0 days 01:14:00,74.0
6F269,UNKNOWN,HYD,MAA,2026-04-19 01:30:41.702,2026-04-19 02:52:41.702,0 days 01:22:00,0 days 01:22:00,82.0
6F214,IndiGo,BOM,CCU,2026-04-19 01:21:41.703,2026-04-19 05:20:41.703,0 days 03:59:00,0 days 03:59:00,239.0
SJ213,SpiceJet,BOM,CCU,2026-04-19 01:19:41.703,2026-04-19 04:48:41.703,0 days 03:29:00,0 days 03:29:00,209.0
SJ072,SpiceJet,DEL,HYD,2026-04-19 01:18:41.701,2026-04-19 04:08:41.701,0 days 02:50:00,0 days 02:50:00,170.0
6F059,IndiGo,BOM,DEL,2026-04-19 01:12:41.701,2026-04-19 06:02:41.701,0 days 04:50:00,0 days 04:50:00,290.0
UK202,Vistara,DEL,HYD,2026-04-19 01:11:41.703,2026-04-19 05:37:41.703,0 days 04:26:00,0 days 04:26:00,266.0
UK037,Vistara,BLR,BOM,2026-04-19 01:10:41.701,2026-04-19 05:12:41.701,0 days 04:02:00,0 days 04:02:00,242.0
UK069,Vistara,CCU,DEL,2026-04-19 01:10:41.701,2026-04-19 03:23:41.701,0 days 02:13:00,0 days 02:13:00,133.0
SJ118,SpiceJet,DEL,BOM,2026-04-19 01:08:41.702,2026-04-19 02:33:41.702,0 days 01:25:00,0 days 01:25:00,85.0
6F145,IndiGo,CCU,DEL,2026-04-19 01:02:41.703,2026-04-19 02:18:41.703,0 days 01:16:00,0 days 01:16:00,76.0
UK097,Vistara,HYD,BOM,2026-04-19 00:49:41.702,2026-04-19 05:00:41.702,0 days 04:11:00,0 days 04:11:00,251.0
6F117,IndiGo,CCU,DEL,2026-04-19 00:46:41.702,2026-04-19 01:51:41.702,0 days 01:05:00,0 days 01:05:00,65.0
6F226,IndiGo,DEL,BOM,2026-04-19 00:38:41.704,2026-04-19 02:55:41.704,0 days 02:17:00,0 days 02:17:00,137.0
6F050,IndiGo,DEL,BOM,2026-04-19 00:35:41.701,2026-04-19 04:32:41.701,0 days 03:57:00,0 days 03:57:00,237.0
UK196,Vistara,BOM,HYD,2026-04-19 00:32:41.703,2026-04-19 04:49:41.703,0 days 04:17:00,0 days 04:17:00,257.0
SJ086,SpiceJet,CCU,DEL,2026-04-19 00:32:41.702,2026-04-19 04:17:41.702,0 days 03:45:00,0 days 03:45:00,225.0
AI134,Air India,HYD,BOM,2026-04-19 00:28:41.702,2026-04-19 04:23:41.702,0 days 03:55:00,0 days 03:55:00,235.0
AI043,Air India,CCU,DEL,2026-04-19 00:28:41.701,2026-04-19 04:37:41.701,0 days 04:09:00,0 days 04:09:00,249.0
UK119,Vistara,BOM,CCU,2026-04-19 00:21:41.702,2026-04-19 04:38:41.702,0 days 04:17:00,0 days 04:17:00,257.0
SJ181,SpiceJet,BOM,BLR,2026-04-19 00:20:41.703,2026-04-19 01:49:41.703,0 days 01:29:00,0 days 01:29:00,89.0
AI070,Air India,CCU,DEL,2026-04-19 00:05:41.702,2026-04-19 01:44:41.702,0 days 01:39:00,0 days 01:39:00,99.0
6F233,IndiGo,BLR,BOM,2026-04-18 23:56:41.704,2026-04-19 03:53:41.704,0 days 03:57:00,0 days 03:57:00,237.0
UK013,Vistara,BOM,MAA,2026-04-18 23:52:41.701,2026-04-19 02:52:41.701,0 days 03:00:00,0 days 03:00:00,180.0
6F015,IndiGo,BOM,CCU,2026-04-18 23:39:41.701,2026-04-19 02:27:41.701,0 days 02:48:00,0 days 02:48:00,168.0
SJ247,SpiceJet,DEL,BOM,2026-04-18 23:38:41.704,2026-04-19 03:43:41.704,0 days 04:05:00,0 days 04:05:00,245.0
AI067,Air India,HYD,DEL,2026-04-18 23:36:41.701,2026-04-19 03:09:41.701,0 days 03:33:00,0 days 03:33:00,213.0
AI211,Air India,DEL,CCU,2026-04-18 23:34:41.703,2026-04-19 01:21:41.703,0 days 01:47:00,0 days 01:47:00,107.0
UK029,Vistara,DEL,BOM,2026-04-18 23:26:41.701,2026-04-19 02:15:41.701,0 days 02:49:00,0 days 02:49:00,169.0
SJ200,SpiceJet,BOM,DEL,2026-04-18 23:24:41.703,2026-04-19 02:11:41.703,0 days 02:47:00,0 days 02:47:00,167.0
6F087,IndiGo,DEL,HYD,2026-04-18 23:24:41.702,2026-04-19 03:10:41.702,0 days 03:46:00,0 days 03:46:00,226.0
SJ210,SpiceJet,HYD,CCU,2026-04-18 23:21:41.703,2026-04-19 02:54:41.703,0 days 03:33:00,0 days 03:33:00,213.0
AI101,Air India,DEL,BLR,2026-04-18 23:20:41.702,2026-04-19 02:23:41.702,0 days 03:03:00,0 days 03:03:00,183.0
UK075,Vistara,MAA,CCU,2026-04-18 23:15:41.702,2026-04-19 03:54:41.702,0 days 04:39:00,0 days 04:39:00,279.0
SJ091,SpiceJet,BLR,CCU,2026-04-18 23:10:41.702,2026-04-19 00:47:41.702,0 days 01:37:00,0 days 01:37:00,97.0
AI251,Air India,MAA,DEL,2026-04-18 22:40:41.704,2026-04-18 23:24:41.704,0 days 00:44:00,0 days 00:44:00,44.0
SJ042,SpiceJet,HYD,CCU,2026-04-18 22:38:41.701,2026-04-19 02:20:41.701,0 days 03:42:00,0 days 03:42:00,222.0
UK126,Vistara,CCU,DEL,2026-04-18 22:37:41.702,2026-04-19 00:03:41.702,0 days 01:26:00,0 days 01:26:00,86.0
6F042,IndiGo,HYD,DEL,2026-04-18 22:35:41.701,2026-04-19 02:41:41.701,0 days 04:06:00,0 days 04:06:00,246.0
AI116,Air India,CCU,BOM,2026-04-18 22:30:41.702,2026-04-19 01:57:41.702,0 days 03:27:00,0 days 03:27:00,207.0
SJ209,SpiceJet,BLR,BOM,2026-04-18 22:22:41.703,2026-04-19 02:03:41.703,0 days 03:41:00,0 days 03:41:00,221.0
AI123,Air India,MAA,BOM,2026-04-18 22:19:41.702,2026-04-19 00:45:41.702,0 days 02:26:00,0 days 02:26:00,146.0
6F016,IndiGo,HYD,BOM,2026-04-18 22:18:41.701,2026-04-18 22:54:41.701,0 days 00:36:00,0 days 00:36:00,36.0
UK012,Vistara,MAA,BOM,2026-04-18 22:16:41.701,2026-04-19 00:25:41.701,0 days 02:09:00,0 days 02:09:00,129.0
SJ188,SpiceJet,BLR,BOM,2026-04-18 22:15:41.703,2026-04-18 22:55:41.703,0 days 00:40:00,0 days 00:40:00,40.0
UK096,Vistara,BLR,HYD,2026-04-18 22:11:41.702,2026-04-19 00:06:41.702,0 days 01:55:00,0 days 01:55:00,115.0
SJ046,SpiceJet,BOM,MAA,2026-04-18 22:01:41.701,2026-04-19 01:25:41.701,0 days 03:24:00,0 days 03:24:00,204.0
UK081,,BLR,DEL,2026-04-18 22:00:41.702,2026-04-18 23:00:41.702,0 days 01:00:00,0 days 01:00:00,60.0
UK191,Vistara,MAA,BLR,2026-04-18 21:51:41.703,2026-04-18 22:57:41.703,0 days 01:06:00,0 days 01:06:00,66.0
6F064,IndiGo,CCU,DEL,2026-04-18 21:45:41.701,2026-04-18 22:50:41.701,0 days 01:05:00,0 days 01:05:00,65.0
AI005,Air India,DEL,CCU,2026-04-18 21:24:41.701,2026-04-18 22:11:41.701,0 days 00:47:00,0 days 00:47:00,47.0
6F021,IndiGo,BLR,MAA,2026-04-18 21:23:41.701,2026-04-19 01:25:41.701,0 days 04:02:00,0 days 04:02:00,242.0
AI169,Air India,CCU,DEL,2026-04-18 21:21:41.703,2026-04-19 01:34:41.703,0 days 04:13:00,0 days 04:13:00,253.0
UK035,Vistara,HYD,BOM,2026-04-18 21:08:41.701,2026-04-18 22:24:41.701,0 days 01:16:00,0 days 01:16:00,76.0
AI040,Air India,HYD,BLR,2026-04-18 21:01:41.701,2026-04-18 22:42:41.701,0 days 01:41:00,0 days 01:41:00,101.0
UK042,Vistara,MAA,BOM,2026-04-18 20:59:41.701,2026-04-19 01:38:41.701,0 days 04:39:00,0 days 04:39:00,279.0
SJ171,SpiceJet,DEL,HYD,2026-04-18 20:52:41.703,2026-04-18 23:52:41.703,0 days 03:00:00,0 days 03:00:00,180.0
AI250,UNKNOWN,BOM,CCU,2026-04-18 20:48:41.704,2026-04-19 00:12:41.704,0 days 03:24:00,0 days 03:24:00,204.0
SJ195,SpiceJet,BOM,CCU,2026-04-18 20:41:41.703,2026-04-18 23:54:41.703,0 days 03:13:00,0 days 03:13:00,193.0
UK211,Vistara,MAA,CCU,2026-04-18 20:39:41.704,2026-04-18 22:02:41.704,0 days 01:23:00,0 days 01:23:00,83.0
UK122,Vistara,HYD,CCU,2026-04-18 20:29:42.000,2026-04-18 23:29:42.000,0 days 03:00:00,0 days 03:00:00,180.0
AI136,Air India,BLR,DEL,2026-04-18 20:29:41.702,2026-04-18 23:48:41.702,0 days 03:19:00,0 days 03:19:00,199.0
6F141,IndiGo,BOM,CCU,2026-04-18 20:26:41.702,2026-04-18 22:28:41.702,0 days 02:02:00,0 days 02:02:00,122.0
6F053,IndiGo,DEL,HYD,2026-04-18 20:26:41.701,2026-04-19 00:39:41.701,0 days 04:13:00,0 days 04:13:00,253.0
6F136,IndiGo,CCU,DEL,2026-04-18 20:24:41.702,2026-04-18 21:01:41.702,0 days 00:37:00,0 days 00:37:00,37.0
6F009,IndiGo,BLR,CCU,2026-04-18 20:21:41.701,2026-04-18 23:36:41.701,0 days 03:15:00,0 days 03:15:00,195.0
6F023,IndiGo,MAA,BLR,2026-04-18 20:18:41.701,2026-04-19 00:14:41.701,0 days 03:56:00,0 days 03:56:00,236.0
UK006,Vistara,MAA,CCU,2026-04-18 20:16:41.701,2026-04-18 21:55:41.701,0 days 01:39:00,0 days 01:39:00,99.0
SJ165,SpiceJet,CCU,BOM,2026-04-18 20:08:41.703,2026-04-18 23:18:41.703,0 days 03:10:00,0 days 03:10:00,190.0
6F189,IndiGo,MAA,BLR,2026-04-18 20:08:41.703,2026-04-18 21:51:41.703,0 days 01:43:00,0 days 01:43:00,103.0
AI131,Air India,MAA,BOM,2026-04-18 19:55:41.702,2026-04-18 22:35:41.702,0 days 02:40:00,0 days 02:40:00,160.0
6F004,IndiGo,BOM,CCU,2026-04-18 19:53:41.701,2026-04-18 23:33:41.701,0 days 03:40:00,0 days 03:40:00,220.0
AI027,Air India,BOM,MAA,2026-04-18 19:41:41.701,2026-04-18 23:23:41.701,0 days 03:42:00,0 days 03:42:00,222.0
AI238,Air India,CCU,MAA,2026-04-18 19:25:41.704,2026-04-19 00:07:41.704,0 days 04:42:00,0 days 04:42:00,282.0
SJ105,SpiceJet,BOM,HYD,2026-04-18 19:22:41.702,2026-04-18 22:48:41.702,0 days 03:26:00,0 days 03:26:00,206.0
UK088,,MAA,BLR,2026-04-18 19:16:41.702,2026-04-18 23:36:41.702,0 days 04:20:00,0 days 04:20:00,260.0
6F035,IndiGo,CCU,HYD,2026-04-18 19:16:41.701,2026-04-18 23:40:41.701,0 days 04:24:00,0 days 04:24:00,264.0
AI133,Air India,DEL,CCU,2026-04-18 19:12:41.702,2026-04-18 21:32:41.702,0 days 02:20:00,0 days 02:20:00,140.0
AI001,Air India,DEL,HYD,2026-04-18 19:00:41.700,2026-04-18 22:03:41.700,0 days 03:03:00,0 days 03:03:00,183.0
SJ133,SpiceJet,BOM,CCU,2026-04-18 18:50:41.702,2026-04-18 21:29:41.702,0 days 02:39:00,0 days 02:39:00,159.0
SJ216,SpiceJet,BOM,CCU,2026-04-18 18:35:41.703,2026-04-18 21:31:41.703,0 days 02:56:00,0 days 02:56:00,176.0
SJ225,,DEL,HYD,2026-04-18 18:16:41.704,2026-04-18 20:53:41.704,0 days 02:37:00,0 days 02:37:00,157.0
AI147,Air India,HYD,CCU,2026-04-18 18:14:41.703,2026-04-18 20:10:41.703,0 days 01:56:00,0 days 01:56:00,116.0
SJ054,SpiceJet,MAA,BLR,2026-04-18 18:13:41.701,2026-04-18 22:46:41.701,0 days 04:33:00,0 days 04:33:00,273.0
6F197,IndiGo,BOM,BLR,2026-04-18 17:59:41.703,2026-04-18 22:44:41.703,0 days 04:45:00,0 days 04:45:00,285.0
SJ066,SpiceJet,HYD,CCU,2026-04-18 17:47:41.701,2026-04-18 19:03:41.701,0 days 01:16:00,0 days 01:16:00,76.0
SJ183,SpiceJet,CCU,DEL,2026-04-18 17:44:41.703,2026-04-18 19:40:41.703,0 days 01:56:00,0 days 01:56:00,116.0
SJ151,SpiceJet,BOM,CCU,2026-04-18 17:44:41.702,2026-04-18 19:16:41.702,0 days 01:32:00,0 days 01:32:00,92.0
SJ071,SpiceJet,CCU,MAA,2026-04-18 17:43:41.701,2026-04-18 19:32:41.701,0 days 01:49:00,0 days 01:49:00,109.0
SJ102,SpiceJet,MAA,CCU,2026-04-18 17:26:41.702,2026-04-18 18:58:41.702,0 days 01:32:00,0 days 01:32:00,92.0
AI209,Air India,BLR,CCU,2026-04-18 17:25:41.703,2026-04-18 18:37:41.703,0 days 01:12:00,0 days 01:12:00,72.0
6F111,IndiGo,HYD,DEL,2026-04-18 17:09:41.702,2026-04-18 20:02:41.702,0 days 02:53:00,0 days 02:53:00,173.0
AI050,Air India,BLR,BOM,2026-04-18 17:07:41.701,2026-04-18 19:42:41.701,0 days 02:35:00,0 days 02:35:00,155.0
SJ189,SpiceJet,HYD,BLR,2026-04-18 17:05:41.703,2026-04-18 22:01:41.703,0 days 04:56:00,0 days 04:56:00,296.0
UK112,UNKNOWN,CCU,DEL,2026-04-18 17:05:41.702,2026-04-18 19:47:41.702,0 days 02:42:00,0 days 02:42:00,162.0
6F171,IndiGo,DEL,BLR,2026-04-18 17:03:41.703,2026-04-18 18:12:41.703,0 days 01:09:00,0 days 01:09:00,69.0
AI011,Air India,CCU,BOM,2026-04-18 16:58:41.701,2026-04-18 21:01:41.701,0 days 04:03:00,0 days 04:03:00,243.0
6F027,IndiGo,BLR,DEL,2026-04-18 16:52:41.701,2026-04-18 18:21:41.701,0 days 01:29:00,0 days 01:29:00,89.0
UK082,Vistara,DEL,BOM,2026-04-18 16:50:41.702,2026-04-18 21:21:41.702,0 days 04:31:00,0 days 04:31:00,271.0
UK138,Vistara,DEL,BLR,2026-04-18 16:47:41.703,2026-04-18 19:36:41.703,0 days 02:49:00,0 days 02:49:00,169.0
UK198,Vistara,DEL,BLR,2026-04-18 16:43:41.703,2026-04-18 18:18:41.703,0 days 01:35:00,0 days 01:35:00,95.0
6F039,IndiGo,MAA,CCU,2026-04-18 16:43:41.701,2026-04-18 21:01:41.701,0 days 04:18:00,0 days 04:18:00,258.0
6F157,IndiGo,MAA,CCU,2026-04-18 16:37:41.703,2026-04-18 18:04:41.703,0 days 01:27:00,0 days 01:27:00,87.0
SJ024,SpiceJet,DEL,MAA,2026-04-18 16:29:41.701,2026-04-18 20:21:41.701,0 days 03:52:00,0 days 03:52:00,232.0
6F167,IndiGo,BLR,BOM,2026-04-18 16:26:41.703,2026-04-18 17:50:41.703,0 days 01:24:00,0 days 01:24:00,84.0
AI197,Air India,BOM,CCU,2026-04-18 16:25:41.703,2026-04-18 20:00:41.703,0 days 03:35:00,0 days 03:35:00,215.0
SJ211,SpiceJet,MAA,BOM,2026-04-18 16:22:41.703,2026-04-18 18:34:41.703,0 days 02:12:00,0 days 02:12:00,132.0
6F055,IndiGo,DEL,CCU,2026-04-18 16:21:41.701,2026-04-18 18:49:41.701,0 days 02:28:00,0 days 02:28:00,148.0
AI253,Air India,BLR,BOM,2026-04-18 16:13:41.704,2026-04-18 19:51:41.704,0 days 03:38:00,0 days 03:38:00,218.0
UK060,Vistara,BLR,CCU,2026-04-18 16:09:41.701,2026-04-18 19:42:41.701,0 days 03:33:00,0 days 03:33:00,213.0
6F257,UNKNOWN,MAA,CCU,2026-04-18 16:04:41.704,2026-04-18 19:55:41.704,0 days 03:51:00,0 days 03:51:00,231.0
SJ135,SpiceJet,MAA,CCU,2026-04-18 16:03:41.702,2026-04-18 19:48:41.702,0 days 03:45:00,0 days 03:45:00,225.0
AI247,Air India,BOM,CCU,2026-04-18 15:58:41.704,2026-04-18 19:02:41.704,0 days 03:04:00,0 days 03:04:00,184.0
UK127,Vistara,BOM,HYD,2026-04-18 15:56:41.702,2026-04-18 20:00:41.702,0 days 04:04:00,0 days 04:04:00,244.0
AI109,Air India,BLR,BOM,2026-04-18 15:53:41.702,2026-04-18 20:14:41.702,0 days 04:21:00,0 days 04:21:00,261.0
AI057,Air India,BOM,CCU,2026-04-18 15:53:41.701,2026-04-18 19:22:41.701,0 days 03:29:00,0 days 03:29:00,209.0
6F103,IndiGo,CCU,MAA,2026-04-18 15:37:41.702,2026-04-18 18:32:41.702,0 days 02:55:00,0 days 02:55:00,175.0
SJ144,SpiceJet,BLR,BOM,2026-04-18 15:35:41.702,2026-04-18 19:12:41.702,0 days 03:37:00,0 days 03:37:00,217.0
6F076,IndiGo,CCU,HYD,2026-04-18 15:35:41.702,2026-04-18 16:20:41.702,0 days 00:45:00,0 days 00:45:00,45.0
6F240,IndiGo,DEL,HYD,2026-04-18 15:31:41.704,2026-04-18 19:56:41.704,0 days 04:25:00,0 days 04:25:00,265.0
UK057,Vistara,CCU,DEL,2026-04-18 15:25:41.701,2026-04-18 20:04:41.701,0 days 04:39:00,0 days 04:39:00,279.0
AI201,Air India,BLR,CCU,2026-04-18 15:19:41.703,2026-04-18 16:40:41.703,0 days 01:21:00,0 days 01:21:00,81.0
SJ242,SpiceJet,BLR,HYD,2026-04-18 14:55:41.704,2026-04-18 17:42:41.704,0 days 02:47:00,0 days 02:47:00,167.0
6F037,IndiGo,BOM,MAA,2026-04-18 14:51:41.701,2026-04-18 17:23:41.701,0 days 02:32:00,0 days 02:32:00,152.0
SJ132,SpiceJet,MAA,DEL,2026-04-18 14:44:41.702,2026-04-18 15:36:41.702,0 days 00:52:00,0 days 00:52:00,52.0
AI055,Air India,CCU,BOM,2026-04-18 14:39:41.701,2026-04-18 16:18:41.701,0 days 01:39:00,0 days 01:39:00,99.0
6F252,UNKNOWN,MAA,BLR,2026-04-18 14:25:41.701,2026-04-18 18:52:41.701,0 days 04:27:00,0 days 04:27:00,267.0
AI183,Air India,DEL,CCU,2026-04-18 14:24:41.703,2026-04-18 16:06:41.703,0 days 01:42:00,0 days 01:42:00,102.0
SJ125,SpiceJet,DEL,BLR,2026-04-18 14:21:41.702,2026-04-18 16:55:41.702,0 days 02:34:00,0 days 02:34:00,154.0
SJ087,SpiceJet,BOM,DEL,2026-04-18 14:20:41.702,2026-04-18 19:09:41.702,0 days 04:49:00,0 days 04:49:00,289.0
UK182,Vistara,HYD,CCU,2026-04-18 14:19:41.703,2026-04-18 18:25:41.703,0 days 04:06:00,0 days 04:06:00,246.0
AI016,Air India,BOM,CCU,2026-04-18 14:15:41.701,2026-04-18 18:38:41.701,0 days 04:23:00,0 days 04:23:00,263.0
6F107,IndiGo,CCU,BLR,2026-04-18 14:14:41.702,2026-04-18 17:14:42.000,0 days 03:00:00.298000,0 days 03:00:00.298000,180.0049666666667
AI026,Air India,DEL,BOM,2026-04-18 14:14:41.701,2026-04-18 15:13:41.701,0 days 00:59:00,0 days 00:59:00,59.0
AI177,Air India,CCU,HYD,2026-04-18 14:11:41.703,2026-04-18 16:26:41.703,0 days 02:15:00,0 days 02:15:00,135.0
AI041,Air India,BOM,BLR,2026-04-18 14:08:41.701,2026-04-18 15:59:41.701,0 days 01:51:00,0 days 01:51:00,111.0
6F264,,DEL,HYD,2026-04-18 14:03:41.701,2026-04-18 18:23:41.701,0 days 04:20:00,0 days 04:20:00,260.0
6F222,IndiGo,HYD,MAA,2026-04-18 14:01:41.704,2026-04-18 16:11:41.704,0 days 02:10:00,0 days 02:10:00,130.0
AI004,Air India,HYD,MAA,2026-04-18 13:58:41.701,2026-04-18 18:12:41.701,0 days 04:14:00,0 days 04:14:00,254.0
SJ126,SpiceJet,DEL,BLR,2026-04-18 13:47:41.702,2026-04-18 16:31:41.702,0 days 02:44:00,0 days 02:44:00,164.0
SJ220,SpiceJet,BOM,CCU,2026-04-18 13:45:41.703,2026-04-18 15:21:41.703,0 days 01:36:00,0 days 01:36:00,96.0
AI204,Air India,CCU,MAA,2026-04-18 13:40:41.703,2026-04-18 18:38:41.703,0 days 04:58:00,0 days 04:58:00,298.0
UK098,Vistara,CCU,DEL,2026-04-18 13:38:41.702,2026-04-18 17:54:41.702,0 days 04:16:00,0 days 04:16:00,256.0
AI090,Air India,MAA,CCU,2026-04-18 13:37:41.702,2026-04-18 16:11:41.702,0 days 02:34:00,0 days 02:34:00,154.0
AI092,Air India,CCU,BOM,2026-04-18 13:36:41.702,2026-04-18 16:20:41.702,0 days 02:44:00,0 days 02:44:00,164.0
AI049,Air India,CCU,MAA,2026-04-18 13:35:41.701,2026-04-18 15:48:41.701,0 days 02:13:00,0 days 02:13:00,133.0
UK117,Vistara,BLR,BOM,2026-04-18 13:17:41.702,2026-04-18 16:54:41.702,0 days 03:37:00,0 days 03:37:00,217.0
6F227,IndiGo,MAA,BOM,2026-04-18 13:16:41.704,2026-04-18 17:41:41.704,0 days 04:25:00,0 days 04:25:00,265.0
AI228,Air India,BLR,BOM,2026-04-18 13:16:41.703,2026-04-18 17:44:41.703,0 days 04:28:00,0 days 04:28:00,268.0
SJ164,SpiceJet,CCU,MAA,2026-04-18 13:14:41.703,2026-04-18 15:14:42.000,0 days 02:00:00.297000,0 days 02:00:00.297000,120.00495
AI018,Air India,BOM,CCU,2026-04-18 13:12:41.701,2026-04-18 18:04:41.701,0 days 04:52:00,0 days 04:52:00,292.0
UK192,Vistara,HYD,DEL,2026-04-18 12:54:41.703,2026-04-18 13:54:42.000,0 days 01:00:00.297000,0 days 01:00:00.297000,60.00495
SJ224,SpiceJet,DEL,MAA,2026-04-18 12:41:41.703,2026-04-18 15:33:41.703,0 days 02:52:00,0 days 02:52:00,172.0
UK050,Vistara,BOM,DEL,2026-04-18 12:39:41.701,2026-04-18 13:18:41.701,0 days 00:39:00,0 days 00:39:00,39.0
SJ159,SpiceJet,CCU,DEL,2026-04-18 12:22:41.703,2026-04-18 14:05:41.703,0 days 01:43:00,0 days 01:43:00,103.0
UK038,Vistara,MAA,CCU,2026-04-18 12:22:41.701,2026-04-18 15:31:41.701,0 days 03:09:00,0 days 03:09:00,189.0
6F192,IndiGo,CCU,BLR,2026-04-18 12:20:41.703,2026-04-18 16:45:41.703,0 days 04:25:00,0 days 04:25:00,265.0
6F173,IndiGo,BOM,CCU,2026-04-18 12:19:41.703,2026-04-18 13:08:41.703,0 days 00:49:00,0 days 00:49:00,49.0
AI185,Air India,CCU,BOM,2026-04-18 12:16:41.703,2026-04-18 16:18:41.703,0 days 04:02:00,0 days 04:02:00,242.0
SJ152,SpiceJet,BOM,DEL,2026-04-18 12:09:41.702,2026-04-18 13:50:41.702,0 days 01:41:00,0 days 01:41:00,101.0
AI215,Air India,BLR,DEL,2026-04-18 12:07:41.703,2026-04-18 13:43:41.703,0 days 01:36:00,0 days 01:36:00,96.0
AI074,Air India,CCU,BOM,2026-04-18 12:03:41.702,2026-04-18 12:50:41.702,0 days 00:47:00,0 days 00:47:00,47.0
6F109,IndiGo,BLR,BOM,2026-04-18 12:00:41.702,2026-04-18 12:51:41.702,0 days 00:51:00,0 days 00:51:00,51.0
6F144,IndiGo,HYD,BOM,2026-04-18 11:56:41.702,2026-04-18 15:11:41.702,0 days 03:15:00,0 days 03:15:00,195.0
6F210,IndiGo,HYD,DEL,2026-04-18 11:51:41.703,2026-04-18 15:58:41.703,0 days 04:07:00,0 days 04:07:00,247.0
SJ111,SpiceJet,DEL,MAA,2026-04-18 11:47:41.702,2026-04-18 12:59:41.702,0 days 01:12:00,0 days 01:12:00,72.0
UK092,Vistara,MAA,BLR,2026-04-18 11:42:41.702,2026-04-18 13:17:41.702,0 days 01:35:00,0 days 01:35:00,95.0
UK009,Vistara,BOM,DEL,2026-04-18 11:34:41.701,2026-04-18 13:41:41.701,0 days 02:07:00,0 days 02:07:00,127.0
AI170,Air India,HYD,DEL,2026-04-18 11:27:41.703,2026-04-18 15:50:41.703,0 days 04:23:00,0 days 04:23:00,263.0
6F154,IndiGo,CCU,DEL,2026-04-18 11:26:41.703,2026-04-18 12:23:41.703,0 days 00:57:00,0 days 00:57:00,57.0
6F161,IndiGo,MAA,DEL,2026-04-18 11:24:41.703,2026-04-18 12:21:41.703,0 days 00:57:00,0 days 00:57:00,57.0
UK128,Vistara,BOM,CCU,2026-04-18 11:22:41.702,2026-04-18 14:11:41.702,0 days 02:49:00,0 days 02:49:00,169.0
AI186,Air India,DEL,BOM,2026-04-18 11:11:41.703,2026-04-18 13:05:41.703,0 days 01:54:00,0 days 01:54:00,114.0
AI099,Air India,BLR,BOM,2026-04-18 11:07:41.702,2026-04-18 13:29:41.702,0 days 02:22:00,0 days 02:22:00,142.0
6F203,IndiGo,BLR,HYD,2026-04-18 11:05:41.703,2026-04-18 12:56:41.703,0 days 01:51:00,0 days 01:51:00,111.0
UK139,,BLR,MAA,2026-04-18 10:54:41.703,2026-04-18 14:31:41.703,0 days 03:37:00,0 days 03:37:00,217.0
SJ008,SpiceJet,HYD,BLR,2026-04-18 10:53:41.701,2026-04-18 15:48:41.701,0 days 04:55:00,0 days 04:55:00,295.0
AI171,Air India,MAA,BLR,2026-04-18 10:51:41.703,2026-04-18 13:34:41.703,0 days 02:43:00,0 days 02:43:00,163.0
6F124,IndiGo,BLR,BOM,2026-04-18 10:47:41.702,2026-04-18 15:21:41.702,0 days 04:34:00,0 days 04:34:00,274.0
6F137,IndiGo,CCU,DEL,2026-04-18 10:45:41.702,2026-04-18 15:01:41.702,0 days 04:16:00,0 days 04:16:00,256.0
AI008,Air India,BOM,CCU,2026-04-18 10:43:41.701,2026-04-18 12:43:42.000,0 days 02:00:00.299000,0 days 02:00:00.299000,120.00498333333333
SJ140,UNKNOWN,HYD,DEL,2026-04-18 10:42:41.702,2026-04-18 14:30:41.702,0 days 03:48:00,0 days 03:48:00,228.0
UK016,Vistara,DEL,CCU,2026-04-18 10:42:41.701,2026-04-18 11:22:41.701,0 days 00:40:00,0 days 00:40:00,40.0
AI127,Air India,DEL,HYD,2026-04-18 10:37:41.702,2026-04-18 13:45:41.702,0 days 03:08:00,0 days 03:08:00,188.0
SJ096,UNKNOWN,DEL,HYD,2026-04-18 10:29:41.702,2026-04-18 13:45:41.702,0 days 03:16:00,0 days 03:16:00,196.0
6F048,IndiGo,HYD,DEL,2026-04-18 10:27:41.701,2026-04-18 11:18:41.701,0 days 00:51:00,0 days 00:51:00,51.0
SJ090,SpiceJet,HYD,MAA,2026-04-18 10:24:41.702,2026-04-18 13:11:41.702,0 days 02:47:00,0 days 02:47:00,167.0
AI014,Air India,HYD,MAA,2026-04-18 10:24:41.701,2026-04-18 13:51:41.701,0 days 03:27:00,0 days 03:27:00,207.0
6F131,IndiGo,BLR,HYD,2026-04-18 10:22:41.702,2026-04-18 14:20:41.702,0 days 03:58:00,0 days 03:58:00,238.0
AI130,Air India,BOM,BLR,2026-04-18 10:18:41.702,2026-04-18 12:59:41.702,0 days 02:41:00,0 days 02:41:00,161.0
UK151,,BOM,CCU,2026-04-18 10:11:41.703,2026-04-18 13:30:41.703,0 days 03:19:00,0 days 03:19:00,199.0
6F165,IndiGo,BLR,BOM,2026-04-18 10:11:41.703,2026-04-18 11:09:41.703,0 days 00:58:00,0 days 00:58:00,58.0
UK161,Vistara,BLR,BOM,2026-04-18 10:05:41.703,2026-04-18 12:48:41.703,0 days 02:43:00,0 days 02:43:00,163.0
AI107,Air India,HYD,CCU,2026-04-18 10:03:41.702,2026-04-18 10:49:41.702,0 days 00:46:00,0 days 00:46:00,46.0
SJ104,SpiceJet,HYD,DEL,2026-04-18 10:00:41.702,2026-04-18 11:00:42.000,0 days 01:00:00.298000,0 days 01:00:00.298000,60.00496666666666
AI042,Air India,CCU,DEL,2026-04-18 09:53:41.701,2026-04-18 10:57:41.701,0 days 01:04:00,0 days 01:04:00,64.0
6F266,UNKNOWN,CCU,MAA,2026-04-18 09:49:41.703,2026-04-18 11:17:41.703,0 days 01:28:00,0 days 01:28:00,88.0
6F138,IndiGo,HYD,BLR,2026-04-18 09:49:41.702,2026-04-18 12:53:41.702,0 days 03:04:00,0 days 03:04:00,184.0
SJ219,SpiceJet,BOM,DEL,2026-04-18 09:32:41.703,2026-04-18 14:09:41.703,0 days 04:37:00,0 days 04:37:00,277.0
UK197,Vistara,BLR,HYD,2026-04-18 09:22:41.703,2026-04-18 10:54:41.703,0 days 01:32:00,0 days 01:32:00,92.0
6F119,IndiGo,DEL,BOM,2026-04-18 09:19:41.702,2026-04-18 11:33:41.702,0 days 02:14:00,0 days 02:14:00,134.0
SJ058,SpiceJet,DEL,HYD,2026-04-18 08:58:41.701,2026-04-18 13:14:41.701,0 days 04:16:00,0 days 04:16:00,256.0
AI218,Air India,BOM,CCU,2026-04-18 08:55:41.703,2026-04-18 11:55:41.703,0 days 03:00:00,0 days 03:00:00,180.0
SJ060,SpiceJet,HYD,CCU,2026-04-18 08:51:41.701,2026-04-18 13:46:41.701,0 days 04:55:00,0 days 04:55:00,295.0
UK121,Vistara,BLR,BOM,2026-04-18 08:36:41.702,2026-04-18 12:36:41.702,0 days 04:00:00,0 days 04:00:00,240.0
6F208,IndiGo,CCU,BOM,2026-04-18 08:27:41.703,2026-04-18 11:34:41.703,0 days 03:07:00,0 days 03:07:00,187.0
6F153,IndiGo,CCU,BLR,2026-04-18 08:23:41.703,2026-04-18 12:20:41.703,0 days 03:57:00,0 days 03:57:00,237.0
AI117,Air India,HYD,BLR,2026-04-18 08:18:41.702,2026-04-18 10:09:41.702,0 days 01:51:00,0 days 01:51:00,111.0
SJ113,SpiceJet,BLR,BOM,2026-04-18 08:10:41.702,2026-04-18 10:10:42.000,0 days 02:00:00.298000,0 days 02:00:00.298000,120.00496666666666
AI191,Air India,BLR,MAA,2026-04-18 07:57:41.703,2026-04-18 11:58:41.703,0 days 04:01:00,0 days 04:01:00,241.0
6F267,UNKNOWN,DEL,MAA,2026-04-18 07:56:41.703,2026-04-18 11:49:41.703,0 days 03:53:00,0 days 03:53:00,233.0
6F185,IndiGo,CCU,DEL,2026-04-18 07:49:41.703,2026-04-18 10:08:41.703,0 days 02:19:00,0 days 02:19:00,139.0
AI114,Air India,CCU,DEL,2026-04-18 07:48:41.702,2026-04-18 09:03:41.702,0 days 01:15:00,0 days 01:15:00,75.0
6F155,IndiGo,DEL,BLR,2026-04-18 07:47:41.703,2026-04-18 08:20:41.703,0 days 00:33:00,0 days 00:33:00,33.0
UK045,Vistara,MAA,HYD,2026-04-18 07:43:41.701,2026-04-18 09:28:41.701,0 days 01:45:00,0 days 01:45:00,105.0
AI111,Air India,MAA,CCU,2026-04-18 07:40:41.702,2026-04-18 10:39:41.702,0 days 02:59:00,0 days 02:59:00,179.0
AI156,Air India,CCU,BOM,2026-04-18 07:39:41.703,2026-04-18 09:22:41.703,0 days 01:43:00,0 days 01:43:00,103.0
SJ128,SpiceJet,CCU,BLR,2026-04-18 07:39:41.702,2026-04-18 10:42:41.702,0 days 03:03:00,0 days 03:03:00,183.0
AI104,Air India,MAA,HYD,2026-04-18 07:35:41.702,2026-04-18 09:20:41.702,0 days 01:45:00,0 days 01:45:00,105.0
6F225,IndiGo,HYD,CCU,2026-04-18 07:33:41.704,2026-04-18 12:12:41.704,0 days 04:39:00,0 days 04:39:00,279.0
6F033,IndiGo,DEL,HYD,2026-04-18 07:08:41.701,2026-04-18 09:08:41.701,0 days 02:00:00,0 days 02:00:00,120.0
6F244,IndiGo,MAA,CCU,2026-04-18 07:07:41.704,2026-04-18 08:31:41.704,0 days 01:24:00,0 days 01:24:00,84.0
UK137,Vistara,BOM,MAA,2026-04-18 07:04:41.703,2026-04-18 09:14:41.703,0 days 02:10:00,0 days 02:10:00,130.0
AI063,Air India,HYD,BLR,2026-04-18 07:03:41.701,2026-04-18 11:26:41.701,0 days 04:23:00,0 days 04:23:00,263.0
SJ156,SpiceJet,BOM,DEL,2026-04-18 06:59:41.703,2026-04-18 07:34:41.703,0 days 00:35:00,0 days 00:35:00,35.0
UK125,Vistara,HYD,BOM,2026-04-18 06:58:41.702,2026-04-18 11:44:41.702,0 days 04:46:00,0 days 04:46:00,286.0
AI232,Air India,DEL,BLR,2026-04-18 06:43:41.704,2026-04-18 10:13:41.704,0 days 03:30:00,0 days 03:30:00,210.0
AI167,Air India,BLR,DEL,2026-04-18 06:43:41.703,2026-04-18 11:10:41.703,0 days 04:27:00,0 days 04:27:00,267.0
UK160,Vistara,BLR,BOM,2026-04-18 06:42:41.703,2026-04-18 10:58:41.703,0 days 04:16:00,0 days 04:16:00,256.0
UK129,Vistara,HYD,MAA,2026-04-18 06:29:41.702,2026-04-18 07:29:42.000,0 days 01:00:00.298000,0 days 01:00:00.298000,60.00496666666666
SJ230,SpiceJet,BOM,CCU,2026-04-18 06:22:41.704,2026-04-18 10:57:41.704,0 days 04:35:00,0 days 04:35:00,275.0
SJ056,SpiceJet,HYD,DEL,2026-04-18 06:11:41.701,2026-04-18 07:10:41.701,0 days 00:59:00,0 days 00:59:00,59.0
SJ137,SpiceJet,CCU,DEL,2026-04-18 06:08:41.702,2026-04-18 10:14:41.702,0 days 04:06:00,0 days 04:06:00,246.0
6F081,IndiGo,MAA,BLR,2026-04-18 06:04:41.702,2026-04-18 07:43:41.702,0 days 01:39:00,0 days 01:39:00,99.0
6F088,IndiGo,CCU,BLR,2026-04-18 05:51:41.702,2026-04-18 08:22:41.702,0 days 02:31:00,0 days 02:31:00,151.0
6F121,IndiGo,HYD,MAA,2026-04-18 05:44:41.702,2026-04-18 10:42:41.702,0 days 04:58:00,0 days 04:58:00,298.0
UK214,Vistara,HYD,DEL,2026-04-18 05:30:41.704,2026-04-18 09:10:41.704,0 days 03:40:00,0 days 03:40:00,220.0
6F060,IndiGo,DEL,BLR,2026-04-18 05:29:41.701,2026-04-18 07:29:42.000,0 days 02:00:00.299000,0 days 02:00:00.299000,120.00498333333333
SJ101,SpiceJet,CCU,DEL,2026-04-18 05:17:41.702,2026-04-18 06:57:41.702,0 days 01:40:00,0 days 01:40:00,100.0
AI017,Air India,CCU,BOM,2026-04-18 05:15:41.701,2026-04-18 08:48:41.701,0 days 03:33:00,0 days 03:33:00,213.0
6F120,IndiGo,BLR,BOM,2026-04-18 05:14:41.702,2026-04-18 06:14:41.702,0 days 01:00:00,0 days 01:00:00,60.0
6F217,IndiGo,BLR,BOM,2026-04-18 05:13:41.704,2026-04-18 08:01:41.704,0 days 02:48:00,0 days 02:48:00,168.0
AI194,Air India,MAA,BLR,2026-04-18 05:09:41.703,2026-04-18 09:38:41.703,0 days 04:29:00,0 days 04:29:00,269.0
AI095,Air India,DEL,MAA,2026-04-18 05:00:41.702,2026-04-18 08:18:41.702,0 days 03:18:00,0 days 03:18:00,198.0
SJ190,SpiceJet,BOM,CCU,2026-04-18 04:57:41.703,2026-04-18 09:25:41.703,0 days 04:28:00,0 days 04:28:00,268.0
6F139,IndiGo,HYD,MAA,2026-04-18 04:55:41.702,2026-04-18 08:17:41.702,0 days 03:22:00,0 days 03:22:00,202.0
6F062,IndiGo,CCU,DEL,2026-04-18 04:55:41.701,2026-04-18 06:22:41.701,0 days 01:27:00,0 days 01:27:00,87.0
UK011,Vistara,CCU,DEL,2026-04-18 04:41:41.701,2026-04-18 06:25:41.701,0 days 01:44:00,0 days 01:44:00,104.0
6F100,IndiGo,BOM,BLR,2026-04-18 04:40:41.702,2026-04-18 07:49:41.702,0 days 03:09:00,0 days 03:09:00,189.0
6F228,IndiGo,HYD,MAA,2026-04-18 04:36:41.704,2026-04-18 09:27:41.704,0 days 04:51:00,0 days 04:51:00,291.0
UK033,Vistara,HYD,DEL,2026-04-18 04:34:41.701,2026-04-18 09:18:41.701,0 days 04:44:00,0 days 04:44:00,284.0
SJ231,SpiceJet,DEL,BLR,2026-04-18 04:23:41.704,2026-04-18 05:48:41.704,0 days 01:25:00,0 days 01:25:00,85.0
AI166,Air India,BOM,CCU,2026-04-18 04:20:41.703,2026-04-18 07:23:41.703,0 days 03:03:00,0 days 03:03:00,183.0
SJ176,SpiceJet,DEL,BOM,2026-04-18 04:15:41.703,2026-04-18 06:17:41.703,0 days 02:02:00,0 days 02:02:00,122.0
SJ065,SpiceJet,MAA,BLR,2026-04-18 04:10:41.701,2026-04-18 06:54:41.701,0 days 02:44:00,0 days 02:44:00,164.0
6F160,IndiGo,MAA,BLR,2026-04-18 04:09:41.703,2026-04-18 08:26:41.703,0 days 04:17:00,0 days 04:17:00,257.0
AI089,Air India,CCU,BOM,2026-04-18 04:05:41.702,2026-04-18 04:47:41.702,0 days 00:42:00,0 days 00:42:00,42.0
UK226,Vistara,MAA,HYD,2026-04-18 03:58:41.704,2026-04-18 05:01:41.704,0 days 01:03:00,0 days 01:03:00,63.0
SJ123,SpiceJet,BOM,CCU,2026-04-18 03:57:41.702,2026-04-18 05:25:41.702,0 days 01:28:00,0 days 01:28:00,88.0
AI054,Air India,HYD,CCU,2026-04-18 03:44:41.701,2026-04-18 08:10:41.701,0 days 04:26:00,0 days 04:26:00,266.0
UK019,Vistara,BOM,HYD,2026-04-18 03:41:41.701,2026-04-18 04:35:41.701,0 days 00:54:00,0 days 00:54:00,54.0
UK032,Vistara,BLR,BOM,2026-04-18 03:31:41.701,2026-04-18 07:28:41.701,0 days 03:57:00,0 days 03:57:00,237.0
SJ100,SpiceJet,MAA,BLR,2026-04-18 03:28:41.702,2026-04-18 06:50:41.702,0 days 03:22:00,0 days 03:22:00,202.0
SJ094,SpiceJet,MAA,HYD,2026-04-18 03:23:41.702,2026-04-18 08:07:41.702,0 days 04:44:00,0 days 04:44:00,284.0
6F101,IndiGo,BOM,MAA,2026-04-18 03:18:41.702,2026-04-18 08:15:41.702,0 days 04:57:00,0 days 04:57:00,297.0
6F006,IndiGo,BOM,BLR,2026-04-18 03:06:41.701,2026-04-18 05:06:42.000,0 days 02:00:00.299000,0 days 02:00:00.299000,120.00498333333333
AI006,Air India,BOM,BLR,2026-04-18 03:04:41.701,2026-04-18 05:54:41.701,0 days 02:50:00,0 days 02:50:00,170.0
AI195,Air India,CCU,MAA,2026-04-18 02:58:41.703,2026-04-18 04:57:41.703,0 days 01:59:00,0 days 01:59:00,119.0
UK072,Vistara,BOM,BLR,2026-04-18 02:55:41.702,2026-04-18 05:55:42.000,0 days 03:00:00.298000,0 days 03:00:00.298000,180.0049666666667
AI244,Air India,BLR,BOM,2026-04-18 02:50:41.704,2026-04-18 03:25:41.704,0 days 00:35:00,0 days 00:35:00,35.0
SJ059,SpiceJet,CCU,DEL,2026-04-18 02:50:41.701,2026-04-18 04:06:41.701,0 days 01:16:00,0 days 01:16:00,76.0
SJ009,SpiceJet,CCU,BLR,2026-04-18 02:48:41.701,2026-04-18 04:23:41.701,0 days 01:35:00,0 days 01:35:00,95.0
AI121,Air India,HYD,MAA,2026-04-18 02:42:41.702,2026-04-18 06:11:41.702,0 days 03:29:00,0 days 03:29:00,209.0
6F265,,DEL,HYD,2026-04-18 02:27:41.703,2026-04-18 03:24:41.703,0 days 00:57:00,0 days 00:57:00,57.0
6F110,IndiGo,HYD,DEL,2026-04-18 02:27:41.702,2026-04-18 05:48:41.702,0 days 03:21:00,0 days 03:21:00,201.0
UK018,Vistara,BOM,CCU,2026-04-18 02:15:41.701,2026-04-18 04:08:41.701,0 days 01:53:00,0 days 01:53:00,113.0
6F072,IndiGo,BLR,CCU,2026-04-18 02:14:41.702,2026-04-18 03:11:41.702,0 days 00:57:00,0 days 00:57:00,57.0
6F159,IndiGo,CCU,BOM,2026-04-18 02:08:41.703,2026-04-18 02:43:41.703,0 days 00:35:00,0 days 00:35:00,35.0
6F095,IndiGo,BLR,MAA,2026-04-18 01:53:41.702,2026-04-18 05:34:41.702,0 days 03:41:00,0 days 03:41:00,221.0
SJ129,SpiceJet,CCU,BOM,2026-04-18 01:48:41.702,2026-04-18 05:48:41.702,0 days 04:00:00,0 days 04:00:00,240.0
UK039,Vistara,HYD,BOM,2026-04-18 01:40:41.701,2026-04-18 02:53:41.701,0 days 01:13:00,0 days 01:13:00,73.0
6F130,IndiGo,DEL,HYD,2026-04-18 01:27:41.702,2026-04-18 02:45:41.702,0 days 01:18:00,0 days 01:18:00,78.0
6F247,IndiGo,DEL,HYD,2026-04-18 01:27:41.702,2026-04-18 02:45:41.702,0 days 01:18:00,0 days 01:18:00,78.0
SJ233,SpiceJet,DEL,HYD,2026-04-18 01:18:41.704,2026-04-18 02:56:41.704,0 days 01:38:00,0 days 01:38:00,98.0
6F231,IndiGo,HYD,MAA,2026-04-18 01:16:41.704,2026-04-18 05:43:41.704,0 days 04:27:00,0 days 04:27:00,267.0
AI125,,CCU,DEL,2026-04-18 01:12:41.702,2026-04-18 04:51:41.702,0 days 03:39:00,0 days 03:39:00,219.0
6F102,IndiGo,HYD,MAA,2026-04-18 01:10:41.702,2026-04-18 02:24:41.702,0 days 01:14:00,0 days 01:14:00,74.0
UK078,Vistara,BOM,HYD,2026-04-18 01:03:41.702,2026-04-18 04:32:41.702,0 days 03:29:00,0 days 03:29:00,209.0
UK043,,DEL,HYD,2026-04-18 00:48:41.701,2026-04-18 04:52:41.701,0 days 04:04:00,0 days 04:04:00,244.0
AI144,Air India,MAA,BOM,2026-04-18 00:43:41.702,2026-04-18 03:36:41.702,0 days 02:53:00,0 days 02:53:00,173.0
UK054,Vistara,BLR,BOM,2026-04-18 00:37:41.701,2026-04-18 05:30:41.701,0 days 04:53:00,0 days 04:53:00,293.0
UK108,Vistara,DEL,BLR,2026-04-18 00:28:41.702,2026-04-18 03:46:41.702,0 days 03:18:00,0 days 03:18:00,198.0
6F008,IndiGo,DEL,BOM,2026-04-18 00:14:41.701,2026-04-18 04:59:41.701,0 days 04:45:00,0 days 04:45:00,285.0
6F106,IndiGo,BOM,CCU,2026-04-18 00:10:41.702,2026-04-18 01:52:41.702,0 days 01:42:00,0 days 01:42:00,102.0
AI203,Air India,BOM,CCU,2026-04-18 00:09:41.703,2026-04-18 02:56:41.703,0 days 02:47:00,0 days 02:47:00,167.0
AI065,,MAA,BLR,2026-04-18 00:09:41.701,2026-04-18 05:00:41.701,0 days 04:51:00,0 days 04:51:00,291.0
UK053,Vistara,BLR,BOM,2026-04-17 23:56:41.701,2026-04-18 02:46:41.701,0 days 02:50:00,0 days 02:50:00,170.0
UK086,Vistara,CCU,BLR,2026-04-17 23:55:41.702,2026-04-18 02:27:41.702,0 days 02:32:00,0 days 02:32:00,152.0
SJ223,SpiceJet,HYD,MAA,2026-04-17 23:54:41.703,2026-04-18 01:08:41.703,0 days 01:14:00,0 days 01:14:00,74.0
6F069,IndiGo,MAA,BLR,2026-04-17 23:44:41.701,2026-04-18 03:17:41.701,0 days 03:33:00,0 days 03:33:00,213.0
6F032,IndiGo,DEL,BOM,2026-04-17 23:43:41.701,2026-04-18 02:22:41.701,0 days 02:39:00,0 days 02:39:00,159.0
UK178,Vistara,DEL,BLR,2026-04-17 23:41:41.703,2026-04-18 04:09:41.703,0 days 04:28:00,0 days 04:28:00,268.0
6F108,IndiGo,DEL,HYD,2026-04-17 23:41:41.702,2026-04-18 03:23:41.702,0 days 03:42:00,0 days 03:42:00,222.0
UK147,Vistara,CCU,DEL,2026-04-17 23:35:41.703,2026-04-18 02:55:41.703,0 days 03:20:00,0 days 03:20:00,200.0
AI187,Air India,BLR,HYD,2026-04-17 23:32:41.703,2026-04-18 01:16:41.703,0 days 01:44:00,0 days 01:44:00,104.0
UK213,Vistara,BOM,CCU,2026-04-17 23:21:41.704,2026-04-18 01:01:41.704,0 days 01:40:00,0 days 01:40:00,100.0
AI035,Air India,DEL,MAA,2026-04-17 23:17:41.701,2026-04-18 00:48:41.701,0 days 01:31:00,0 days 01:31:00,91.0
UK186,Vistara,BOM,BLR,2026-04-17 23:05:41.703,2026-04-18 02:22:41.703,0 days 03:17:00,0 days 03:17:00,197.0
6F045,IndiGo,BOM,HYD,2026-04-17 23:04:41.701,2026-04-18 03:38:41.701,0 days 04:34:00,0 days 04:34:00,274.0
UK025,Vistara,DEL,BOM,2026-04-17 22:55:41.701,2026-04-18 02:47:41.701,0 days 03:52:00,0 days 03:52:00,232.0
UK162,Vistara,BOM,CCU,2026-04-17 22:47:41.703,2026-04-18 00:21:41.703,0 days 01:34:00,0 days 01:34:00,94.0
AI157,Air India,BLR,CCU,2026-04-17 22:45:41.703,2026-04-18 01:33:41.703,0 days 02:48:00,0 days 02:48:00,168.0
6F096,IndiGo,MAA,BLR,2026-04-17 22:45:41.702,2026-04-18 02:58:41.702,0 days 04:13:00,0 days 04:13:00,253.0
SJ229,SpiceJet,CCU,DEL,2026-04-17 22:25:41.704,2026-04-18 00:27:41.704,0 days 02:02:00,0 days 02:02:00,122.0
AI214,Air India,CCU,DEL,2026-04-17 22:23:41.703,2026-04-18 02:49:41.703,0 days 04:26:00,0 days 04:26:00,266.0
6F205,IndiGo,HYD,BOM,2026-04-17 22:16:41.703,2026-04-18 00:02:41.703,0 days 01:46:00,0 days 01:46:00,106.0
SJ157,SpiceJet,DEL,HYD,2026-04-17 22:11:41.703,2026-04-18 01:05:41.703,0 days 02:54:00,0 days 02:54:00,174.0
UK114,Vistara,HYD,CCU,2026-04-17 22:10:41.702,2026-04-17 23:58:41.702,0 days 01:48:00,0 days 01:48:00,108.0
6F054,IndiGo,HYD,BLR,2026-04-17 22:00:41.701,2026-04-18 01:25:41.701,0 days 03:25:00,0 days 03:25:00,205.0
6F216,IndiGo,BLR,DEL,2026-04-17 21:58:41.704,2026-04-18 02:51:41.704,0 days 04:53:00,0 days 04:53:00,293.0
AI231,Air India,DEL,HYD,2026-04-17 21:52:41.704,2026-04-17 23:51:41.704,0 days 01:59:00,0 days 01:59:00,119.0
UK103,Vistara,MAA,DEL,2026-04-17 21:52:41.702,2026-04-18 01:06:41.702,0 days 03:14:00,0 days 03:14:00,194.0
AI066,Air India,HYD,MAA,2026-04-17 21:51:41.701,2026-04-18 00:11:41.701,0 days 02:20:00,0 days 02:20:00,140.0
6F186,IndiGo,HYD,BOM,2026-04-17 21:48:41.703,2026-04-18 02:02:41.703,0 days 04:14:00,0 days 04:14:00,254.0
AI021,Air India,DEL,HYD,2026-04-17 21:39:41.701,2026-04-18 01:38:41.701,0 days 03:59:00,0 days 03:59:00,239.0
AI113,Air India,CCU,HYD,2026-04-17 21:21:41.702,2026-04-17 23:51:41.702,0 days 02:30:00,0 days 02:30:00,150.0
SJ031,SpiceJet,DEL,BOM,2026-04-17 21:20:41.701,2026-04-17 22:29:41.701,0 days 01:09:00,0 days 01:09:00,69.0
UK217,Vistara,MAA,CCU,2026-04-17 21:19:41.704,2026-04-17 22:14:41.704,0 days 00:55:00,0 days 00:55:00,55.0
SJ120,SpiceJet,MAA,BLR,2026-04-17 21:19:41.702,2026-04-18 00:56:41.702,0 days 03:37:00,0 days 03:37:00,217.0
UK180,Vistara,CCU,MAA,2026-04-17 21:18:41.703,2026-04-17 23:29:41.703,0 days 02:11:00,0 days 02:11:00,131.0
6F242,IndiGo,BLR,MAA,2026-04-17 21:10:41.704,2026-04-18 01:04:41.704,0 days 03:54:00,0 days 03:54:00,234.0
UK080,Vistara,BLR,MAA,2026-04-17 21:09:41.702,2026-04-17 22:29:41.702,0 days 01:20:00,0 days 01:20:00,80.0
SJ124,SpiceJet,HYD,DEL,2026-04-17 21:05:41.702,2026-04-18 01:12:41.702,0 days 04:07:00,0 days 04:07:00,247.0
SJ115,SpiceJet,BOM,HYD,2026-04-17 21:05:41.702,2026-04-17 23:10:41.702,0 days 02:05:00,0 days 02:05:00,125.0
AI081,Air India,CCU,BOM,2026-04-17 21:03:41.702,2026-04-17 22:51:41.702,0 days 01:48:00,0 days 01:48:00,108.0
AI142,Air India,BOM,DEL,2026-04-17 20:49:41.702,2026-04-17 23:03:41.702,0 days 02:14:00,0 days 02:14:00,134.0
UK052,Vistara,BLR,CCU,2026-04-17 20:48:41.701,2026-04-17 21:40:41.701,0 days 00:52:00,0 days 00:52:00,52.0
UK014,Vistara,HYD,MAA,2026-04-17 20:41:41.701,2026-04-17 22:06:41.701,0 days 01:25:00,0 days 01:25:00,85.0
AI230,,CCU,BLR,2026-04-17 20:37:41.704,2026-04-18 00:22:41.704,0 days 03:45:00,0 days 03:45:00,225.0
6F268,,DEL,MAA,2026-04-17 20:29:41.701,2026-04-17 21:58:41.701,0 days 01:29:00,0 days 01:29:00,89.0
AI124,Air India,CCU,HYD,2026-04-17 20:28:41.702,2026-04-18 00:00:41.702,0 days 03:32:00,0 days 03:32:00,212.0
6F082,IndiGo,BOM,BLR,2026-04-17 20:26:41.702,2026-04-17 22:26:41.702,0 days 02:00:00,0 days 02:00:00,120.0
SJ035,SpiceJet,CCU,DEL,2026-04-17 20:15:41.701,2026-04-17 21:15:42.000,0 days 01:00:00.299000,0 days 01:00:00.299000,60.004983333333335
SJ095,SpiceJet,DEL,MAA,2026-04-17 20:09:41.702,2026-04-17 23:13:41.702,0 days 03:04:00,0 days 03:04:00,184.0
UK230,Vistara,BLR,BOM,2026-04-17 20:02:41.704,2026-04-17 21:35:41.704,0 days 01:33:00,0 days 01:33:00,93.0
UK171,Vistara,HYD,CCU,2026-04-17 19:59:41.703,2026-04-17 22:53:41.703,0 days 02:54:00,0 days 02:54:00,174.0
6F147,IndiGo,HYD,MAA,2026-04-17 19:57:41.703,2026-04-18 00:31:41.703,0 days 04:34:00,0 days 04:34:00,274.0
SJ212,UNKNOWN,MAA,BLR,2026-04-17 19:49:41.703,2026-04-17 21:44:41.703,0 days 01:55:00,0 days 01:55:00,115.0
6F080,IndiGo,HYD,MAA,2026-04-17 19:47:41.702,2026-04-17 23:13:41.702,0 days 03:26:00,0 days 03:26:00,206.0
UK049,Vistara,HYD,BOM,2026-04-17 19:47:41.701,2026-04-17 20:32:41.701,0 days 00:45:00,0 days 00:45:00,45.0
AI152,Air India,BLR,CCU,2026-04-17 19:21:41.703,2026-04-17 20:26:41.703,0 days 01:05:00,0 days 01:05:00,65.0
AI162,Air India,MAA,DEL,2026-04-17 19:20:41.703,2026-04-17 22:40:41.703,0 days 03:20:00,0 days 03:20:00,200.0
SJ037,SpiceJet,BLR,BOM,2026-04-17 19:14:41.701,2026-04-17 22:31:41.701,0 days 03:17:00,0 days 03:17:00,197.0
AI172,Air India,BOM,CCU,2026-04-17 19:08:41.703,2026-04-17 19:53:41.703,0 days 00:45:00,0 days 00:45:00,45.0
UK205,Vistara,HYD,MAA,2026-04-17 18:57:41.703,2026-04-17 21:46:41.703,0 days 02:49:00,0 days 02:49:00,169.0
AI199,Air India,HYD,DEL,2026-04-17 18:47:41.703,2026-04-17 22:26:41.703,0 days 03:39:00,0 days 03:39:00,219.0
6F241,IndiGo,DEL,HYD,2026-04-17 18:27:41.704,2026-04-17 19:02:41.704,0 days 00:35:00,0 days 00:35:00,35.0
SJ041,SpiceJet,CCU,HYD,2026-04-17 18:24:41.701,2026-04-17 22:59:41.701,0 days 04:35:00,0 days 04:35:00,275.0
AI064,Air India,BLR,MAA,2026-04-17 18:24:41.701,2026-04-17 20:07:41.701,0 days 01:43:00,0 days 01:43:00,103.0
UK169,Vistara,HYD,DEL,2026-04-17 18:12:41.703,2026-04-17 23:01:41.703,0 days 04:49:00,0 days 04:49:00,289.0
UK144,Vistara,BOM,CCU,2026-04-17 18:07:41.703,2026-04-17 20:59:41.703,0 days 02:52:00,0 days 02:52:00,172.0
AI118,Air India,HYD,MAA,2026-04-17 17:50:41.702,2026-04-17 19:59:41.702,0 days 02:09:00,0 days 02:09:00,129.0
SJ145,SpiceJet,BLR,HYD,2026-04-17 17:41:41.702,2026-04-17 20:38:41.702,0 days 02:57:00,0 days 02:57:00,177.0
SJ077,SpiceJet,BLR,MAA,2026-04-17 17:32:41.701,2026-04-17 19:40:41.701,0 days 02:08:00,0 days 02:08:00,128.0
AI126,Air India,MAA,HYD,2026-04-17 17:26:41.702,2026-04-17 20:48:41.702,0 days 03:22:00,0 days 03:22:00,202.0
SJ033,SpiceJet,HYD,DEL,2026-04-17 17:26:41.701,2026-04-17 18:51:41.701,0 days 01:25:00,0 days 01:25:00,85.0
SJ180,SpiceJet,HYD,CCU,2026-04-17 17:12:41.703,2026-04-17 22:00:41.703,0 days 04:48:00,0 days 04:48:00,288.0
6F183,IndiGo,MAA,HYD,2026-04-17 17:08:41.703,2026-04-17 19:52:41.703,0 days 02:44:00,0 days 02:44:00,164.0
AI145,,DEL,BOM,2026-04-17 17:06:41.702,2026-04-17 21:31:41.702,0 days 04:25:00,0 days 04:25:00,265.0
6F089,IndiGo,DEL,HYD,2026-04-17 17:06:41.702,2026-04-17 19:10:41.702,0 days 02:04:00,0 days 02:04:00,124.0
6F207,IndiGo,BOM,HYD,2026-04-17 16:59:41.703,2026-04-17 21:00:41.703,0 days 04:01:00,0 days 04:01:00,241.0
AI229,Air India,HYD,MAA,2026-04-17 16:48:41.703,2026-04-17 18:40:41.703,0 days 01:52:00,0 days 01:52:00,112.0
6F223,IndiGo,MAA,BLR,2026-04-17 16:47:41.704,2026-04-17 17:21:41.704,0 days 00:34:00,0 days 00:34:00,34.0
6F116,IndiGo,MAA,CCU,2026-04-17 16:43:41.702,2026-04-17 19:02:41.702,0 days 02:19:00,0 days 02:19:00,139.0
SJ240,SpiceJet,BOM,HYD,2026-04-17 16:42:41.704,2026-04-17 20:21:41.704,0 days 03:39:00,0 days 03:39:00,219.0
SJ184,SpiceJet,CCU,DEL,2026-04-17 16:32:41.703,2026-04-17 21:00:41.703,0 days 04:28:00,0 days 04:28:00,268.0
AI087,Air India,MAA,DEL,2026-04-17 16:32:41.702,2026-04-17 20:30:41.702,0 days 03:58:00,0 days 03:58:00,238.0
UK148,Vistara,HYD,BOM,2026-04-17 16:31:41.703,2026-04-17 18:43:41.703,0 days 02:12:00,0 days 02:12:00,132.0
AI210,Air India,BLR,BOM,2026-04-17 16:13:41.703,2026-04-17 18:50:41.703,0 days 02:37:00,0 days 02:37:00,157.0
6F093,IndiGo,CCU,DEL,2026-04-17 16:09:41.702,2026-04-17 20:00:41.702,0 days 03:51:00,0 days 03:51:00,231.0
SJ080,SpiceJet,CCU,MAA,2026-04-17 16:04:41.702,2026-04-17 17:59:41.702,0 days 01:55:00,0 days 01:55:00,115.0
SJ005,SpiceJet,DEL,MAA,2026-04-17 16:03:41.701,2026-04-17 17:24:41.701,0 days 01:21:00,0 days 01:21:00,81.0
6F040,IndiGo,HYD,CCU,2026-04-17 15:52:41.701,2026-04-17 20:33:41.701,0 days 04:41:00,0 days 04:41:00,281.0
AI212,Air India,DEL,CCU,2026-04-17 15:31:41.703,2026-04-17 20:13:41.703,0 days 04:42:00,0 days 04:42:00,282.0
AI154,Air India,HYD,MAA,2026-04-17 15:25:41.703,2026-04-17 19:16:41.703,0 days 03:51:00,0 days 03:51:00,231.0
6F239,IndiGo,CCU,BOM,2026-04-17 15:24:41.704,2026-04-17 17:37:41.704,0 days 02:13:00,0 days 02:13:00,133.0
UK199,Vistara,BOM,CCU,2026-04-17 15:24:41.703,2026-04-17 18:55:41.703,0 days 03:31:00,0 days 03:31:00,211.0
6F218,IndiGo,BLR,BOM,2026-04-17 15:16:41.704,2026-04-17 19:03:41.704,0 days 03:47:00,0 days 03:47:00,227.0
6F011,IndiGo,MAA,BLR,2026-04-17 15:16:41.701,2026-04-17 17:16:42.000,0 days 02:00:00.299000,0 days 02:00:00.299000,120.00498333333333
UK106,Vistara,BOM,CCU,2026-04-17 15:12:41.702,2026-04-17 17:23:41.702,0 days 02:11:00,0 days 02:11:00,131.0
UK030,Vistara,CCU,DEL,2026-04-17 15:11:41.701,2026-04-17 19:38:41.701,0 days 04:27:00,0 days 04:27:00,267.0
6F090,IndiGo,HYD,BLR,2026-04-17 15:10:41.702,2026-04-17 19:22:41.702,0 days 04:12:00,0 days 04:12:00,252.0
AI184,Air India,BOM,CCU,2026-04-17 15:03:41.703,2026-04-17 17:03:42.000,0 days 02:00:00.297000,0 days 02:00:00.297000,120.00495
SJ232,SpiceJet,MAA,BLR,2026-04-17 15:02:41.704,2026-04-17 19:22:41.704,0 days 04:20:00,0 days 04:20:00,260.0
AI153,Air India,BOM,CCU,2026-04-17 15:02:41.703,2026-04-17 16:30:41.703,0 days 01:28:00,0 days 01:28:00,88.0
UK101,Vistara,DEL,HYD,2026-04-17 15:00:41.702,2026-04-17 17:43:41.702,0 days 02:43:00,0 days 02:43:00,163.0
6F200,IndiGo,HYD,DEL,2026-04-17 14:54:41.703,2026-04-17 19:41:41.703,0 days 04:47:00,0 days 04:47:00,287.0
6F162,IndiGo,CCU,BOM,2026-04-17 14:50:41.703,2026-04-17 17:44:41.703,0 days 02:54:00,0 days 02:54:00,174.0
SJ197,SpiceJet,HYD,BLR,2026-04-17 14:49:41.703,2026-04-17 17:33:41.703,0 days 02:44:00,0 days 02:44:00,164.0
AI174,Air India,DEL,CCU,2026-04-17 14:45:41.703,2026-04-17 17:01:41.703,0 days 02:16:00,0 days 02:16:00,136.0
UK090,Vistara,HYD,MAA,2026-04-17 14:44:41.702,2026-04-17 17:24:41.702,0 days 02:40:00,0 days 02:40:00,160.0
UK124,Vistara,MAA,BLR,2026-04-17 14:35:41.702,2026-04-17 17:09:41.702,0 days 02:34:00,0 days 02:34:00,154.0
AI239,Air India,BOM,HYD,2026-04-17 14:33:41.704,2026-04-17 17:47:41.704,0 days 03:14:00,0 days 03:14:00,194.0
UK002,Vistara,CCU,MAA,2026-04-17 14:28:41.700,2026-04-17 19:20:41.700,0 days 04:52:00,0 days 04:52:00,292.0
SJ055,SpiceJet,HYD,MAA,2026-04-17 14:17:41.701,2026-04-17 17:56:41.701,0 days 03:39:00,0 days 03:39:00,219.0
UK132,Vistara,BOM,DEL,2026-04-17 14:12:41.702,2026-04-17 16:19:41.702,0 days 02:07:00,0 days 02:07:00,127.0
6F002,IndiGo,BLR,MAA,2026-04-17 14:11:41.700,2026-04-17 17:34:41.700,0 days 03:23:00,0 days 03:23:00,203.0
UK005,Vistara,BOM,MAA,2026-04-17 14:02:41.701,2026-04-17 18:14:41.701,0 days 04:12:00,0 days 04:12:00,252.0
6F258,UNKNOWN,BOM,DEL,2026-04-17 13:54:41.703,2026-04-17 16:49:41.703,0 days 02:55:00,0 days 02:55:00,175.0
SJ244,SpiceJet,BLR,DEL,2026-04-17 13:51:41.704,2026-04-17 15:39:41.704,0 days 01:48:00,0 days 01:48:00,108.0
AI075,Air India,CCU,DEL,2026-04-17 13:51:41.702,2026-04-17 16:49:41.702,0 days 02:58:00,0 days 02:58:00,178.0
AI160,Air India,MAA,DEL,2026-04-17 13:41:41.703,2026-04-17 17:01:41.703,0 days 03:20:00,0 days 03:20:00,200.0
UK091,Vistara,CCU,BOM,2026-04-17 13:37:41.702,2026-04-17 17:31:41.702,0 days 03:54:00,0 days 03:54:00,234.0
UK195,Vistara,HYD,BOM,2026-04-17 13:35:41.703,2026-04-17 16:35:41.703,0 days 03:00:00,0 days 03:00:00,180.0
6F044,IndiGo,DEL,HYD,2026-04-17 13:25:41.701,2026-04-17 17:36:41.701,0 days 04:11:00,0 days 04:11:00,251.0
6F248,IndiGo,DEL,HYD,2026-04-17 13:25:41.701,2026-04-17 17:36:41.701,0 days 04:11:00,0 days 04:11:00,251.0
6F204,IndiGo,DEL,CCU,2026-04-17 13:23:41.703,2026-04-17 16:04:41.703,0 days 02:41:00,0 days 02:41:00,161.0
SJ092,SpiceJet,BLR,MAA,2026-04-17 13:19:41.702,2026-04-17 17:56:41.702,0 days 04:37:00,0 days 04:37:00,277.0
AI119,Air India,MAA,BLR,2026-04-17 13:15:41.702,2026-04-17 15:57:41.702,0 days 02:42:00,0 days 02:42:00,162.0
AI151,Air India,MAA,HYD,2026-04-17 13:14:41.703,2026-04-17 14:10:41.703,0 days 00:56:00,0 days 00:56:00,56.0
UK107,Vistara,HYD,BOM,2026-04-17 13:09:41.702,2026-04-17 14:25:41.702,0 days 01:16:00,0 days 01:16:00,76.0
SJ019,SpiceJet,BLR,DEL,2026-04-17 13:07:41.701,2026-04-17 15:56:41.701,0 days 02:49:00,0 days 02:49:00,169.0
AI052,Air India,CCU,MAA,2026-04-17 13:06:41.701,2026-04-17 15:42:41.701,0 days 02:36:00,0 days 02:36:00,156.0
SJ177,SpiceJet,BOM,CCU,2026-04-17 13:04:41.703,2026-04-17 17:37:41.703,0 days 04:33:00,0 days 04:33:00,273.0
6F215,IndiGo,DEL,BLR,2026-04-17 13:00:41.703,2026-04-17 17:30:41.703,0 days 04:30:00,0 days 04:30:00,270.0
AI223,Air India,BOM,CCU,2026-04-17 12:53:41.703,2026-04-17 14:42:41.703,0 days 01:49:00,0 days 01:49:00,109.0
SJ069,SpiceJet,HYD,BLR,2026-04-17 12:53:41.701,2026-04-17 14:17:41.701,0 days 01:24:00,0 days 01:24:00,84.0
6F198,IndiGo,HYD,BLR,2026-04-17 12:40:41.703,2026-04-17 17:39:41.703,0 days 04:59:00,0 days 04:59:00,299.0
AI093,Air India,BOM,BLR,2026-04-17 12:35:41.702,2026-04-17 17:28:41.702,0 days 04:53:00,0 days 04:53:00,293.0
UK062,Vistara,HYD,DEL,2026-04-17 12:33:41.701,2026-04-17 15:35:41.701,0 days 03:02:00,0 days 03:02:00,182.0
6F057,IndiGo,MAA,DEL,2026-04-17 12:32:41.701,2026-04-17 15:50:41.701,0 days 03:18:00,0 days 03:18:00,198.0
UK064,Vistara,BOM,DEL,2026-04-17 12:25:41.701,2026-04-17 14:55:41.701,0 days 02:30:00,0 days 02:30:00,150.0
